<?xml version="1.0" encoding="utf-8"?>
<COLLADA xmlns="http://www.collada.org/2005/11/COLLADASchema" version="1.4.1">
  <asset>
    <contributor>
      <author/>
      <authoring_tool>FBX COLLADA exporter</authoring_tool>
      <comments/>
    </contributor>
    <created>2025-07-16T16:05:20Z</created>
    <keywords/>
    <modified>2025-07-16T16:05:20Z</modified>
    <revision/>
    <subject/>
    <title/>
    <unit meter="0.010000" name="centimeter"/>
    <up_axis>Y_UP</up_axis>
  </asset>
  <library_images>
    <image id="MapFBXASC032FBXASC0354-image" name="MapFBXASC032FBXASC0354">
      <init_from>../materials/textures/torpedo_map.png</init_from>
    </image>
  </library_images>
  <library_materials>
    <material id="torpedo_pvc" name="torpedo_pvc">
      <instance_effect url="#torpedo_pvc-fx"/>
    </material>
    <material id="MaterialFBXASC032FBXASC03564" name="MaterialFBXASC032FBXASC03564">
      <instance_effect url="#MaterialFBXASC032FBXASC03564-fx"/>
    </material>
  </library_materials>
  <library_effects>
    <effect id="torpedo_pvc-fx" name="torpedo_pvc">
      <profile_COMMON>
        <technique sid="standard">
          <phong>
            <emission>
              <color sid="emission">0.000000  0.000000 0.000000 1.000000</color>
            </emission>
            <ambient>
              <color sid="ambient">0.523443  0.523443 0.523443 1.000000</color>
            </ambient>
            <diffuse>
              <color sid="diffuse">0.523443  0.523443 0.523443 1.000000</color>
            </diffuse>
            <specular>
              <color sid="specular">2.000000  2.000000 2.000000 1.000000</color>
            </specular>
            <shininess>
              <float sid="shininess">1024.000000</float>
            </shininess>
            <transparency>
              <float sid="transparency">0.000000</float>
            </transparency>
          </phong>
        </technique>
      </profile_COMMON>
    </effect>
    <effect id="MaterialFBXASC032FBXASC03564-fx" name="MaterialFBXASC032FBXASC03564">
      <profile_COMMON>
        <technique sid="standard">
          <phong>
            <emission>
              <color sid="emission">0.000000  0.000000 0.000000 1.000000</color>
            </emission>
            <ambient>
              <color sid="ambient">0.500000  0.500000 0.500000 1.000000</color>
            </ambient>
            <diffuse>
              <texture texture="MapFBXASC032FBXASC0354-image" texcoord="CHANNEL0">
                <extra>
                  <technique profile="MAYA">
                    <wrapU sid="wrapU0">TRUE</wrapU>
                    <wrapV sid="wrapV0">TRUE</wrapV>
                    <blend_mode>ADD</blend_mode>
                  </technique>
                </extra>
              </texture>
            </diffuse>
            <specular>
              <color sid="specular">2.000000  2.000000 2.000000 1.000000</color>
            </specular>
            <shininess>
              <float sid="shininess">1024.000000</float>
            </shininess>
            <transparency>
              <float sid="transparency">0.000000</float>
            </transparency>
          </phong>
        </technique>
      </profile_COMMON>
    </effect>
  </library_effects>
  <library_geometries>
    <geometry id="torpedo_frame-lib" name="torpedo_frameMesh">
      <mesh>
        <source id="torpedo_frame-POSITION">
          <float_array id="torpedo_frame-POSITION-array" count="6018">
1.270000 0.000000 -31.115000
1.236425 0.291000 -31.115000
1.140805 0.558237 -31.115000
0.990796 0.794054 -31.115000
0.794054 0.990796 -31.115000
0.558237 1.140805 -31.115000
0.291000 1.236425 -31.115000
-0.000000 1.270000 -31.115000
-0.291000 1.236425 -31.115000
-0.558237 1.140805 -31.115000
-0.794054 0.990796 -31.115000
-0.990796 0.794054 -31.115000
-1.140805 0.558237 -31.115000
-1.236425 0.291000 -31.115000
-1.270000 -0.000000 -31.115000
-1.236425 -0.291000 -31.115000
-1.140805 -0.558237 -31.115000
-0.990796 -0.794054 -31.115000
-0.794054 -0.990796 -31.115000
-0.558237 -1.140805 -31.115000
-0.291000 -1.236425 -31.115000
0.000000 -1.270000 -31.115000
0.291000 -1.236425 -31.115000
0.558237 -1.140805 -31.115000
0.794054 -0.990796 -31.115000
0.990796 -0.794054 -31.115000
1.140805 -0.558237 -31.115000
1.236425 -0.291000 -31.115000
1.270000 0.000000 31.115000
1.236425 0.291000 31.115000
1.140805 0.558237 31.115000
0.990796 0.794054 31.115000
0.794054 0.990796 31.115000
0.558237 1.140805 31.115000
0.291000 1.236425 31.115000
-0.000000 1.270000 31.115000
-0.291000 1.236425 31.115000
-0.558237 1.140805 31.115000
-0.794054 0.990796 31.115000
-0.990796 0.794054 31.115000
-1.140805 0.558237 31.115000
-1.236425 0.291000 31.115000
-1.270000 -0.000000 31.115000
-1.236425 -0.291000 31.115000
-1.140805 -0.558237 31.115000
-0.990796 -0.794054 31.115000
-0.794054 -0.990796 31.115000
-0.558237 -1.140805 31.115000
-0.291000 -1.236425 31.115000
0.000000 -1.270000 31.115000
0.291000 -1.236425 31.115000
0.558237 -1.140805 31.115000
0.794054 -0.990796 31.115000
0.990796 -0.794054 31.115000
1.140805 -0.558237 31.115000
1.236425 -0.291000 31.115000
1.500000 -2.950004 -31.699984
1.313308 -3.100004 -32.009374
1.460345 -0.000004 -32.043685
1.500000 -0.150004 -31.699984
1.460345 -0.343707 -31.206283
1.460345 -2.950004 -31.356283
-0.309391 -3.100004 -30.386675
-0.659335 -2.950004 -30.352576
-0.937859 -2.950004 -30.529752
-1.170231 -2.950004 -30.762124
-1.347407 -2.950004 -31.040648
-1.460345 -2.950004 -31.356283
-1.500000 -2.950004 -31.699983
-1.460345 -2.950004 -32.043684
-1.347407 -2.950004 -32.359318
-1.170231 -2.950004 -32.637843
-0.937859 -2.950004 -32.870215
-0.659335 -2.950004 -33.047391
-0.343701 -2.950004 -33.160328
-0.000000 -2.950004 -33.199984
0.343701 -2.950004 -33.160328
0.659335 -2.950004 -33.047391
0.937859 -2.950004 -32.870215
1.170231 -2.950004 -32.637843
1.211833 -3.100004 -32.292976
1.347407 -2.950004 -31.040649
1.170231 -2.950004 -30.762124
0.937859 -2.950004 -30.529752
0.659335 -2.950004 -30.352576
0.343701 -2.950004 -30.239639
0.000000 -3.100004 -30.350979
1.347407 -0.000004 -32.359319
1.460345 2.949996 -32.043685
1.500000 2.949996 -31.699985
1.347407 -0.659341 -30.890649
-0.343701 -1.610351 -30.239639
0.000000 -1.650006 -30.199984
-0.659335 -1.497414 -30.352576
-0.937859 -1.320238 -30.529752
-1.170231 -1.087866 -30.762124
-1.347407 -0.809341 -31.040649
-1.460345 -0.493707 -31.356283
-1.500000 -0.150007 -31.699984
-1.460345 -0.000004 -32.043685
-1.347407 -0.000004 -32.359319
-1.170231 -0.000005 -32.637843
-0.937859 -0.000005 -32.870215
-0.659335 -0.000005 -33.047392
-0.343701 -0.000005 -33.160329
-0.000000 -0.000005 -33.199984
0.343701 -0.000005 -33.160329
0.659335 -0.000005 -33.047392
0.937859 -0.000005 -32.870216
1.170231 -0.000005 -32.637843
1.170231 -1.087866 -30.762124
0.937859 -1.320237 -30.529753
0.659335 -1.497414 -30.352576
0.343701 -1.610351 -30.239639
1.347407 2.949996 -32.359320
1.313308 3.099996 -31.390594
1.460345 0.493695 -31.356283
-0.309391 3.099996 -30.386676
0.000000 2.949996 -30.199985
0.343701 2.949996 -30.239640
0.659335 2.949996 -30.352577
0.937859 2.949996 -30.529753
1.170231 2.949996 -30.762125
1.211833 3.099996 -31.106993
1.170231 2.949996 -32.637844
0.937859 2.949996 -32.870216
0.659335 2.949996 -33.047392
0.343701 2.949996 -33.160329
-0.000000 2.949995 -33.199985
-0.343701 2.949996 -33.160329
-0.659335 2.949996 -33.047392
-0.937859 2.949996 -32.870216
-1.170231 2.949996 -32.637844
-1.347407 2.949996 -32.359319
-1.460345 2.949996 -32.043685
-1.500000 2.949996 -31.699984
-1.460345 2.949996 -31.356284
-1.347407 2.949996 -31.040649
-1.170231 2.949996 -30.762125
-0.937859 2.949996 -30.529753
-0.592992 3.099996 -30.488152
1.347407 0.809329 -31.040649
-0.343701 1.610339 -30.239640
-0.659335 1.497401 -30.352577
-0.000000 1.649994 -30.199984
0.343701 1.610338 -30.239640
0.659335 1.497401 -30.352577
0.937859 1.320225 -30.529753
1.170231 1.087853 -30.762125
-1.460345 0.343694 -31.206283
-1.347407 0.809329 -31.040649
-1.170231 1.087853 -30.762125
-0.937859 1.320225 -30.529753
-0.343701 -1.460351 -28.749983
0.000000 -1.500006 -28.749983
0.343701 -1.460351 -28.749983
0.659335 -1.347414 -28.749983
0.937859 -1.170237 -28.749983
1.170231 -0.937866 -28.749983
1.347407 -0.659341 -28.749983
1.460345 -0.343707 -28.749983
1.500000 -0.000006 -28.749983
1.460345 0.343695 -28.749983
1.347407 0.659329 -28.749983
1.170231 0.937853 -28.749983
0.937859 1.170225 -28.749983
0.659335 1.347401 -28.749983
0.343701 1.460338 -28.749983
-0.000000 1.499994 -28.749983
-0.343701 1.460339 -28.749983
-0.659335 1.347401 -28.749983
-0.937859 1.170225 -28.749983
-1.170231 0.937853 -28.749983
-1.347407 0.659328 -28.749983
-1.460345 0.343694 -28.749983
-1.500000 -0.000006 -28.749983
-1.460345 -0.343707 -28.749983
-1.347407 -0.659341 -28.749983
-1.170231 -0.937866 -28.749983
-0.937859 -1.170238 -28.749983
-0.659335 -1.347414 -28.749983
1.349005 -3.100004 -31.699984
1.460345 -2.950004 -32.043684
1.482807 -0.000004 -31.848996
1.500000 0.149996 -31.699984
1.500000 -0.000004 -31.549984
1.460345 -0.493707 -31.356283
1.313308 -3.100004 -31.390593
-0.343701 -2.950004 -30.239639
-0.592992 -3.100004 -30.488151
-0.843446 -3.100004 -30.647470
-1.052513 -3.100004 -30.856538
-1.211833 -3.100004 -31.106991
-1.313308 -3.100004 -31.390593
-1.349005 -3.100004 -31.699983
-1.313308 -3.100004 -32.009374
-1.211833 -3.100004 -32.292976
-1.052513 -3.100004 -32.543429
-0.843446 -3.100004 -32.752497
-0.592992 -3.100004 -32.911816
-0.309391 -3.100004 -33.013292
-0.000000 -3.100004 -33.048988
0.309391 -3.100004 -33.013292
0.592992 -3.100004 -32.911816
0.843446 -3.100004 -32.752497
1.052513 -3.100004 -32.543429
1.347407 -2.950004 -32.359319
1.211833 -3.100004 -31.106992
1.052513 -3.100004 -30.856538
0.843446 -3.100004 -30.647471
0.592992 -3.100004 -30.488151
0.309391 -3.100004 -30.386675
0.000000 -2.950004 -30.199984
1.313308 3.099996 -32.009375
1.349005 3.099996 -31.699985
1.347407 -0.809341 -31.040649
-0.343701 -1.460351 -30.089639
0.000000 -1.500006 -30.049984
-0.659335 -1.347414 -30.202576
-0.937859 -1.170238 -30.379753
-1.170231 -0.937866 -30.612124
-1.347407 -0.659341 -30.890649
-1.460345 -0.343707 -31.206283
-1.500000 -0.000006 -31.549984
-1.500000 0.149994 -31.699984
-1.482807 -0.000005 -31.848996
1.170231 -0.937866 -30.612125
0.937859 -1.170237 -30.379753
0.659335 -1.347414 -30.202576
0.343701 -1.460351 -30.089639
1.211833 3.099996 -32.292977
1.460345 2.949996 -31.356284
1.460345 0.343695 -31.206283
-0.343701 2.949996 -30.239640
0.000000 3.099996 -30.350980
0.309391 3.099996 -30.386676
0.592992 3.099996 -30.488152
0.843446 3.099996 -30.647472
1.052513 3.099996 -30.856539
1.347407 2.949996 -31.040650
1.052513 3.099996 -32.543430
0.843446 3.099996 -32.752498
0.592992 3.099996 -32.911817
0.309391 3.099996 -33.013293
-0.000000 3.099996 -33.048989
-0.309391 3.099996 -33.013293
-0.592992 3.099996 -32.911817
-0.843446 3.099996 -32.752498
-1.052513 3.099996 -32.543430
-1.211833 3.099996 -32.292977
-1.313308 3.099996 -32.009375
-1.349005 3.099996 -31.699984
-1.313308 3.099996 -31.390594
-1.211833 3.099996 -31.106992
-1.052513 3.099996 -30.856539
-0.843446 3.099996 -30.647471
-0.659335 2.949996 -30.352577
1.347407 0.659329 -30.890649
-0.343701 1.460339 -30.089640
-0.659335 1.347402 -30.202577
-0.000000 1.499994 -30.049984
0.343701 1.460339 -30.089640
0.659335 1.347401 -30.202577
0.937859 1.170225 -30.379753
1.170231 0.937853 -30.612125
-1.460345 0.493695 -31.356283
-1.347407 0.659329 -30.890649
-1.170231 0.937853 -30.612125
-0.937859 1.170225 -30.379753
-0.309391 -1.313314 -28.599983
0.000000 -1.349011 -28.599983
0.309391 -1.313314 -28.599983
0.592992 -1.211839 -28.599983
0.843446 -1.052519 -28.599983
1.052513 -0.843452 -28.599983
1.211833 -0.592998 -28.599983
1.313308 -0.309397 -28.599983
1.349005 -0.000006 -28.599983
1.313308 0.309385 -28.599983
1.211833 0.592986 -28.599983
1.052513 0.843440 -28.599983
0.843446 1.052507 -28.599983
0.592992 1.211826 -28.599983
0.309390 1.313302 -28.599983
-0.000000 1.348999 -28.599983
-0.309391 1.313302 -28.599983
-0.592992 1.211826 -28.599983
-0.843446 1.052507 -28.599983
-1.052513 0.843440 -28.599983
-1.211833 0.592986 -28.599983
-1.313308 0.309384 -28.599983
-1.349005 -0.000006 -28.599983
-1.313308 -0.309397 -28.599983
-1.211833 -0.592999 -28.599983
-1.052513 -0.843452 -28.599983
-0.843446 -1.052519 -28.599983
-0.592992 -1.211839 -28.599983
1.500000 2.950002 31.700014
1.313308 3.100002 32.009405
1.460345 0.000002 32.043711
1.500000 0.150002 31.700010
1.460345 0.343706 31.206308
1.460345 2.950003 31.356314
-0.309391 3.100004 30.386705
-0.659335 2.950004 30.352606
-0.937859 2.950004 30.529783
-1.170231 2.950004 30.762156
-1.347407 2.950003 31.040678
-1.460345 2.950003 31.356314
-1.500000 2.950002 31.700014
-1.460345 2.950002 32.043715
-1.347407 2.950001 32.359350
-1.170231 2.950001 32.637873
-0.937859 2.950001 32.870245
-0.659335 2.950001 33.047422
-0.343701 2.950000 33.160360
-0.000000 2.950000 33.200010
0.343701 2.950000 33.160360
0.659335 2.950001 33.047422
0.937859 2.950001 32.870245
1.170231 2.950001 32.637873
1.211833 3.100002 32.293005
1.347407 2.950003 31.040678
1.170231 2.950004 30.762156
0.937859 2.950004 30.529783
0.659335 2.950004 30.352606
0.343701 2.950004 30.239668
0.000000 3.100004 30.351007
1.347407 0.000001 32.359346
1.460345 -2.949998 32.043707
1.500000 -2.949997 31.700006
1.347407 0.659340 30.890676
-0.343701 1.610351 30.239668
0.000000 1.650007 30.200010
-0.659335 1.497414 30.352606
-0.937859 1.320238 30.529779
-1.170231 1.087865 30.762152
-1.347407 0.809340 31.040674
-1.460345 0.493706 31.356310
-1.500000 0.150005 31.700010
-1.460345 0.000002 32.043711
-1.347407 0.000001 32.359346
-1.170231 0.000001 32.637869
-0.937859 0.000001 32.870241
-0.659335 0.000000 33.047415
-0.343701 0.000000 33.160353
-0.000000 0.000000 33.200010
0.343701 0.000000 33.160353
0.659335 0.000000 33.047415
0.937859 0.000001 32.870241
1.170231 0.000001 32.637869
1.170231 1.087865 30.762152
0.937859 1.320237 30.529779
0.659335 1.497414 30.352606
0.343701 1.610351 30.239668
1.347407 -2.949998 32.359343
1.313308 -3.099997 31.390615
1.460345 -0.493696 31.356310
-0.309391 -3.099996 30.386698
0.000000 -2.949996 30.200006
0.343701 -2.949996 30.239660
0.659335 -2.949996 30.352598
0.937859 -2.949996 30.529776
1.170231 -2.949996 30.762148
1.211833 -3.099997 31.107012
1.170231 -2.949999 32.637865
0.937859 -2.949999 32.870237
0.659335 -2.949999 33.047415
0.343701 -2.949999 33.160353
-0.000000 -2.949999 33.200003
-0.343701 -2.949999 33.160353
-0.659335 -2.949999 33.047415
-0.937859 -2.949999 32.870237
-1.170231 -2.949999 32.637865
-1.347407 -2.949998 32.359343
-1.460345 -2.949998 32.043707
-1.500000 -2.949997 31.700006
-1.460345 -2.949997 31.356306
-1.347407 -2.949996 31.040670
-1.170231 -2.949996 30.762148
-0.937859 -2.949996 30.529776
-0.592992 -3.099996 30.488173
1.347407 -0.809330 31.040674
-0.343701 -1.610339 30.239664
-0.659335 -1.497401 30.352602
-0.000000 -1.649994 30.200006
0.343701 -1.610338 30.239664
0.659335 -1.497401 30.352602
0.937859 -1.320226 30.529776
1.170231 -1.087853 30.762148
-1.460345 -0.343696 31.206308
-1.347407 -0.809330 31.040674
-1.170231 -1.087854 30.762148
-0.937859 -1.320226 30.529776
-0.343701 1.460353 28.750010
0.000000 1.500009 28.750010
0.343701 1.460353 28.750010
0.659335 1.347416 28.750010
0.937859 1.170240 28.750010
1.170231 0.937868 28.750010
1.347407 0.659344 28.750010
1.460345 0.343710 28.750010
1.500000 0.000009 28.750010
1.460345 -0.343692 28.750010
1.347407 -0.659326 28.750010
1.170231 -0.937851 28.750006
0.937859 -1.170223 28.750006
0.659335 -1.347399 28.750006
0.343701 -1.460336 28.750006
-0.000000 -1.499991 28.750006
-0.343701 -1.460336 28.750006
-0.659335 -1.347399 28.750006
-0.937859 -1.170223 28.750006
-1.170231 -0.937851 28.750006
-1.347407 -0.659326 28.750010
-1.460345 -0.343692 28.750010
-1.500000 0.000009 28.750010
-1.460345 0.343710 28.750010
-1.347407 0.659344 28.750010
-1.170231 0.937868 28.750010
-0.937859 1.170240 28.750010
-0.659335 1.347416 28.750010
1.349005 3.100002 31.700014
1.460345 2.950002 32.043715
1.482807 0.000002 31.849020
1.500000 -0.149998 31.700010
1.500000 0.000003 31.550009
1.460345 0.493706 31.356310
1.313308 3.100003 31.390623
-0.343701 2.950004 30.239668
-0.592992 3.100004 30.488180
-0.843446 3.100004 30.647501
-1.052513 3.100003 30.856569
-1.211833 3.100003 31.107023
-1.313308 3.100003 31.390623
-1.349005 3.100002 31.700014
-1.313308 3.100002 32.009405
-1.211833 3.100002 32.293005
-1.052513 3.100001 32.543459
-0.843446 3.100001 32.752527
-0.592992 3.100001 32.911848
-0.309391 3.100001 33.013319
-0.000000 3.100000 33.049017
0.309391 3.100001 33.013319
0.592992 3.100001 32.911848
0.843446 3.100001 32.752527
1.052513 3.100001 32.543459
1.347407 2.950001 32.359350
1.211833 3.100003 31.107023
1.052513 3.100003 30.856569
0.843446 3.100004 30.647501
0.592992 3.100004 30.488180
0.309391 3.100004 30.386705
0.000000 2.950004 30.200014
1.313308 -3.099998 32.009398
1.349005 -3.099998 31.700006
1.347407 0.809340 31.040678
-0.343701 1.460351 30.089666
0.000000 1.500007 30.050013
-0.659335 1.347414 30.202604
-0.937859 1.170238 30.379782
-1.170231 0.937865 30.612150
-1.347407 0.659341 30.890676
-1.460345 0.343706 31.206308
-1.500000 0.000005 31.550009
-1.500000 -0.149996 31.700010
-1.482807 0.000003 31.849020
1.170231 0.937865 30.612150
0.937859 1.170238 30.379782
0.659335 1.347414 30.202604
0.343701 1.460351 30.089666
1.211833 -3.099998 32.292997
1.460345 -2.949997 31.356306
1.460345 -0.343696 31.206308
-0.343701 -2.949996 30.239660
0.000000 -3.099996 30.351000
0.309391 -3.099996 30.386698
0.592992 -3.099996 30.488173
0.843446 -3.099996 30.647493
1.052513 -3.099997 30.856562
1.347407 -2.949996 31.040670
1.052513 -3.099998 32.543451
0.843446 -3.099999 32.752520
0.592992 -3.099999 32.911840
0.309391 -3.099999 33.013311
-0.000000 -3.099999 33.049009
-0.309391 -3.099999 33.013311
-0.592992 -3.099999 32.911840
-0.843446 -3.099999 32.752520
-1.052513 -3.099998 32.543451
-1.211833 -3.099998 32.292997
-1.313308 -3.099998 32.009398
-1.349005 -3.099998 31.700006
-1.313308 -3.099997 31.390615
-1.211833 -3.099997 31.107012
-1.052513 -3.099997 30.856562
-0.843446 -3.099996 30.647493
-0.659335 -2.949996 30.352598
1.347407 -0.659330 30.890673
-0.343701 -1.460338 30.089663
-0.659335 -1.347401 30.202600
-0.000000 -1.499993 30.050009
0.343701 -1.460338 30.089663
0.659335 -1.347401 30.202600
0.937859 -1.170225 30.379778
1.170231 -0.937853 30.612150
-1.460345 -0.493696 31.356310
-1.347407 -0.659329 30.890673
-1.170231 -0.937854 30.612150
-0.937859 -1.170225 30.379778
-0.309391 1.313317 28.600012
0.000000 1.349014 28.600012
0.309391 1.313317 28.600012
0.592992 1.211842 28.600012
0.843446 1.052522 28.600012
1.052513 0.843455 28.600008
1.211833 0.593001 28.600008
1.313308 0.309400 28.600008
1.349005 0.000009 28.600008
1.313308 -0.309382 28.600008
1.211833 -0.592983 28.600008
1.052513 -0.843437 28.600008
0.843446 -1.052504 28.600008
0.592992 -1.211823 28.600008
0.309390 -1.313299 28.600008
-0.000000 -1.348996 28.600008
-0.309391 -1.313299 28.600008
-0.592992 -1.211823 28.600008
-0.843446 -1.052504 28.600008
-1.052513 -0.843437 28.600008
-1.211833 -0.592983 28.600008
-1.313308 -0.309381 28.600008
-1.349005 0.000009 28.600008
-1.313308 0.309400 28.600008
-1.211833 0.593001 28.600008
-1.052513 0.843455 28.600008
-0.843446 1.052522 28.600012
-0.592992 1.211841 28.600012
1.270000 0.585007 31.700014
1.236425 0.585007 31.409014
1.140805 0.585007 31.141779
0.990796 0.585007 30.905958
0.794054 0.585007 30.709219
0.558237 0.585007 30.559210
0.291000 0.585007 30.463591
-0.000000 0.585007 30.430014
-0.291000 0.585007 30.463591
-0.558237 0.585007 30.559210
-0.794054 0.585007 30.709219
-0.990796 0.585007 30.905958
-1.140805 0.585007 31.141779
-1.236425 0.585007 31.409014
-1.270000 0.585007 31.700014
-1.236425 0.585007 31.991014
-1.140805 0.585007 32.258253
-0.990796 0.585007 32.494070
-0.794054 0.585007 32.690809
-0.558237 0.585007 32.840818
-0.291000 0.585007 32.936438
0.000000 0.585007 32.970015
0.291000 0.585007 32.936438
0.558237 0.585007 32.840818
0.794054 0.585007 32.690809
0.990796 0.585007 32.494070
1.140805 0.585007 32.258249
1.236425 0.585007 31.991014
1.270000 62.815006 31.700003
1.236425 62.815006 31.409002
1.140805 62.815006 31.141768
0.990796 62.815006 30.905951
0.794054 62.815006 30.709208
0.558237 62.815006 30.559198
0.291000 62.815006 30.463579
-0.000000 62.815006 30.430002
-0.291000 62.815006 30.463579
-0.558237 62.815006 30.559198
-0.794054 62.815006 30.709208
-0.990796 62.815006 30.905951
-1.140805 62.815006 31.141768
-1.236425 62.815006 31.409002
-1.270000 62.815006 31.700003
-1.236425 62.815006 31.991003
-1.140805 62.815006 32.258242
-0.990796 62.815006 32.494059
-0.794054 62.815006 32.690802
-0.558237 62.815006 32.840811
-0.291000 62.815006 32.936430
0.000000 62.815006 32.970007
0.291000 62.815006 32.936430
0.558237 62.815006 32.840811
0.794054 62.815006 32.690802
0.990796 62.815006 32.494059
1.140805 62.815006 32.258242
1.236425 62.815006 31.991003
1.270000 0.584999 -31.699984
1.236425 0.584999 -31.990984
1.140805 0.584999 -32.258221
0.990796 0.584999 -32.494038
0.794054 0.584999 -32.690780
0.558237 0.584999 -32.840788
0.291000 0.584999 -32.936409
-0.000000 0.584999 -32.969984
-0.291000 0.584999 -32.936409
-0.558237 0.584999 -32.840789
-0.794054 0.584999 -32.690779
-0.990796 0.584999 -32.494038
-1.140805 0.584999 -32.258220
-1.236425 0.584999 -31.990983
-1.270000 0.584999 -31.699983
-1.236425 0.584999 -31.408983
-1.140805 0.584999 -31.141747
-0.990796 0.584999 -30.905929
-0.794054 0.584999 -30.709188
-0.558237 0.584999 -30.559179
-0.291000 0.584999 -30.463558
0.000000 0.584999 -30.429984
0.291000 0.584999 -30.463558
0.558237 0.584999 -30.559178
0.794054 0.584999 -30.709188
0.990796 0.584999 -30.905929
1.140805 0.584999 -31.141747
1.236425 0.584999 -31.408984
1.270000 62.814999 -31.699994
1.236425 62.814999 -31.990994
1.140805 62.814999 -32.258231
0.990796 62.814999 -32.494048
0.794054 62.814999 -32.690790
0.558237 62.814999 -32.840799
0.291000 62.814999 -32.936419
-0.000000 62.814999 -32.969994
-0.291000 62.814999 -32.936419
-0.558237 62.814999 -32.840799
-0.794054 62.814999 -32.690789
-0.990796 62.814999 -32.494048
-1.140805 62.814999 -32.258230
-1.236425 62.814999 -31.990994
-1.270000 62.814999 -31.699994
-1.236425 62.814999 -31.408994
-1.140805 62.814999 -31.141757
-0.990796 62.814999 -30.905939
-0.794054 62.814999 -30.709198
-0.558237 62.814999 -30.559189
-0.291000 62.814999 -30.463569
0.000000 62.814999 -30.429994
0.291000 62.814999 -30.463569
0.558237 62.814999 -30.559189
0.794054 62.814999 -30.709198
0.990796 62.814999 -30.905939
1.140805 62.814999 -31.141757
1.236425 62.814999 -31.408994
1.500000 63.400005 -34.649997
1.313308 63.709396 -34.799997
1.460345 63.743706 -31.699997
1.500000 63.400005 -31.849998
1.460345 62.906303 -32.043700
1.460345 63.056305 -34.649997
-0.309391 62.086697 -34.799997
-0.659335 62.052597 -34.649997
-0.937859 62.229774 -34.649997
-1.170231 62.462147 -34.649997
-1.347407 62.740669 -34.649997
-1.460345 63.056305 -34.649997
-1.500000 63.400005 -34.649997
-1.460345 63.743706 -34.649997
-1.347407 64.059341 -34.649997
-1.170231 64.337868 -34.649997
-0.937859 64.570236 -34.649997
-0.659335 64.747414 -34.649997
-0.343701 64.860352 -34.649997
-0.000000 64.900009 -34.649997
0.343701 64.860352 -34.649997
0.659335 64.747414 -34.649997
0.937859 64.570236 -34.649997
1.170231 64.337868 -34.649997
1.211833 63.992996 -34.799997
1.347407 62.740669 -34.649997
1.170231 62.462147 -34.649997
0.937859 62.229774 -34.649997
0.659335 62.052597 -34.649997
0.343701 61.939659 -34.649997
0.000000 62.050999 -34.799997
1.347407 64.059341 -31.699997
1.460345 63.743706 -28.749998
1.500000 63.400005 -28.749998
1.347407 62.590672 -32.359334
-0.343701 61.939659 -33.310344
0.000000 61.900005 -33.349999
-0.659335 62.052597 -33.197407
-0.937859 62.229774 -33.020231
-1.170231 62.462147 -32.787859
-1.347407 62.740669 -32.509335
-1.460345 63.056305 -32.193700
-1.500000 63.400005 -31.850000
-1.460345 63.743706 -31.699997
-1.347407 64.059341 -31.699997
-1.170231 64.337868 -31.699997
-0.937859 64.570236 -31.699997
-0.659335 64.747414 -31.699997
-0.343701 64.860352 -31.699997
-0.000000 64.900009 -31.699997
0.343701 64.860352 -31.699997
0.659335 64.747414 -31.699997
0.937859 64.570236 -31.699997
1.170231 64.337868 -31.699997
1.170231 62.462147 -32.787859
0.937859 62.229774 -33.020231
0.659335 62.052597 -33.197407
0.343701 61.939659 -33.310344
1.347407 64.059341 -28.749998
1.313308 63.090614 -28.599998
1.460345 63.056305 -31.206298
-0.309391 62.086697 -28.599998
0.000000 61.900005 -28.749998
0.343701 61.939659 -28.749998
0.659335 62.052597 -28.749998
0.937859 62.229774 -28.749998
1.170231 62.462147 -28.749998
1.211833 62.807014 -28.599998
1.170231 64.337868 -28.749998
0.937859 64.570236 -28.749998
0.659335 64.747414 -28.749998
0.343701 64.860352 -28.749998
-0.000000 64.900009 -28.749998
-0.343701 64.860352 -28.749998
-0.659335 64.747414 -28.749998
-0.937859 64.570236 -28.749998
-1.170231 64.337868 -28.749998
-1.347407 64.059341 -28.749998
-1.460345 63.743706 -28.749998
-1.500000 63.400005 -28.749998
-1.460345 63.056305 -28.749998
-1.347407 62.740669 -28.749998
-1.170231 62.462147 -28.749998
-0.937859 62.229774 -28.749998
-0.592992 62.188171 -28.599998
1.347407 62.740669 -30.890664
-0.343701 61.939659 -30.089654
-0.659335 62.052597 -30.202592
-0.000000 61.900005 -30.049999
0.343701 61.939659 -30.089655
0.659335 62.052597 -30.202592
0.937859 62.229774 -30.379768
1.170231 62.462147 -30.612140
-1.460345 62.906303 -31.356299
-1.347407 62.740669 -30.890665
-1.170231 62.462147 -30.612140
-0.937859 62.229774 -30.379768
-0.343701 60.450005 -33.160344
0.000000 60.450005 -33.200000
0.343701 60.450005 -33.160345
0.659335 60.450005 -33.047407
0.937859 60.450005 -32.870231
1.170231 60.450005 -32.637859
1.347407 60.450005 -32.359335
1.460345 60.450005 -32.043701
1.500000 60.450005 -31.700000
1.460345 60.450005 -31.356299
1.347407 60.450005 -31.040665
1.170231 60.450005 -30.762140
0.937859 60.450005 -30.529768
0.659335 60.450005 -30.352592
0.343701 60.450005 -30.239655
-0.000000 60.450005 -30.200000
-0.343701 60.450005 -30.239655
-0.659335 60.450005 -30.352592
-0.937859 60.450005 -30.529768
-1.170231 60.450005 -30.762140
-1.347407 60.450005 -31.040665
-1.460345 60.450005 -31.356299
-1.500000 60.450005 -31.700000
-1.460345 60.450005 -32.043701
-1.347407 60.450005 -32.359335
-1.170231 60.450005 -32.637859
-0.937859 60.450005 -32.870231
-0.659335 60.450005 -33.047407
1.349005 63.400005 -34.799997
1.460345 63.743706 -34.649997
1.482807 63.549015 -31.699997
1.500000 63.400005 -31.549997
1.500000 63.250004 -31.699997
1.460345 63.056305 -32.193700
1.313308 63.090614 -34.799997
-0.343701 61.939659 -34.649997
-0.592992 62.188171 -34.799997
-0.843446 62.347492 -34.799997
-1.052513 62.556561 -34.799997
-1.211833 62.807014 -34.799997
-1.313308 63.090614 -34.799997
-1.349005 63.400005 -34.799997
-1.313308 63.709396 -34.799997
-1.211833 63.992996 -34.799997
-1.052513 64.243454 -34.799997
-0.843446 64.452515 -34.799997
-0.592992 64.611839 -34.799997
-0.309391 64.713310 -34.799997
-0.000000 64.749008 -34.799997
0.309391 64.713310 -34.799997
0.592992 64.611839 -34.799997
0.843446 64.452515 -34.799997
1.052513 64.243454 -34.799997
1.347407 64.059341 -34.649997
1.211833 62.807014 -34.799997
1.052513 62.556561 -34.799997
0.843446 62.347492 -34.799997
0.592992 62.188171 -34.799997
0.309391 62.086697 -34.799997
0.000000 61.900005 -34.649997
1.313308 63.709396 -28.599998
1.349005 63.400005 -28.599998
1.347407 62.740669 -32.509334
-0.343701 61.789661 -33.160344
0.000000 61.750004 -33.200000
-0.659335 61.902599 -33.047407
-0.937859 62.079773 -32.870231
-1.170231 62.312145 -32.637859
-1.347407 62.590672 -32.359334
-1.460345 62.906303 -32.043700
-1.500000 63.250004 -31.700000
-1.500000 63.400005 -31.549999
-1.482807 63.549015 -31.699999
1.170231 62.312145 -32.637859
0.937859 62.079773 -32.870231
0.659335 61.902599 -33.047407
0.343701 61.789661 -33.160344
1.211833 63.992996 -28.599998
1.460345 63.056305 -28.749998
1.460345 62.906303 -31.356298
-0.343701 61.939659 -28.749998
0.000000 62.050999 -28.599998
0.309391 62.086697 -28.599998
0.592992 62.188171 -28.599998
0.843446 62.347492 -28.599998
1.052513 62.556561 -28.599998
1.347407 62.740669 -28.749998
1.052513 64.243454 -28.599998
0.843446 64.452515 -28.599998
0.592992 64.611839 -28.599998
0.309391 64.713310 -28.599998
-0.000000 64.749008 -28.599998
-0.309391 64.713310 -28.599998
-0.592992 64.611839 -28.599998
-0.843446 64.452515 -28.599998
-1.052513 64.243454 -28.599998
-1.211833 63.992996 -28.599998
-1.313308 63.709396 -28.599998
-1.349005 63.400005 -28.599998
-1.313308 63.090614 -28.599998
-1.211833 62.807014 -28.599998
-1.052513 62.556561 -28.599998
-0.843446 62.347492 -28.599998
-0.659335 62.052597 -28.749998
1.347407 62.590672 -31.040664
-0.343701 61.789661 -30.239655
-0.659335 61.902599 -30.352592
-0.000000 61.750004 -30.199999
0.343701 61.789661 -30.239655
0.659335 61.902599 -30.352592
0.937859 62.079773 -30.529768
1.170231 62.312145 -30.762140
-1.460345 63.056305 -31.206299
-1.347407 62.590672 -31.040665
-1.170231 62.312145 -30.762140
-0.937859 62.079773 -30.529768
-0.309391 60.300003 -33.013308
0.000000 60.300003 -33.049005
0.309391 60.300003 -33.013308
0.592992 60.300003 -32.911832
0.843446 60.300003 -32.752513
1.052513 60.300003 -32.543446
1.211833 60.300003 -32.292992
1.313308 60.300003 -32.009391
1.349005 60.300003 -31.700000
1.313308 60.300003 -31.390609
1.211833 60.300003 -31.107008
1.052513 60.300003 -30.856554
0.843446 60.300003 -30.647487
0.592992 60.300003 -30.488167
0.309390 60.300003 -30.386692
-0.000000 60.300003 -30.350995
-0.309391 60.300003 -30.386692
-0.592992 60.300003 -30.488167
-0.843446 60.300003 -30.647487
-1.052513 60.300003 -30.856554
-1.211833 60.300003 -31.107008
-1.313308 60.300003 -31.390609
-1.349005 60.300003 -31.700000
-1.313308 60.300003 -32.009391
-1.211833 60.300003 -32.292992
-1.052513 60.300003 -32.543446
-0.843446 60.300003 -32.752513
-0.592992 60.300003 -32.911832
1.270000 63.400013 -31.115007
1.236425 63.691013 -31.115007
1.140805 63.958248 -31.115007
0.990796 64.194069 -31.115007
0.794054 64.390808 -31.115007
0.558237 64.540817 -31.115007
0.291000 64.636436 -31.115007
-0.000000 64.670013 -31.115007
-0.291000 64.636436 -31.115007
-0.558237 64.540817 -31.115007
-0.794054 64.390808 -31.115007
-0.990796 64.194069 -31.115007
-1.140805 63.958248 -31.115007
-1.236425 63.691013 -31.115007
-1.270000 63.400013 -31.115007
-1.236425 63.109013 -31.115007
-1.140805 62.841774 -31.115007
-0.990796 62.605957 -31.115007
-0.794054 62.409218 -31.115007
-0.558237 62.259209 -31.115007
-0.291000 62.163589 -31.115007
0.000000 62.130013 -31.115007
0.291000 62.163589 -31.115007
0.558237 62.259209 -31.115007
0.794054 62.409218 -31.115007
0.990796 62.605957 -31.115007
1.140805 62.841778 -31.115007
1.236425 63.109013 -31.115007
1.270000 63.400013 31.114992
1.236425 63.691013 31.114992
1.140805 63.958248 31.114992
0.990796 64.194069 31.114992
0.794054 64.390808 31.114992
0.558237 64.540817 31.114992
0.291000 64.636436 31.114992
-0.000000 64.670013 31.114992
-0.291000 64.636436 31.114992
-0.558237 64.540817 31.114992
-0.794054 64.390808 31.114992
-0.990796 64.194069 31.114992
-1.140805 63.958248 31.114992
-1.236425 63.691013 31.114992
-1.270000 63.400013 31.114992
-1.236425 63.109013 31.114992
-1.140805 62.841774 31.114992
-0.990796 62.605957 31.114992
-0.794054 62.409218 31.114992
-0.558237 62.259209 31.114992
-0.291000 62.163589 31.114992
0.000000 62.130013 31.114992
0.291000 62.163589 31.114992
0.558237 62.259209 31.114992
0.794054 62.409218 31.114992
0.990796 62.605957 31.114992
1.140805 62.841778 31.114992
1.236425 63.109013 31.114992
1.500000 63.400021 28.750006
1.313308 63.709412 28.600004
1.460345 63.743721 31.700003
1.500000 63.400021 31.550005
1.460345 62.906319 31.356302
1.460345 63.056320 28.750006
-0.309391 62.086712 28.600004
-0.659335 62.052612 28.750006
-0.937859 62.229790 28.750006
-1.170231 62.462162 28.750006
-1.347407 62.740685 28.750006
-1.460345 63.056320 28.750006
-1.500000 63.400021 28.750006
-1.460345 63.743721 28.750006
-1.347407 64.059357 28.750006
-1.170231 64.337883 28.750006
-0.937859 64.570251 28.750006
-0.659335 64.747429 28.750006
-0.343701 64.860367 28.750006
-0.000000 64.900024 28.750006
0.343701 64.860367 28.750006
0.659335 64.747429 28.750006
0.937859 64.570251 28.750006
1.170231 64.337883 28.750006
1.211833 63.993011 28.600004
1.347407 62.740685 28.750006
1.170231 62.462162 28.750006
0.937859 62.229790 28.750006
0.659335 62.052612 28.750006
0.343701 61.939674 28.750006
0.000000 62.051014 28.600004
1.347407 64.059357 31.700003
1.460345 63.743721 34.650007
1.500000 63.400021 34.650007
1.347407 62.590687 31.040667
-0.343701 61.939674 30.089659
0.000000 61.900021 30.050001
-0.659335 62.052612 30.202593
-0.937859 62.229790 30.379770
-1.170231 62.462162 30.612143
-1.347407 62.740685 30.890669
-1.460345 63.056320 31.206301
-1.500000 63.400021 31.550001
-1.460345 63.743721 31.700003
-1.347407 64.059357 31.700003
-1.170231 64.337883 31.700003
-0.937859 64.570251 31.700003
-0.659335 64.747429 31.700003
-0.343701 64.860367 31.700003
-0.000000 64.900024 31.700003
0.343701 64.860367 31.700003
0.659335 64.747429 31.700003
0.937859 64.570251 31.700003
1.170231 64.337883 31.700003
1.170231 62.462162 30.612143
0.937859 62.229790 30.379770
0.659335 62.052612 30.202593
0.343701 61.939674 30.089659
1.347407 64.059357 34.650007
1.313308 63.090630 34.800001
1.460345 63.056320 32.193705
-0.309391 62.086712 34.800001
0.000000 61.900021 34.650007
0.343701 61.939674 34.650007
0.659335 62.052612 34.650007
0.937859 62.229790 34.650007
1.170231 62.462162 34.650007
1.211833 62.807030 34.800001
1.170231 64.337883 34.650007
0.937859 64.570251 34.650007
0.659335 64.747429 34.650007
0.343701 64.860367 34.650007
-0.000000 64.900024 34.650007
-0.343701 64.860367 34.650007
-0.659335 64.747429 34.650007
-0.937859 64.570251 34.650007
-1.170231 64.337883 34.650007
-1.347407 64.059357 34.650007
-1.460345 63.743721 34.650007
-1.500000 63.400021 34.650007
-1.460345 63.056320 34.650007
-1.347407 62.740685 34.650007
-1.170231 62.462162 34.650007
-0.937859 62.229790 34.650007
-0.592992 62.188187 34.800001
1.347407 62.740685 32.509336
-0.343701 61.939674 33.310347
-0.659335 62.052612 33.197409
-0.000000 61.900021 33.350004
0.343701 61.939674 33.310347
0.659335 62.052612 33.197409
0.937859 62.229790 33.020231
1.170231 62.462162 32.787863
-1.460345 62.906319 32.043703
-1.347407 62.740685 32.509336
-1.170231 62.462162 32.787863
-0.937859 62.229790 33.020231
-0.343701 60.450020 30.239656
0.000000 60.450020 30.200003
0.343701 60.450020 30.239656
0.659335 60.450020 30.352594
0.937859 60.450020 30.529772
1.170231 60.450020 30.762144
1.347407 60.450020 31.040667
1.460345 60.450020 31.356302
1.500000 60.450020 31.700003
1.460345 60.450020 32.043703
1.347407 60.450020 32.359335
1.170231 60.450020 32.637861
0.937859 60.450020 32.870234
0.659335 60.450020 33.047407
0.343701 60.450020 33.160345
-0.000000 60.450020 33.200003
-0.343701 60.450020 33.160345
-0.659335 60.450020 33.047407
-0.937859 60.450020 32.870234
-1.170231 60.450020 32.637861
-1.347407 60.450020 32.359335
-1.460345 60.450020 32.043703
-1.500000 60.450020 31.700003
-1.460345 60.450020 31.356302
-1.347407 60.450020 31.040667
-1.170231 60.450020 30.762144
-0.937859 60.450020 30.529772
-0.659335 60.450020 30.352594
1.349005 63.400021 28.600004
1.460345 63.743721 28.750006
1.482807 63.549030 31.700003
1.500000 63.400021 31.850004
1.500000 63.250019 31.700003
1.460345 63.056320 31.206301
1.313308 63.090630 28.600004
-0.343701 61.939674 28.750006
-0.592992 62.188187 28.600004
-0.843446 62.347507 28.600004
-1.052513 62.556576 28.600004
-1.211833 62.807030 28.600004
-1.313308 63.090630 28.600004
-1.349005 63.400021 28.600004
-1.313308 63.709412 28.600004
-1.211833 63.993011 28.600004
-1.052513 64.243469 28.600004
-0.843446 64.452530 28.600004
-0.592992 64.611855 28.600004
-0.309391 64.713326 28.600004
-0.000000 64.749023 28.600004
0.309391 64.713326 28.600004
0.592992 64.611855 28.600004
0.843446 64.452530 28.600004
1.052513 64.243469 28.600004
1.347407 64.059357 28.750006
1.211833 62.807030 28.600004
1.052513 62.556576 28.600004
0.843446 62.347507 28.600004
0.592992 62.188187 28.600004
0.309391 62.086712 28.600004
0.000000 61.900021 28.750006
1.313308 63.709412 34.800001
1.349005 63.400021 34.800001
1.347407 62.740685 30.890669
-0.343701 61.789677 30.239656
0.000000 61.750019 30.200003
-0.659335 61.902615 30.352594
-0.937859 62.079788 30.529772
-1.170231 62.312160 30.762144
-1.347407 62.590687 31.040667
-1.460345 62.906319 31.356302
-1.500000 63.250019 31.700003
-1.500000 63.400021 31.850000
-1.482807 63.549030 31.700003
1.170231 62.312160 30.762144
0.937859 62.079788 30.529772
0.659335 61.902615 30.352594
0.343701 61.789677 30.239656
1.211833 63.993011 34.800001
1.460345 63.056320 34.650007
1.460345 62.906319 32.043703
-0.343701 61.939674 34.650007
0.000000 62.051014 34.800001
0.309391 62.086712 34.800001
0.592992 62.188187 34.800001
0.843446 62.347507 34.800001
1.052513 62.556576 34.800001
1.347407 62.740685 34.650007
1.052513 64.243469 34.800001
0.843446 64.452530 34.800001
0.592992 64.611855 34.800001
0.309391 64.713326 34.800001
-0.000000 64.749023 34.800001
-0.309391 64.713326 34.800001
-0.592992 64.611855 34.800001
-0.843446 64.452530 34.800001
-1.052513 64.243469 34.800001
-1.211833 63.993011 34.800001
-1.313308 63.709412 34.800001
-1.349005 63.400021 34.800001
-1.313308 63.090630 34.800001
-1.211833 62.807030 34.800001
-1.052513 62.556576 34.800001
-0.843446 62.347507 34.800001
-0.659335 62.052612 34.650007
1.347407 62.590687 32.359339
-0.343701 61.789677 33.160345
-0.659335 61.902615 33.047407
-0.000000 61.750019 33.200003
0.343701 61.789677 33.160345
0.659335 61.902615 33.047407
0.937859 62.079788 32.870234
1.170231 62.312160 32.637861
-1.460345 63.056320 32.193705
-1.347407 62.590687 32.359335
-1.170231 62.312160 32.637861
-0.937859 62.079788 32.870234
-0.309391 60.300018 30.386694
0.000000 60.300018 30.350996
0.309391 60.300018 30.386694
0.592992 60.300018 30.488169
0.843446 60.300018 30.647490
1.052513 60.300018 30.856558
1.211833 60.300018 31.107008
1.313308 60.300018 31.390612
1.349005 60.300018 31.700003
1.313308 60.300018 32.009394
1.211833 60.300018 32.292994
1.052513 60.300018 32.543447
0.843446 60.300018 32.752516
0.592992 60.300018 32.911833
0.309390 60.300018 33.013311
-0.000000 60.300018 33.049009
-0.309391 60.300018 33.013311
-0.592992 60.300018 32.911833
-0.843446 60.300018 32.752516
-1.052513 60.300018 32.543447
-1.211833 60.300018 32.292994
-1.313308 60.300018 32.009394
-1.349005 60.300018 31.700003
-1.313308 60.300018 31.390612
-1.211833 60.300018 31.107008
-1.052513 60.300018 30.856558
-0.843446 60.300018 30.647490
-0.592992 60.300018 30.488169
-0.000000 -9.149990 30.200014
-0.309391 -9.299990 30.386705
-0.343701 -6.199990 30.239668
-0.000000 -6.349990 30.200014
0.493701 -6.543693 30.239668
0.343701 -9.149990 30.239668
1.313308 -9.299990 32.009405
1.347407 -9.149989 32.359350
1.170231 -9.149989 32.637873
0.937860 -9.149989 32.870245
0.659335 -9.149989 33.047422
0.343701 -9.149989 33.160360
0.000000 -9.149989 33.200018
-0.343701 -9.149989 33.160360
-0.659335 -9.149989 33.047422
-0.937859 -9.149989 32.870245
-1.170231 -9.149989 32.637873
-1.347407 -9.149989 32.359350
-1.460345 -9.149990 32.043715
-1.500000 -9.149990 31.700014
-1.460345 -9.149990 31.356314
-1.347407 -9.149990 31.040678
-1.170231 -9.149990 30.762156
-0.937859 -9.149990 30.529783
-0.592992 -9.299990 30.488180
0.659335 -9.149990 30.352606
0.937859 -9.149990 30.529783
1.170231 -9.149990 30.762156
1.347407 -9.149990 31.040678
1.460345 -9.149990 31.356314
1.349005 -9.299990 31.700014
-0.659335 -6.199990 30.352606
-0.343701 -3.249990 30.239668
-0.000000 -3.249990 30.200014
0.809335 -6.859327 30.352606
1.460345 -7.810337 32.043715
1.500000 -7.849992 31.700014
1.347407 -7.697399 32.359350
1.170231 -7.520223 32.637873
0.937860 -7.287851 32.870245
0.659335 -7.009327 33.047422
0.343701 -6.693692 33.160360
0.000000 -6.349992 33.200010
-0.343701 -6.199989 33.160360
-0.659335 -6.199989 33.047422
-0.937859 -6.199989 32.870245
-1.170231 -6.199989 32.637873
-1.347407 -6.199990 32.359350
-1.460345 -6.199990 32.043715
-1.500000 -6.199990 31.700014
-1.460345 -6.199990 31.356314
-1.347407 -6.199990 31.040678
-1.170231 -6.199990 30.762156
-0.937859 -6.199990 30.529783
0.937859 -7.287852 30.529783
1.170231 -7.520223 30.762156
1.347407 -7.697400 31.040678
1.460345 -7.810337 31.356314
-0.659335 -3.249990 30.352606
0.309390 -3.099990 30.386705
0.343701 -5.706291 30.239668
1.313308 -3.099990 32.009405
1.500000 -3.249990 31.700014
1.460345 -3.249990 31.356314
1.347407 -3.249990 31.040678
1.170231 -3.249990 30.762156
0.937859 -3.249990 30.529783
0.592992 -3.099990 30.488180
-0.937859 -3.249990 30.529783
-1.170231 -3.249990 30.762156
-1.347407 -3.249990 31.040678
-1.460345 -3.249990 31.356314
-1.500000 -3.249990 31.700014
-1.460345 -3.249990 32.043715
-1.347407 -3.249990 32.359350
-1.170231 -3.249990 32.637873
-0.937859 -3.249990 32.870245
-0.659335 -3.249990 33.047422
-0.343701 -3.249990 33.160360
0.000000 -3.249990 33.200010
0.343701 -3.249990 33.160360
0.659335 -3.249990 33.047422
0.937860 -3.249990 32.870245
1.170231 -3.249990 32.637873
1.211833 -3.099990 32.293005
0.659335 -5.390656 30.352606
1.460345 -4.589647 32.043715
1.347407 -4.702584 32.359346
1.500000 -4.549992 31.700014
1.460345 -4.589647 31.356314
1.347407 -4.702585 31.040678
1.170231 -4.879760 30.762156
0.937859 -5.112133 30.529783
0.493701 -5.856291 33.160360
0.659335 -5.390656 33.047422
0.937860 -5.112132 32.870245
1.170231 -4.879760 32.637873
2.950001 -7.660336 32.043715
2.950001 -7.699992 31.700014
2.950001 -7.660337 31.356314
2.950001 -7.547400 31.040678
2.950001 -7.370224 30.762156
2.950001 -7.137852 30.529783
2.950001 -6.859327 30.352606
2.950001 -6.543694 30.239668
2.950001 -6.199992 30.200014
2.950001 -5.856292 30.239668
2.950001 -5.540657 30.352606
2.950001 -5.262133 30.529783
2.950001 -5.029761 30.762156
2.950001 -4.852585 31.040678
2.950001 -4.739648 31.356314
2.950002 -4.699992 31.700014
2.950001 -4.739647 32.043715
2.950001 -4.852585 32.359350
2.950001 -5.029761 32.637873
2.950001 -5.262133 32.870245
2.950001 -5.540657 33.047422
2.950001 -5.856291 33.160360
2.950001 -6.199992 33.200010
2.950001 -6.543693 33.160360
2.950001 -6.859327 33.047422
2.950001 -7.137852 32.870245
2.950001 -7.370224 32.637873
2.950001 -7.547400 32.359350
-0.000000 -9.299990 30.351007
-0.343701 -9.149990 30.239668
-0.149012 -6.199990 30.217207
-0.000000 -6.049990 30.200014
0.150000 -6.199990 30.200014
0.343701 -6.693693 30.239668
0.309390 -9.299990 30.386705
1.460345 -9.149990 32.043715
1.211833 -9.299990 32.293005
1.052513 -9.299990 32.543459
0.843446 -9.299990 32.752527
0.592992 -9.299990 32.911848
0.309391 -9.299990 33.013319
0.000000 -9.299990 33.049017
-0.309390 -9.299990 33.013319
-0.592992 -9.299990 32.911848
-0.843446 -9.299990 32.752527
-1.052513 -9.299990 32.543459
-1.211833 -9.299990 32.293005
-1.313308 -9.299990 32.009405
-1.349005 -9.299990 31.700014
-1.313308 -9.299990 31.390623
-1.211833 -9.299990 31.107023
-1.052513 -9.299990 30.856569
-0.843446 -9.299990 30.647501
-0.659335 -9.149990 30.352606
0.592992 -9.299990 30.488180
0.843446 -9.299990 30.647501
1.052513 -9.299990 30.856569
1.211833 -9.299990 31.107023
1.313308 -9.299990 31.390623
1.500000 -9.149990 31.700014
-0.309391 -3.099990 30.386705
-0.000000 -3.099990 30.351007
0.659335 -7.009327 30.352606
1.610345 -7.660336 32.043715
1.650000 -7.699992 31.700014
1.497407 -7.547400 32.359350
1.320231 -7.370223 32.637873
1.087860 -7.137851 32.870245
0.809335 -6.859326 33.047422
0.493701 -6.543693 33.160360
0.150000 -6.199992 33.200010
0.000000 -6.049992 33.200010
-0.149011 -6.199991 33.182821
1.087859 -7.137852 30.529783
1.320231 -7.370223 30.762156
1.497407 -7.547400 31.040678
1.610345 -7.660336 31.356314
-0.592992 -3.099990 30.488180
0.343701 -3.249990 30.239668
0.493701 -5.856291 30.239668
1.460345 -3.249990 32.043715
1.349005 -3.099990 31.700014
1.313308 -3.099990 31.390623
1.211833 -3.099990 31.107019
1.052513 -3.099990 30.856569
0.843446 -3.099990 30.647501
0.659335 -3.249990 30.352606
-0.843446 -3.099990 30.647501
-1.052513 -3.099990 30.856569
-1.211833 -3.099990 31.107019
-1.313308 -3.099990 31.390623
-1.349005 -3.099990 31.700014
-1.313308 -3.099990 32.009405
-1.211833 -3.099990 32.293005
-1.052513 -3.099990 32.543459
-0.843446 -3.099990 32.752527
-0.592992 -3.099990 32.911848
-0.309390 -3.099990 33.013319
0.000000 -3.099990 33.049017
0.309391 -3.099990 33.013319
0.592992 -3.099990 32.911848
0.843446 -3.099990 32.752527
1.052513 -3.099990 32.543459
1.347407 -3.249990 32.359346
0.809335 -5.540657 30.352606
1.610345 -4.739647 32.043715
1.497407 -4.852584 32.359346
1.650000 -4.699992 31.700014
1.610345 -4.739647 31.356314
1.497407 -4.852585 31.040678
1.320231 -5.029760 30.762156
1.087859 -5.262133 30.529783
0.343701 -5.706291 33.160360
0.809335 -5.540657 33.047422
1.087860 -5.262132 32.870245
1.320231 -5.029760 32.637873
3.100001 -7.513300 32.009405
3.100001 -7.548997 31.700014
3.100001 -7.513300 31.390623
3.100001 -7.411825 31.107023
3.100001 -7.252505 30.856569
3.100001 -7.043438 30.647501
3.100001 -6.792984 30.488180
3.100001 -6.509383 30.386705
3.100001 -6.199992 30.351007
3.100001 -5.890602 30.386705
3.100001 -5.607000 30.488180
3.100001 -5.356546 30.647501
3.100001 -5.147479 30.856569
3.100001 -4.988160 31.107019
3.100001 -4.886684 31.390623
3.100002 -4.850987 31.700014
3.100001 -4.886684 32.009405
3.100001 -4.988160 32.293005
3.100001 -5.147479 32.543459
3.100001 -5.356546 32.752527
3.100001 -5.607000 32.911848
3.100001 -5.890601 33.013319
3.100001 -6.199992 33.049017
3.100001 -6.509383 33.013319
3.100001 -6.792984 32.911848
3.100001 -7.043438 32.752527
3.100001 -7.252505 32.543459
3.100001 -7.411825 32.293005
31.827471 -4.929989 31.700014
31.827471 -4.963564 31.409014
31.827471 -5.059184 31.141775
31.827471 -5.209194 30.905958
31.827471 -5.405935 30.709219
31.827471 -5.641753 30.559210
31.827471 -5.908989 30.463591
31.827471 -6.199990 30.430014
31.827471 -6.490990 30.463591
31.827471 -6.758226 30.559210
31.827471 -6.994044 30.709219
31.827471 -7.190785 30.905958
31.827471 -7.340795 31.141779
31.827471 -7.436415 31.409014
31.827471 -7.469989 31.700014
31.827471 -7.436415 31.991014
31.827471 -7.340795 32.258253
31.827471 -7.190785 32.494070
31.827471 -6.994043 32.690809
31.827471 -6.758226 32.840818
31.827471 -6.490989 32.936438
31.827471 -6.199989 32.970015
31.827471 -5.908989 32.936438
31.827471 -5.641752 32.840818
31.827471 -5.405935 32.690809
31.827471 -5.209193 32.494070
31.827471 -5.059184 32.258249
31.827471 -4.963564 31.991014
1.347471 -4.929995 31.700014
1.347471 -4.963569 31.409014
1.347471 -5.059189 31.141775
1.347471 -5.209198 30.905958
1.347471 -5.405940 30.709219
1.347471 -5.641757 30.559210
1.347471 -5.908995 30.463591
1.347471 -6.199995 30.430014
1.347471 -6.490994 30.463591
1.347471 -6.758232 30.559210
1.347471 -6.994049 30.709219
1.347471 -7.190790 30.905958
1.347471 -7.340799 31.141779
1.347471 -7.436419 31.409014
1.347471 -7.469995 31.700014
1.347471 -7.436419 31.991014
1.347471 -7.340799 32.258253
1.347471 -7.190790 32.494070
1.347471 -6.994048 32.690809
1.347471 -6.758231 32.840818
1.347471 -6.490994 32.936438
1.347471 -6.199994 32.970015
1.347471 -5.908994 32.936438
1.347471 -5.641757 32.840818
1.347471 -5.405940 32.690809
1.347471 -5.209198 32.494070
1.347471 -5.059189 32.258249
1.347471 -4.963569 31.991014
1.270000 -33.021858 31.700018
1.236425 -33.021858 31.409018
1.140805 -33.021858 31.141783
0.990796 -33.021858 30.905962
0.794054 -33.021858 30.709223
0.558237 -33.021858 30.559214
0.291000 -33.021858 30.463594
-0.000000 -33.021858 30.430017
-0.291000 -33.021858 30.463594
-0.558237 -33.021858 30.559214
-0.794054 -33.021858 30.709223
-0.990796 -33.021858 30.905962
-1.140805 -33.021858 31.141783
-1.236425 -33.021858 31.409018
-1.270000 -33.021858 31.700018
-1.236425 -33.021858 31.991018
-1.140805 -33.021858 32.258253
-0.990796 -33.021858 32.494074
-0.794054 -33.021858 32.690813
-0.558237 -33.021858 32.840822
-0.291000 -33.021858 32.936445
0.000000 -33.021858 32.970015
0.291000 -33.021858 32.936445
0.558237 -33.021858 32.840822
0.794054 -33.021858 32.690813
0.990796 -33.021858 32.494074
1.140805 -33.021858 32.258253
1.236425 -33.021858 31.991018
1.270000 -7.621859 31.700014
1.236425 -7.621859 31.409014
1.140805 -7.621859 31.141775
0.990796 -7.621859 30.905958
0.794054 -7.621859 30.709219
0.558237 -7.621859 30.559210
0.291000 -7.621859 30.463587
-0.000000 -7.621859 30.430014
-0.291000 -7.621859 30.463587
-0.558237 -7.621859 30.559210
-0.794054 -7.621859 30.709219
-0.990796 -7.621859 30.905958
-1.140805 -7.621859 31.141775
-1.236425 -7.621859 31.409014
-1.270000 -7.621859 31.700014
-1.236425 -7.621859 31.991014
-1.140805 -7.621859 32.258249
-0.990796 -7.621859 32.494070
-0.794054 -7.621859 32.690809
-0.558237 -7.621859 32.840818
-0.291000 -7.621859 32.936438
0.000000 -7.621859 32.970015
0.291000 -7.621859 32.936438
0.558237 -7.621859 32.840818
0.794054 -7.621859 32.690809
0.990796 -7.621859 32.494070
1.140805 -7.621859 32.258249
1.236425 -7.621859 31.991014
-0.000000 -9.150002 -33.199984
-0.309391 -9.300001 -33.013292
-0.343701 -6.200002 -33.160329
-0.000000 -6.350001 -33.199984
0.493701 -6.543704 -33.160329
0.343701 -9.150002 -33.160328
1.313308 -9.300001 -31.390593
1.347407 -9.150001 -31.040649
1.170231 -9.150001 -30.762124
0.937860 -9.150001 -30.529752
0.659335 -9.150001 -30.352576
0.343701 -9.150001 -30.239639
0.000000 -9.150001 -30.199984
-0.343701 -9.150001 -30.239639
-0.659335 -9.150001 -30.352576
-0.937859 -9.150001 -30.529752
-1.170231 -9.150001 -30.762124
-1.347407 -9.150001 -31.040648
-1.460345 -9.150002 -31.356283
-1.500000 -9.150002 -31.699983
-1.460345 -9.150002 -32.043684
-1.347407 -9.150002 -32.359318
-1.170231 -9.150002 -32.637843
-0.937859 -9.150002 -32.870215
-0.592992 -9.300001 -32.911816
0.659335 -9.150002 -33.047391
0.937859 -9.150002 -32.870215
1.170231 -9.150002 -32.637843
1.347407 -9.150002 -32.359319
1.460345 -9.150002 -32.043684
1.349005 -9.300001 -31.699984
-0.659335 -6.200002 -33.047392
-0.343701 -3.250001 -33.160329
-0.000000 -3.250002 -33.199985
0.809335 -6.859338 -33.047391
1.460345 -7.810348 -31.356283
1.500000 -7.850003 -31.699984
1.347407 -7.697411 -31.040649
1.170231 -7.520235 -30.762125
0.937860 -7.287863 -30.529753
0.659335 -7.009338 -30.352576
0.343701 -6.693704 -30.239639
0.000000 -6.350003 -30.199984
-0.343701 -6.200001 -30.239639
-0.659335 -6.200001 -30.352577
-0.937859 -6.200001 -30.529753
-1.170231 -6.200001 -30.762125
-1.347407 -6.200001 -31.040649
-1.460345 -6.200001 -31.356283
-1.500000 -6.200001 -31.699984
-1.460345 -6.200001 -32.043685
-1.347407 -6.200001 -32.359319
-1.170231 -6.200002 -32.637843
-0.937859 -6.200002 -32.870215
0.937859 -7.287863 -32.870215
1.170231 -7.520235 -32.637843
1.347407 -7.697411 -32.359319
1.460345 -7.810348 -32.043685
-0.659335 -3.250001 -33.047392
0.309390 -3.100001 -33.013293
0.343701 -5.706303 -33.160329
1.313308 -3.100001 -31.390594
1.500000 -3.250001 -31.699985
1.460345 -3.250001 -32.043685
1.347407 -3.250001 -32.359320
1.170231 -3.250001 -32.637844
0.937859 -3.250001 -32.870216
0.592992 -3.100001 -32.911817
-0.937859 -3.250001 -32.870216
-1.170231 -3.250001 -32.637844
-1.347407 -3.250001 -32.359319
-1.460345 -3.250001 -32.043685
-1.500000 -3.250001 -31.699984
-1.460345 -3.250001 -31.356284
-1.347407 -3.250001 -31.040649
-1.170231 -3.250001 -30.762125
-0.937859 -3.250001 -30.529753
-0.659335 -3.250001 -30.352577
-0.343701 -3.250001 -30.239640
0.000000 -3.250001 -30.199985
0.343701 -3.250001 -30.239640
0.659335 -3.250001 -30.352577
0.937860 -3.250001 -30.529753
1.170231 -3.250001 -30.762125
1.211833 -3.100001 -31.106993
0.659335 -5.390668 -33.047392
1.460345 -4.589658 -31.356284
1.347407 -4.702596 -31.040650
1.500000 -4.550003 -31.699984
1.460345 -4.589659 -32.043685
1.347407 -4.702596 -32.359319
1.170231 -4.879772 -32.637844
0.937859 -5.112144 -32.870216
0.493701 -5.856302 -30.239640
0.659335 -5.390668 -30.352577
0.937860 -5.112144 -30.529753
1.170231 -4.879772 -30.762125
2.950001 -7.660348 -31.356283
2.950001 -7.700004 -31.699984
2.950001 -7.660348 -32.043685
2.950001 -7.547411 -32.359319
2.950001 -7.370235 -32.637843
2.950001 -7.137863 -32.870216
2.950001 -6.859339 -33.047392
2.950001 -6.543705 -33.160329
2.950001 -6.200004 -33.199984
2.950001 -5.856303 -33.160329
2.950001 -5.540668 -33.047392
2.950001 -5.262144 -32.870216
2.950001 -5.029772 -32.637844
2.950001 -4.852596 -32.359319
2.950001 -4.739659 -32.043685
2.950002 -4.700004 -31.699984
2.950001 -4.739659 -31.356284
2.950001 -4.852596 -31.040649
2.950001 -5.029772 -30.762125
2.950001 -5.262144 -30.529753
2.950001 -5.540668 -30.352577
2.950001 -5.856303 -30.239640
2.950001 -6.200004 -30.199984
2.950001 -6.543704 -30.239640
2.950001 -6.859339 -30.352577
2.950001 -7.137863 -30.529753
2.950001 -7.370235 -30.762125
2.950001 -7.547411 -31.040649
-0.000000 -9.300001 -33.048988
-0.343701 -9.150002 -33.160328
-0.149012 -6.200002 -33.182791
-0.000000 -6.050001 -33.199984
0.150000 -6.200002 -33.199984
0.343701 -6.693705 -33.160329
0.309390 -9.300001 -33.013292
1.460345 -9.150002 -31.356283
1.211833 -9.300001 -31.106992
1.052513 -9.300001 -30.856538
0.843446 -9.300001 -30.647471
0.592992 -9.300001 -30.488151
0.309391 -9.300001 -30.386675
0.000000 -9.300001 -30.350979
-0.309390 -9.300001 -30.386675
-0.592992 -9.300001 -30.488151
-0.843446 -9.300001 -30.647470
-1.052513 -9.300001 -30.856538
-1.211833 -9.300001 -31.106991
-1.313308 -9.300001 -31.390593
-1.349005 -9.300001 -31.699983
-1.313308 -9.300001 -32.009374
-1.211833 -9.300001 -32.292976
-1.052513 -9.300001 -32.543429
-0.843446 -9.300001 -32.752496
-0.659335 -9.150002 -33.047391
0.592992 -9.300001 -32.911816
0.843446 -9.300001 -32.752497
1.052513 -9.300001 -32.543429
1.211833 -9.300001 -32.292976
1.313308 -9.300001 -32.009374
1.500000 -9.150002 -31.699984
-0.309391 -3.100001 -33.013293
-0.000000 -3.100001 -33.048989
0.659335 -7.009338 -33.047391
1.610345 -7.660348 -31.356283
1.650000 -7.700004 -31.699984
1.497407 -7.547411 -31.040649
1.320231 -7.370234 -30.762125
1.087860 -7.137863 -30.529753
0.809335 -6.859338 -30.352576
0.493701 -6.543704 -30.239639
0.150000 -6.200003 -30.199984
0.000000 -6.050003 -30.199984
-0.149011 -6.200002 -30.217177
1.087859 -7.137863 -32.870215
1.320231 -7.370234 -32.637843
1.497407 -7.547411 -32.359319
1.610345 -7.660348 -32.043685
-0.592992 -3.100001 -32.911817
0.343701 -3.250001 -33.160329
0.493701 -5.856302 -33.160329
1.460345 -3.250001 -31.356284
1.349005 -3.100001 -31.699985
1.313308 -3.100001 -32.009375
1.211833 -3.100001 -32.292977
1.052513 -3.100001 -32.543430
0.843446 -3.100001 -32.752498
0.659335 -3.250001 -33.047392
-0.843446 -3.100001 -32.752497
-1.052513 -3.100001 -32.543430
-1.211833 -3.100001 -32.292977
-1.313308 -3.100001 -32.009375
-1.349005 -3.100001 -31.699984
-1.313308 -3.100001 -31.390594
-1.211833 -3.100001 -31.106992
-1.052513 -3.100001 -30.856539
-0.843446 -3.100001 -30.647471
-0.592992 -3.100001 -30.488152
-0.309390 -3.100001 -30.386676
0.000000 -3.100001 -30.350980
0.309391 -3.100001 -30.386676
0.592992 -3.100001 -30.488152
0.843446 -3.100001 -30.647472
1.052513 -3.100001 -30.856539
1.347407 -3.250001 -31.040650
0.809335 -5.540668 -33.047392
1.610345 -4.739658 -31.356284
1.497407 -4.852596 -31.040649
1.650000 -4.700003 -31.699984
1.610345 -4.739659 -32.043685
1.497407 -4.852596 -32.359319
1.320231 -5.029772 -32.637844
1.087859 -5.262144 -32.870216
0.343701 -5.706302 -30.239640
0.809335 -5.540668 -30.352577
1.087860 -5.262144 -30.529753
1.320231 -5.029772 -30.762125
3.100001 -7.513312 -31.390593
3.100001 -7.549008 -31.699984
3.100001 -7.513312 -32.009375
3.100001 -7.411837 -32.292976
3.100001 -7.252517 -32.543430
3.100001 -7.043449 -32.752497
3.100001 -6.792996 -32.911817
3.100001 -6.509395 -33.013292
3.100001 -6.200004 -33.048989
3.100001 -5.890613 -33.013293
3.100001 -5.607012 -32.911817
3.100001 -5.356558 -32.752497
3.100001 -5.147491 -32.543430
3.100001 -4.988171 -32.292976
3.100001 -4.886696 -32.009375
3.100002 -4.850999 -31.699984
3.100001 -4.886695 -31.390594
3.100001 -4.988171 -31.106992
3.100001 -5.147491 -30.856539
3.100001 -5.356558 -30.647471
3.100001 -5.607012 -30.488152
3.100001 -5.890613 -30.386676
3.100001 -6.200004 -30.350979
3.100001 -6.509394 -30.386676
3.100001 -6.792995 -30.488151
3.100001 -7.043449 -30.647471
3.100001 -7.252517 -30.856538
3.100001 -7.411836 -31.106992
31.827471 -4.930001 -31.699984
31.827471 -4.963575 -31.990984
31.827471 -5.059196 -32.258221
31.827471 -5.209205 -32.494038
31.827471 -5.405947 -32.690780
31.827471 -5.641764 -32.840789
31.827471 -5.909001 -32.936409
31.827471 -6.200001 -32.969984
31.827471 -6.491001 -32.936409
31.827471 -6.758238 -32.840789
31.827471 -6.994055 -32.690779
31.827471 -7.190797 -32.494038
31.827471 -7.340806 -32.258220
31.827471 -7.436426 -31.990983
31.827471 -7.470001 -31.699983
31.827471 -7.436426 -31.408983
31.827471 -7.340806 -31.141746
31.827471 -7.190796 -30.905929
31.827471 -6.994055 -30.709188
31.827471 -6.758237 -30.559179
31.827471 -6.491001 -30.463558
31.827471 -6.200001 -30.429984
31.827471 -5.909000 -30.463558
31.827471 -5.641764 -30.559179
31.827471 -5.405946 -30.709188
31.827471 -5.209205 -30.905929
31.827471 -5.059196 -31.141747
31.827471 -4.963575 -31.408984
1.347471 -4.930006 -31.699984
1.347471 -4.963581 -31.990984
1.347471 -5.059201 -32.258221
1.347471 -5.209210 -32.494038
1.347471 -5.405951 -32.690780
1.347471 -5.641769 -32.840789
1.347471 -5.909006 -32.936409
1.347471 -6.200006 -32.969984
1.347471 -6.491006 -32.936409
1.347471 -6.758243 -32.840789
1.347471 -6.994061 -32.690779
1.347471 -7.190802 -32.494038
1.347471 -7.340811 -32.258220
1.347471 -7.436431 -31.990983
1.347471 -7.470006 -31.699983
1.347471 -7.436431 -31.408983
1.347471 -7.340811 -31.141746
1.347471 -7.190801 -30.905929
1.347471 -6.994060 -30.709188
1.347471 -6.758243 -30.559179
1.347471 -6.491005 -30.463558
1.347471 -6.200006 -30.429984
1.347471 -5.909006 -30.463558
1.347471 -5.641768 -30.559179
1.347471 -5.405951 -30.709188
1.347471 -5.209209 -30.905929
1.347471 -5.059201 -31.141747
1.347471 -4.963581 -31.408984
1.270000 -33.021870 -31.699976
1.236425 -33.021870 -31.990976
1.140805 -33.021870 -32.258213
0.990796 -33.021870 -32.494030
0.794054 -33.021870 -32.690772
0.558237 -33.021870 -32.840781
0.291000 -33.021870 -32.936401
-0.000000 -33.021870 -32.969976
-0.291000 -33.021870 -32.936401
-0.558237 -33.021870 -32.840781
-0.794054 -33.021870 -32.690772
-0.990796 -33.021870 -32.494030
-1.140805 -33.021870 -32.258213
-1.236425 -33.021870 -31.990976
-1.270000 -33.021870 -31.699976
-1.236425 -33.021870 -31.408976
-1.140805 -33.021870 -31.141739
-0.990796 -33.021870 -30.905922
-0.794054 -33.021870 -30.709180
-0.558237 -33.021870 -30.559171
-0.291000 -33.021870 -30.463551
0.000000 -33.021870 -30.429976
0.291000 -33.021870 -30.463551
0.558237 -33.021870 -30.559171
0.794054 -33.021870 -30.709180
0.990796 -33.021870 -30.905922
1.140805 -33.021870 -31.141739
1.236425 -33.021870 -31.408976
1.270000 -7.621870 -31.699980
1.236425 -7.621870 -31.990980
1.140805 -7.621870 -32.258217
0.990796 -7.621870 -32.494034
0.794054 -7.621870 -32.690776
0.558237 -7.621870 -32.840785
0.291000 -7.621870 -32.936405
-0.000000 -7.621870 -32.969980
-0.291000 -7.621870 -32.936405
-0.558237 -7.621870 -32.840785
-0.794054 -7.621870 -32.690776
-0.990796 -7.621870 -32.494035
-1.140805 -7.621870 -32.258217
-1.236425 -7.621870 -31.990980
-1.270000 -7.621870 -31.699980
-1.236425 -7.621870 -31.408980
-1.140805 -7.621870 -31.141743
-0.990796 -7.621870 -30.905926
-0.794054 -7.621870 -30.709184
-0.558237 -7.621870 -30.559175
-0.291000 -7.621870 -30.463555
0.000000 -7.621870 -30.429980
0.291000 -7.621870 -30.463555
0.558237 -7.621870 -30.559175
0.794054 -7.621870 -30.709184
0.990796 -7.621870 -30.905926
1.140805 -7.621870 -31.141743
1.236425 -7.621870 -31.408980
1.270000 -4.826986 -31.699984
1.236425 -4.826986 -31.990984
1.140805 -4.826986 -32.258221
0.990796 -4.826986 -32.494038
0.794054 -4.826986 -32.690780
0.558237 -4.826986 -32.840788
0.291000 -4.826986 -32.936409
-0.000000 -4.826986 -32.969984
-0.291000 -4.826986 -32.936409
-0.558237 -4.826986 -32.840789
-0.794054 -4.826986 -32.690779
-0.990796 -4.826986 -32.494038
-1.140805 -4.826986 -32.258220
-1.236425 -4.826986 -31.990983
-1.270000 -4.826986 -31.699983
-1.236425 -4.826986 -31.408983
-1.140805 -4.826986 -31.141747
-0.990796 -4.826986 -30.905929
-0.794054 -4.826986 -30.709188
-0.558237 -4.826986 -30.559179
-0.291000 -4.826986 -30.463558
0.000000 -4.826986 -30.429984
0.291000 -4.826986 -30.463558
0.558237 -4.826986 -30.559178
0.794054 -4.826986 -30.709188
0.990796 -4.826986 -30.905929
1.140805 -4.826986 -31.141747
1.236425 -4.826986 -31.408984
1.270000 -1.016986 -31.699984
1.236425 -1.016986 -31.990984
1.140805 -1.016986 -32.258221
0.990796 -1.016987 -32.494038
0.794054 -1.016987 -32.690780
0.558237 -1.016987 -32.840789
0.291000 -1.016987 -32.936409
-0.000000 -1.016987 -32.969984
-0.291000 -1.016987 -32.936409
-0.558237 -1.016987 -32.840789
-0.794054 -1.016987 -32.690780
-0.990796 -1.016987 -32.494039
-1.140805 -1.016986 -32.258221
-1.236425 -1.016986 -31.990984
-1.270000 -1.016986 -31.699984
-1.236425 -1.016986 -31.408984
-1.140805 -1.016986 -31.141747
-0.990796 -1.016986 -30.905930
-0.794054 -1.016986 -30.709188
-0.558237 -1.016986 -30.559179
-0.291000 -1.016986 -30.463559
0.000000 -1.016986 -30.429984
0.291000 -1.016986 -30.463559
0.558237 -1.016986 -30.559179
0.794054 -1.016986 -30.709188
0.990796 -1.016986 -30.905930
1.140805 -1.016986 -31.141747
1.236425 -1.016986 -31.408984
1.270000 -4.826975 31.700014
1.236425 -4.826975 31.409014
1.140805 -4.826975 31.141779
0.990796 -4.826975 30.905958
0.794054 -4.826975 30.709219
0.558237 -4.826975 30.559210
0.291000 -4.826975 30.463591
-0.000000 -4.826975 30.430014
-0.291000 -4.826975 30.463591
-0.558237 -4.826975 30.559210
-0.794054 -4.826975 30.709219
-0.990796 -4.826975 30.905958
-1.140805 -4.826975 31.141779
-1.236425 -4.826975 31.409014
-1.270000 -4.826975 31.700014
-1.236425 -4.826975 31.991014
-1.140805 -4.826975 32.258253
-0.990796 -4.826975 32.494070
-0.794054 -4.826975 32.690809
-0.558237 -4.826975 32.840818
-0.291000 -4.826975 32.936438
0.000000 -4.826975 32.970015
0.291000 -4.826975 32.936438
0.558237 -4.826975 32.840818
0.794054 -4.826975 32.690809
0.990796 -4.826975 32.494070
1.140805 -4.826975 32.258249
1.236425 -4.826975 31.991014
1.270000 -1.016975 31.700014
1.236425 -1.016975 31.409014
1.140805 -1.016975 31.141775
0.990796 -1.016975 30.905958
0.794054 -1.016975 30.709219
0.558237 -1.016975 30.559210
0.291000 -1.016975 30.463587
-0.000000 -1.016975 30.430014
-0.291000 -1.016975 30.463587
-0.558237 -1.016975 30.559210
-0.794054 -1.016975 30.709219
-0.990796 -1.016975 30.905958
-1.140805 -1.016975 31.141775
-1.236425 -1.016975 31.409014
-1.270000 -1.016975 31.700014
-1.236425 -1.016975 31.991014
-1.140805 -1.016975 32.258249
-0.990796 -1.016975 32.494066
-0.794054 -1.016975 32.690809
-0.558237 -1.016975 32.840818
-0.291000 -1.016975 32.936438
0.000000 -1.016975 32.970015
0.291000 -1.016975 32.936438
0.558237 -1.016975 32.840818
0.794054 -1.016975 32.690809
0.990796 -1.016975 32.494066
1.140805 -1.016975 32.258249
1.236425 -1.016975 31.991014
</float_array>
          <technique_common>
            <accessor source="#torpedo_frame-POSITION-array" count="2006" stride="3">
              <param name="X" type="float"/>
              <param name="Y" type="float"/>
              <param name="Z" type="float"/>
            </accessor>
          </technique_common>
        </source>
        <source id="torpedo_frame-Normal0">
          <float_array id="torpedo_frame-Normal0-array" count="35532">
0.973839 0.227240 0.000000
1.000000 0.000000 0.000000
1.000000 -0.000000 0.000000
1.000000 -0.000000 0.000000
0.973839 0.227240 0.000000
0.973839 0.227240 0.000000
0.898223 0.439541 0.000000
0.973839 0.227240 0.000000
0.973839 0.227240 0.000000
0.973839 0.227240 0.000000
0.898222 0.439541 0.000000
0.898223 0.439541 0.000000
0.780095 0.625661 0.000000
0.898223 0.439541 0.000000
0.898222 0.439541 0.000000
0.898222 0.439541 0.000000
0.780095 0.625661 0.000000
0.780095 0.625661 0.000000
0.625661 0.780095 0.000000
0.780095 0.625661 0.000000
0.780095 0.625661 0.000000
0.780095 0.625661 0.000000
0.625661 0.780095 0.000000
0.625661 0.780095 0.000000
0.439541 0.898223 0.000000
0.625661 0.780095 0.000000
0.625661 0.780095 0.000000
0.625661 0.780095 0.000000
0.439540 0.898223 0.000000
0.439541 0.898223 0.000000
0.227240 0.973839 0.000000
0.439541 0.898223 0.000000
0.439540 0.898223 0.000000
0.439540 0.898223 0.000000
0.227241 0.973839 0.000000
0.227240 0.973839 0.000000
-0.000000 1.000000 0.000000
0.227240 0.973839 0.000000
0.227241 0.973839 0.000000
0.227241 0.973839 0.000000
0.000000 1.000000 0.000000
-0.000000 1.000000 0.000000
-0.227240 0.973839 0.000000
-0.000000 1.000000 0.000000
0.000000 1.000000 0.000000
0.000000 1.000000 0.000000
-0.227240 0.973839 0.000000
-0.227240 0.973839 0.000000
-0.439541 0.898223 0.000000
-0.227240 0.973839 0.000000
-0.227240 0.973839 0.000000
-0.227240 0.973839 0.000000
-0.439541 0.898222 0.000000
-0.439541 0.898223 0.000000
-0.625661 0.780095 0.000000
-0.439541 0.898223 0.000000
-0.439541 0.898222 0.000000
-0.439541 0.898222 0.000000
-0.625661 0.780095 0.000000
-0.625661 0.780095 0.000000
-0.780095 0.625661 0.000000
-0.625661 0.780095 0.000000
-0.625661 0.780095 0.000000
-0.625661 0.780095 0.000000
-0.780095 0.625661 0.000000
-0.780095 0.625661 0.000000
-0.898223 0.439541 0.000000
-0.780095 0.625661 0.000000
-0.780095 0.625661 0.000000
-0.780095 0.625661 0.000000
-0.898223 0.439540 0.000000
-0.898223 0.439541 0.000000
-0.973839 0.227240 0.000000
-0.898223 0.439541 0.000000
-0.898223 0.439540 0.000000
-0.898223 0.439540 0.000000
-0.973839 0.227240 0.000000
-0.973839 0.227240 0.000000
-1.000000 -0.000000 0.000000
-0.973839 0.227240 0.000000
-0.973839 0.227240 0.000000
-0.973839 0.227240 0.000000
-1.000000 0.000000 0.000000
-1.000000 -0.000000 0.000000
-0.973839 -0.227240 0.000000
-1.000000 -0.000000 0.000000
-1.000000 0.000000 0.000000
-1.000000 0.000000 0.000000
-0.973839 -0.227240 0.000000
-0.973839 -0.227240 0.000000
-0.898223 -0.439541 0.000000
-0.973839 -0.227240 0.000000
-0.973839 -0.227240 0.000000
-0.973839 -0.227240 0.000000
-0.898222 -0.439541 0.000000
-0.898223 -0.439541 0.000000
-0.780095 -0.625661 0.000000
-0.898223 -0.439541 0.000000
-0.898222 -0.439541 0.000000
-0.898222 -0.439541 0.000000
-0.780095 -0.625661 0.000000
-0.780095 -0.625661 0.000000
-0.625661 -0.780095 0.000000
-0.780095 -0.625661 0.000000
-0.780095 -0.625661 0.000000
-0.780095 -0.625661 0.000000
-0.625661 -0.780095 0.000000
-0.625661 -0.780095 0.000000
-0.439541 -0.898223 0.000000
-0.625661 -0.780095 0.000000
-0.625661 -0.780095 0.000000
-0.625661 -0.780095 0.000000
-0.439540 -0.898223 0.000000
-0.439541 -0.898223 0.000000
-0.227241 -0.973839 0.000000
-0.439541 -0.898223 0.000000
-0.439540 -0.898223 0.000000
-0.439540 -0.898223 0.000000
-0.227241 -0.973839 0.000000
-0.227241 -0.973839 0.000000
0.000000 -1.000000 0.000000
-0.227241 -0.973839 0.000000
-0.227241 -0.973839 0.000000
-0.227241 -0.973839 0.000000
-0.000000 -1.000000 0.000000
0.000000 -1.000000 0.000000
0.227240 -0.973839 0.000000
0.000000 -1.000000 0.000000
-0.000000 -1.000000 0.000000
-0.000000 -1.000000 0.000000
0.227240 -0.973839 0.000000
0.227240 -0.973839 0.000000
0.439541 -0.898223 0.000000
0.227240 -0.973839 0.000000
0.227240 -0.973839 0.000000
0.227240 -0.973839 0.000000
0.439541 -0.898222 0.000000
0.439541 -0.898223 0.000000
0.625661 -0.780095 0.000000
0.439541 -0.898223 0.000000
0.439541 -0.898222 0.000000
0.439541 -0.898222 0.000000
0.625661 -0.780095 0.000000
0.625661 -0.780095 0.000000
0.780095 -0.625661 0.000000
0.625661 -0.780095 0.000000
0.625661 -0.780095 0.000000
0.625661 -0.780095 0.000000
0.780095 -0.625661 0.000000
0.780095 -0.625661 0.000000
0.898223 -0.439541 0.000000
0.780095 -0.625661 0.000000
0.780095 -0.625661 0.000000
0.780095 -0.625661 0.000000
0.898223 -0.439540 0.000000
0.898223 -0.439541 0.000000
0.973839 -0.227240 0.000000
0.898223 -0.439541 0.000000
0.898223 -0.439540 0.000000
0.898223 -0.439540 0.000000
0.973839 -0.227241 0.000000
0.973839 -0.227240 0.000000
1.000000 0.000000 0.000000
0.973839 -0.227240 0.000000
0.973839 -0.227241 0.000000
0.973839 -0.227241 0.000000
1.000000 -0.000000 0.000000
1.000000 0.000000 0.000000
0.000000 0.000000 -1.000000
0.000000 0.000000 -1.000000
0.000000 0.000000 -1.000000
0.000000 0.000000 -1.000000
0.000000 0.000000 -1.000000
0.000000 0.000000 -1.000000
0.000000 0.000000 -1.000000
0.000000 0.000000 -1.000000
0.000000 0.000000 -1.000000
0.000000 0.000000 -1.000000
0.000000 0.000000 -1.000000
0.000000 0.000000 -1.000000
0.000000 0.000000 -1.000000
0.000000 0.000000 -1.000000
0.000000 0.000000 -1.000000
0.000000 0.000000 -1.000000
0.000000 0.000000 -1.000000
0.000000 0.000000 -1.000000
0.000000 0.000000 -1.000000
0.000000 0.000000 -1.000000
0.000000 0.000000 -1.000000
0.000000 0.000000 -1.000000
0.000000 0.000000 -1.000000
0.000000 0.000000 -1.000000
0.000000 0.000000 -1.000000
0.000000 0.000000 -1.000000
0.000000 0.000000 -1.000000
0.000000 0.000000 -1.000000
0.000000 0.000000 -1.000000
0.000000 0.000000 -1.000000
0.000000 0.000000 -1.000000
0.000000 0.000000 -1.000000
0.000000 0.000000 -1.000000
0.000000 0.000000 -1.000000
0.000000 0.000000 -1.000000
0.000000 0.000000 -1.000000
0.000000 0.000000 -1.000000
0.000000 0.000000 -1.000000
0.000000 0.000000 -1.000000
0.000000 0.000000 -1.000000
0.000000 0.000000 -1.000000
0.000000 0.000000 -1.000000
0.000000 0.000000 -1.000000
0.000000 0.000000 -1.000000
0.000000 0.000000 -1.000000
0.000000 0.000000 -1.000000
0.000000 0.000000 -1.000000
0.000000 0.000000 -1.000000
0.000000 0.000000 -1.000000
0.000000 0.000000 -1.000000
0.000000 0.000000 -1.000000
0.000000 0.000000 -1.000000
0.000000 0.000000 -1.000000
0.000000 0.000000 -1.000000
0.000000 0.000000 -1.000000
0.000000 0.000000 -1.000000
0.000000 0.000000 -1.000000
0.000000 0.000000 -1.000000
0.000000 0.000000 -1.000000
0.000000 0.000000 -1.000000
0.000000 0.000000 -1.000000
0.000000 0.000000 -1.000000
0.000000 0.000000 -1.000000
0.000000 0.000000 -1.000000
0.000000 0.000000 -1.000000
0.000000 0.000000 -1.000000
0.000000 0.000000 -1.000000
0.000000 0.000000 -1.000000
0.000000 0.000000 -1.000000
0.000000 0.000000 -1.000000
0.000000 0.000000 -1.000000
0.000000 0.000000 -1.000000
0.000000 0.000000 -1.000000
0.000000 0.000000 -1.000000
0.000000 0.000000 -1.000000
0.000000 0.000000 -1.000000
0.000000 0.000000 -1.000000
0.000000 0.000000 -1.000000
0.000000 0.000000 1.000000
0.000000 0.000000 1.000000
0.000000 0.000000 1.000000
0.000000 0.000000 1.000000
0.000000 0.000000 1.000000
0.000000 0.000000 1.000000
0.000000 0.000000 1.000000
0.000000 0.000000 1.000000
0.000000 0.000000 1.000000
0.000000 0.000000 1.000000
0.000000 0.000000 1.000000
0.000000 0.000000 1.000000
0.000000 0.000000 1.000000
0.000000 0.000000 1.000000
0.000000 0.000000 1.000000
0.000000 0.000000 1.000000
0.000000 0.000000 1.000000
0.000000 0.000000 1.000000
0.000000 0.000000 1.000000
0.000000 0.000000 1.000000
0.000000 0.000000 1.000000
0.000000 0.000000 1.000000
0.000000 0.000000 1.000000
0.000000 0.000000 1.000000
0.000000 0.000000 1.000000
0.000000 0.000000 1.000000
0.000000 0.000000 1.000000
0.000000 0.000000 1.000000
0.000000 0.000000 1.000000
0.000000 0.000000 1.000000
0.000000 0.000000 1.000000
0.000000 0.000000 1.000000
0.000000 0.000000 1.000000
0.000000 0.000000 1.000000
0.000000 0.000000 1.000000
0.000000 0.000000 1.000000
0.000000 0.000000 1.000000
0.000000 0.000000 1.000000
0.000000 0.000000 1.000000
0.000000 0.000000 1.000000
0.000000 0.000000 1.000000
0.000000 0.000000 1.000000
0.000000 0.000000 1.000000
0.000000 0.000000 1.000000
0.000000 0.000000 1.000000
0.000000 0.000000 1.000000
0.000000 0.000000 1.000000
0.000000 0.000000 1.000000
0.000000 0.000000 1.000000
0.000000 0.000000 1.000000
0.000000 0.000000 1.000000
0.000000 0.000000 1.000000
0.000000 0.000000 1.000000
0.000000 0.000000 1.000000
0.000000 0.000000 1.000000
0.000000 0.000000 1.000000
0.000000 0.000000 1.000000
0.000000 0.000000 1.000000
0.000000 0.000000 1.000000
0.000000 0.000000 1.000000
0.000000 0.000000 1.000000
0.000000 0.000000 1.000000
0.000000 0.000000 1.000000
0.000000 0.000000 1.000000
0.000000 0.000000 1.000000
0.000000 0.000000 1.000000
0.000000 0.000000 1.000000
0.000000 0.000000 1.000000
0.000000 0.000000 1.000000
0.000000 0.000000 1.000000
0.000000 0.000000 1.000000
0.000000 0.000000 1.000000
0.000000 0.000000 1.000000
0.000000 0.000000 1.000000
0.000000 0.000000 1.000000
0.000000 0.000000 1.000000
0.000000 0.000000 1.000000
0.000000 0.000000 1.000000
1.000000 -0.000000 0.000000
0.973839 -0.000000 -0.227240
0.973839 -0.000000 -0.227240
0.973839 -0.000000 -0.227240
0.993410 0.000000 -0.114617
0.999485 -0.014431 -0.028659
1.000000 -0.000000 0.000000
0.973839 -0.000000 -0.227240
0.999485 -0.014431 -0.028659
1.000000 -0.000000 0.000000
0.999485 -0.014431 -0.028659
0.987786 -0.057854 0.144680
0.987786 -0.057854 0.144680
0.973839 0.000000 0.227240
1.000000 -0.000000 0.000000
0.973839 -0.000000 -0.227240
0.898222 -0.000000 -0.439541
0.898223 -0.000000 -0.439541
0.898223 -0.000000 -0.439541
0.973839 -0.000000 -0.227240
0.973839 -0.000000 -0.227240
0.973839 -0.000000 -0.227240
0.973839 -0.000000 -0.227240
1.000000 -0.000000 0.000000
1.000000 -0.000000 0.000000
0.999485 0.014431 -0.028659
0.993410 0.000000 -0.114617
0.973839 -0.000000 -0.227240
1.000000 -0.000000 0.000000
0.993410 0.000000 -0.114617
0.987786 -0.057854 0.144680
0.941308 -0.116565 0.316782
0.898223 0.000000 0.439540
0.898223 0.000000 0.439540
0.973839 0.000000 0.227240
0.987786 -0.057854 0.144680
-0.227240 0.000000 0.973839
-0.000000 0.000000 1.000000
-0.000000 -0.367976 0.929835
-0.000000 -0.367976 0.929835
-0.295553 -0.348964 0.889310
-0.227240 0.000000 0.973839
-0.227240 0.000000 0.973839
-0.295553 -0.348964 0.889310
-0.544172 -0.300779 0.783204
-0.544172 -0.300779 0.783204
-0.439540 0.000000 0.898223
-0.227240 0.000000 0.973839
-0.439540 0.000000 0.898223
-0.544172 -0.300779 0.783204
-0.728811 -0.239849 0.641333
-0.728811 -0.239849 0.641333
-0.625661 0.000000 0.780095
-0.439540 0.000000 0.898223
-0.625661 0.000000 0.780095
-0.728811 -0.239849 0.641333
-0.857346 -0.177196 0.483279
-0.857346 -0.177196 0.483279
-0.780095 0.000000 0.625661
-0.625661 0.000000 0.780095
-0.780095 0.000000 0.625661
-0.857346 -0.177196 0.483279
-0.941308 -0.116565 0.316783
-0.941308 -0.116565 0.316783
-0.898223 0.000000 0.439541
-0.780095 0.000000 0.625661
-0.898223 0.000000 0.439541
-0.941308 -0.116565 0.316783
-0.987786 -0.057854 0.144680
-0.987786 -0.057854 0.144680
-0.973839 0.000000 0.227240
-0.898223 0.000000 0.439541
-0.973839 0.000000 0.227240
-0.987786 -0.057854 0.144680
-0.999485 -0.014431 -0.028659
-0.999485 -0.014431 -0.028659
-1.000000 0.000000 -0.000000
-0.973839 0.000000 0.227240
-1.000000 0.000000 -0.000000
-0.999485 -0.014431 -0.028659
-0.993410 -0.000000 -0.114617
-1.000000 0.000000 -0.000000
-0.993410 -0.000000 -0.114617
-0.973839 -0.000000 -0.227240
-1.000000 0.000000 -0.000000
-0.973839 -0.000000 -0.227240
-0.973839 -0.000000 -0.227240
-0.973839 -0.000000 -0.227240
-0.973839 -0.000000 -0.227240
-0.898223 -0.000000 -0.439540
-0.898223 -0.000000 -0.439540
-0.898223 -0.000000 -0.439540
-0.973839 -0.000000 -0.227240
-0.898223 -0.000000 -0.439540
-0.898223 -0.000000 -0.439540
-0.780095 -0.000000 -0.625661
-0.780095 -0.000000 -0.625661
-0.780095 -0.000000 -0.625661
-0.898223 -0.000000 -0.439540
-0.780095 -0.000000 -0.625661
-0.780095 -0.000000 -0.625661
-0.625661 -0.000000 -0.780095
-0.625661 -0.000000 -0.780095
-0.625661 -0.000000 -0.780095
-0.780095 -0.000000 -0.625661
-0.625661 -0.000000 -0.780095
-0.625661 -0.000000 -0.780095
-0.439541 -0.000000 -0.898222
-0.439541 -0.000000 -0.898222
-0.439541 -0.000000 -0.898222
-0.625661 -0.000000 -0.780095
-0.439541 -0.000000 -0.898222
-0.439541 -0.000000 -0.898222
-0.227240 -0.000000 -0.973839
-0.227240 -0.000000 -0.973839
-0.227240 -0.000000 -0.973839
-0.439541 -0.000000 -0.898222
-0.227240 -0.000000 -0.973839
-0.227240 -0.000000 -0.973839
0.000000 -0.000000 -1.000000
0.000000 -0.000000 -1.000000
0.000000 -0.000000 -1.000000
-0.227240 -0.000000 -0.973839
0.000000 -0.000000 -1.000000
0.000000 -0.000000 -1.000000
0.227240 -0.000000 -0.973839
0.227240 -0.000000 -0.973839
0.227240 -0.000000 -0.973839
0.000000 -0.000000 -1.000000
0.227240 -0.000000 -0.973839
0.227240 -0.000000 -0.973839
0.439540 -0.000000 -0.898223
0.439540 -0.000000 -0.898223
0.439540 -0.000000 -0.898223
0.227240 -0.000000 -0.973839
0.439540 -0.000000 -0.898223
0.439540 -0.000000 -0.898223
0.625661 -0.000000 -0.780095
0.625661 -0.000000 -0.780095
0.625661 -0.000000 -0.780095
0.439540 -0.000000 -0.898223
0.625661 -0.000000 -0.780095
0.625661 -0.000000 -0.780095
0.780095 -0.000000 -0.625661
0.780095 -0.000000 -0.625661
0.780095 -0.000000 -0.625661
0.625661 -0.000000 -0.780095
0.780095 -0.000000 -0.625661
0.780095 -0.000000 -0.625661
0.898223 -0.000000 -0.439541
0.898223 -0.000000 -0.439541
0.898222 -0.000000 -0.439541
0.780095 -0.000000 -0.625661
0.898223 0.000000 0.439540
0.941308 -0.116565 0.316782
0.857346 -0.177196 0.483279
0.857346 -0.177196 0.483279
0.780095 0.000000 0.625661
0.898223 0.000000 0.439540
0.780095 0.000000 0.625661
0.857346 -0.177196 0.483279
0.728811 -0.239849 0.641333
0.728811 -0.239849 0.641333
0.625661 0.000000 0.780095
0.780095 0.000000 0.625661
0.625661 0.000000 0.780095
0.728811 -0.239849 0.641333
0.544173 -0.300779 0.783204
0.544173 -0.300779 0.783204
0.439541 0.000000 0.898223
0.625661 0.000000 0.780095
0.439541 0.000000 0.898223
0.544173 -0.300779 0.783204
0.295553 -0.348964 0.889310
0.295553 -0.348964 0.889310
0.227240 0.000000 0.973839
0.439541 0.000000 0.898223
0.227240 0.000000 0.973839
0.295553 -0.348964 0.889310
-0.000000 -0.367976 0.929835
-0.000000 -0.367976 0.929835
-0.000000 0.000000 1.000000
0.227240 0.000000 0.973839
0.973839 -0.000000 -0.227240
0.898223 -0.000000 -0.439541
0.898223 -0.000000 -0.439541
0.898223 -0.000000 -0.439541
0.973839 -0.000000 -0.227240
0.973839 -0.000000 -0.227240
0.999485 0.014431 -0.028659
1.000000 -0.000000 0.000000
0.973839 0.000000 0.227240
0.973839 0.000000 0.227240
0.987786 0.057854 0.144680
0.999485 0.014431 -0.028659
-0.999485 0.014431 -0.028659
-1.000000 -0.000000 -0.000000
-0.973839 -0.000000 -0.227240
-0.999485 0.014431 -0.028659
-0.973839 -0.000000 -0.227240
-0.973839 -0.000000 -0.227240
-0.993410 -0.000000 -0.114617
-0.999485 0.014431 -0.028659
-0.973839 -0.000000 -0.227240
-0.973839 -0.000000 -0.227240
-0.973839 -0.000000 -0.227240
-0.898223 -0.000000 -0.439540
-0.898223 -0.000000 -0.439540
-0.898223 -0.000000 -0.439540
-0.973839 -0.000000 -0.227240
-0.898223 -0.000000 -0.439540
-0.898223 -0.000000 -0.439540
-0.780095 -0.000000 -0.625661
-0.780095 -0.000000 -0.625661
-0.780095 -0.000000 -0.625661
-0.898223 -0.000000 -0.439540
-0.780095 -0.000000 -0.625661
-0.780095 -0.000000 -0.625661
-0.625661 -0.000000 -0.780095
-0.625661 -0.000000 -0.780095
-0.625661 -0.000000 -0.780095
-0.780095 -0.000000 -0.625661
-0.625661 -0.000000 -0.780095
-0.625661 -0.000000 -0.780095
-0.439541 -0.000000 -0.898223
-0.439541 -0.000000 -0.898223
-0.439541 -0.000000 -0.898222
-0.625661 -0.000000 -0.780095
-0.439541 -0.000000 -0.898222
-0.439541 -0.000000 -0.898223
-0.227240 -0.000000 -0.973839
-0.227240 -0.000000 -0.973839
-0.227240 -0.000000 -0.973839
-0.439541 -0.000000 -0.898222
-0.227240 -0.000000 -0.973839
-0.227240 -0.000000 -0.973839
0.000000 -0.000000 -1.000000
0.000000 -0.000000 -1.000000
0.000000 -0.000000 -1.000000
-0.227240 -0.000000 -0.973839
0.000000 -0.000000 -1.000000
0.000000 -0.000000 -1.000000
0.227240 -0.000000 -0.973839
0.227240 -0.000000 -0.973839
0.227240 -0.000000 -0.973839
0.000000 -0.000000 -1.000000
0.227240 -0.000000 -0.973839
0.227240 -0.000000 -0.973839
0.439540 -0.000000 -0.898223
0.439540 -0.000000 -0.898223
0.439540 -0.000000 -0.898223
0.227240 -0.000000 -0.973839
0.439540 -0.000000 -0.898223
0.439540 -0.000000 -0.898223
0.625661 -0.000000 -0.780095
0.625661 -0.000000 -0.780095
0.625661 -0.000000 -0.780095
0.439540 -0.000000 -0.898223
0.625661 -0.000000 -0.780095
0.625661 -0.000000 -0.780095
0.780095 -0.000000 -0.625661
0.780095 -0.000000 -0.625661
0.780095 -0.000000 -0.625661
0.625661 -0.000000 -0.780095
0.898223 -0.000000 -0.439541
0.780095 -0.000000 -0.625661
0.780095 -0.000000 -0.625661
0.780095 -0.000000 -0.625661
0.898223 -0.000000 -0.439541
0.898223 -0.000000 -0.439541
0.973839 0.000000 0.227240
0.898223 0.000000 0.439540
0.941308 0.116565 0.316782
0.941308 0.116565 0.316782
0.987786 0.057854 0.144680
0.973839 0.000000 0.227240
-0.227240 0.000000 0.973839
-0.439540 0.000000 0.898223
-0.544172 0.300780 0.783204
-0.544172 0.300780 0.783204
-0.295553 0.348965 0.889310
-0.227240 0.000000 0.973839
-0.227240 0.000000 0.973839
-0.295553 0.348965 0.889310
-0.000000 0.367976 0.929835
-0.000000 0.367976 0.929835
-0.000000 0.000000 1.000000
-0.227240 0.000000 0.973839
-0.000000 0.000000 1.000000
-0.000000 0.367976 0.929835
0.295553 0.348965 0.889310
0.295553 0.348965 0.889310
0.227240 0.000000 0.973839
-0.000000 0.000000 1.000000
0.227240 0.000000 0.973839
0.295553 0.348965 0.889310
0.544173 0.300780 0.783203
0.544173 0.300780 0.783203
0.439541 0.000000 0.898223
0.227240 0.000000 0.973839
0.544173 0.300780 0.783203
0.728810 0.239848 0.641333
0.625661 0.000000 0.780095
0.625661 0.000000 0.780095
0.439541 0.000000 0.898223
0.544173 0.300780 0.783203
0.728810 0.239848 0.641333
0.857346 0.177196 0.483279
0.780095 0.000000 0.625661
0.780095 0.000000 0.625661
0.625661 0.000000 0.780095
0.728810 0.239848 0.641333
0.780095 0.000000 0.625661
0.857346 0.177196 0.483279
0.941308 0.116565 0.316782
0.941308 0.116565 0.316782
0.898223 0.000000 0.439540
0.780095 0.000000 0.625661
-0.999485 0.014431 -0.028659
-0.987786 0.057854 0.144680
-0.973839 0.000000 0.227240
-0.973839 0.000000 0.227240
-1.000000 -0.000000 -0.000000
-0.999485 0.014431 -0.028659
-0.973839 0.000000 0.227240
-0.987786 0.057854 0.144680
-0.941308 0.116566 0.316782
-0.941308 0.116566 0.316782
-0.898223 0.000000 0.439541
-0.973839 0.000000 0.227240
-0.898223 0.000000 0.439541
-0.941308 0.116566 0.316782
-0.857346 0.177196 0.483279
-0.857346 0.177196 0.483279
-0.780095 0.000000 0.625661
-0.898223 0.000000 0.439541
-0.780095 0.000000 0.625661
-0.857346 0.177196 0.483279
-0.728811 0.239849 0.641333
-0.728811 0.239849 0.641333
-0.625661 0.000000 0.780095
-0.780095 0.000000 0.625661
-0.625661 0.000000 0.780095
-0.728811 0.239849 0.641333
-0.544172 0.300780 0.783204
-0.544172 0.300780 0.783204
-0.439540 0.000000 0.898223
-0.625661 0.000000 0.780095
-0.295553 -0.889310 0.348965
-0.227240 -0.973839 0.000000
-0.439540 -0.898223 0.000000
-0.439540 -0.898223 0.000000
-0.544172 -0.783204 0.300779
-0.295553 -0.889310 0.348965
-0.295553 -0.889310 0.348965
-0.000000 -0.929835 0.367976
-0.000000 -1.000000 0.000000
-0.000000 -1.000000 0.000000
-0.227240 -0.973839 0.000000
-0.295553 -0.889310 0.348965
-0.000000 -0.929835 0.367976
0.295553 -0.889310 0.348964
0.227240 -0.973839 0.000000
0.227240 -0.973839 0.000000
-0.000000 -1.000000 0.000000
-0.000000 -0.929835 0.367976
0.439541 -0.898223 0.000000
0.227240 -0.973839 0.000000
0.295553 -0.889310 0.348964
0.295553 -0.889310 0.348964
0.544173 -0.783204 0.300779
0.439541 -0.898223 0.000000
0.728810 -0.641333 0.239849
0.625661 -0.780095 0.000000
0.439541 -0.898223 0.000000
0.439541 -0.898223 0.000000
0.544173 -0.783204 0.300779
0.728810 -0.641333 0.239849
0.857347 -0.483279 0.177196
0.780095 -0.625661 0.000000
0.625661 -0.780095 0.000000
0.625661 -0.780095 0.000000
0.728810 -0.641333 0.239849
0.857347 -0.483279 0.177196
0.898223 -0.439540 -0.000000
0.780095 -0.625661 0.000000
0.857347 -0.483279 0.177196
0.857347 -0.483279 0.177196
0.941308 -0.316782 0.116565
0.898223 -0.439540 -0.000000
0.987786 -0.144680 0.057854
0.973839 -0.227240 -0.000000
0.898223 -0.439540 -0.000000
0.898223 -0.439540 -0.000000
0.941308 -0.316782 0.116565
0.987786 -0.144680 0.057854
0.999585 0.000000 0.028802
1.000000 -0.000000 -0.000000
0.973839 -0.227240 -0.000000
0.973839 -0.227240 -0.000000
0.987786 -0.144680 0.057854
0.999585 0.000000 0.028802
0.999585 0.000000 0.028802
0.987786 0.144681 0.057854
0.973839 0.227240 0.000000
0.973839 0.227240 0.000000
1.000000 -0.000000 -0.000000
0.999585 0.000000 0.028802
0.941308 0.316782 0.116565
0.898223 0.439541 0.000000
0.973839 0.227240 0.000000
0.973839 0.227240 0.000000
0.987786 0.144681 0.057854
0.941308 0.316782 0.116565
0.857346 0.483279 0.177196
0.780095 0.625661 -0.000000
0.898223 0.439541 0.000000
0.898223 0.439541 0.000000
0.941308 0.316782 0.116565
0.857346 0.483279 0.177196
0.728811 0.641333 0.239849
0.625661 0.780095 0.000000
0.780095 0.625661 -0.000000
0.780095 0.625661 -0.000000
0.857346 0.483279 0.177196
0.728811 0.641333 0.239849
0.544172 0.783204 0.300779
0.439540 0.898223 0.000000
0.625661 0.780095 0.000000
0.625661 0.780095 0.000000
0.728811 0.641333 0.239849
0.544172 0.783204 0.300779
0.295553 0.889310 0.348964
0.227240 0.973839 0.000000
0.439540 0.898223 0.000000
0.439540 0.898223 0.000000
0.544172 0.783204 0.300779
0.295553 0.889310 0.348964
0.000001 1.000000 0.000000
0.227240 0.973839 0.000000
0.295553 0.889310 0.348964
0.295553 0.889310 0.348964
0.000000 0.929835 0.367977
0.000001 1.000000 0.000000
-0.227240 0.973839 0.000000
0.000001 1.000000 0.000000
0.000000 0.929835 0.367977
0.000000 0.929835 0.367977
-0.295553 0.889310 0.348964
-0.227240 0.973839 0.000000
-0.295553 0.889310 0.348964
-0.544173 0.783204 0.300779
-0.439541 0.898222 0.000000
-0.439541 0.898222 0.000000
-0.227240 0.973839 0.000000
-0.295553 0.889310 0.348964
-0.544173 0.783204 0.300779
-0.728811 0.641333 0.239849
-0.625661 0.780095 0.000000
-0.625661 0.780095 0.000000
-0.439541 0.898222 0.000000
-0.544173 0.783204 0.300779
-0.857346 0.483279 0.177196
-0.780095 0.625661 -0.000000
-0.625661 0.780095 0.000000
-0.625661 0.780095 0.000000
-0.728811 0.641333 0.239849
-0.857346 0.483279 0.177196
-0.941308 0.316782 0.116565
-0.898223 0.439540 0.000000
-0.780095 0.625661 -0.000000
-0.780095 0.625661 -0.000000
-0.857346 0.483279 0.177196
-0.941308 0.316782 0.116565
-0.973839 0.227240 0.000000
-0.898223 0.439540 0.000000
-0.941308 0.316782 0.116565
-0.941308 0.316782 0.116565
-0.987786 0.144680 0.057854
-0.973839 0.227240 0.000000
-0.999585 0.000000 0.028802
-1.000000 -0.000000 0.000000
-0.973839 0.227240 0.000000
-0.973839 0.227240 0.000000
-0.987786 0.144680 0.057854
-0.999585 0.000000 0.028802
-0.987786 -0.144680 0.057854
-0.973839 -0.227240 -0.000000
-1.000000 -0.000000 0.000000
-1.000000 -0.000000 0.000000
-0.999585 0.000000 0.028802
-0.987786 -0.144680 0.057854
-0.941308 -0.316782 0.116566
-0.898223 -0.439541 -0.000000
-0.973839 -0.227240 -0.000000
-0.973839 -0.227240 -0.000000
-0.987786 -0.144680 0.057854
-0.941308 -0.316782 0.116566
-0.857347 -0.483279 0.177196
-0.780095 -0.625661 0.000000
-0.898223 -0.439541 -0.000000
-0.898223 -0.439541 -0.000000
-0.941308 -0.316782 0.116566
-0.857347 -0.483279 0.177196
-0.728811 -0.641333 0.239849
-0.625661 -0.780095 0.000000
-0.780095 -0.625661 0.000000
-0.780095 -0.625661 0.000000
-0.857347 -0.483279 0.177196
-0.728811 -0.641333 0.239849
-0.544172 -0.783204 0.300779
-0.439540 -0.898223 0.000000
-0.625661 -0.780095 0.000000
-0.625661 -0.780095 0.000000
-0.728811 -0.641333 0.239849
-0.544172 -0.783204 0.300779
-0.000001 -1.000000 -0.000000
-0.000003 -1.000000 -0.000001
-0.000000 -1.000000 0.000000
-0.000000 -1.000000 0.000000
0.000000 -1.000000 0.000000
0.000000 -1.000000 0.000000
0.000000 -1.000000 0.000000
0.000000 -1.000000 0.000000
0.000000 -1.000000 0.000000
-0.000000 -1.000000 0.000000
0.000000 -1.000000 0.000000
0.000000 -1.000000 0.000000
0.000000 -1.000000 0.000000
0.000000 -1.000000 0.000000
0.000000 -1.000000 0.000000
0.000000 -1.000000 0.000000
0.000000 -1.000000 0.000000
0.000000 -1.000000 0.000000
0.000000 -1.000000 0.000000
0.000000 -1.000000 0.000000
0.000000 -1.000000 0.000000
0.000000 -1.000000 0.000000
0.000003 -1.000000 -0.000001
0.000001 -1.000000 -0.000000
0.000001 -1.000000 -0.000000
0.000000 -1.000000 0.000000
-0.000000 -1.000000 0.000000
0.000000 -1.000000 0.000000
0.000001 -1.000000 -0.000000
-0.000000 -1.000000 0.000000
0.000000 -1.000000 0.000000
0.000000 -1.000000 0.000000
-0.000000 -1.000000 0.000000
-0.000000 -1.000000 0.000000
-0.000003 -1.000000 -0.000001
0.000000 -1.000000 0.000001
0.000000 -1.000000 0.000001
0.000000 -1.000000 0.000000
0.000000 -1.000000 0.000000
-0.000000 -1.000000 0.000000
0.000000 -1.000000 0.000001
0.000000 -1.000000 0.000000
0.000000 -1.000000 0.000000
0.000000 -1.000000 0.000000
0.000000 -1.000000 0.000000
0.000000 -1.000000 0.000000
0.000000 -1.000000 0.000000
-0.000000 -1.000000 0.000000
0.000000 -1.000000 0.000000
0.000000 -1.000000 0.000000
-0.000000 -1.000000 0.000000
-0.000000 -1.000000 0.000000
0.000000 -1.000000 0.000000
-0.000000 -1.000000 0.000000
-0.000000 -1.000000 0.000000
0.000000 -1.000000 0.000000
-0.000000 -1.000000 0.000001
-0.000000 -1.000000 0.000001
0.000003 -1.000000 -0.000001
0.000000 -1.000000 0.000000
-0.000000 -1.000000 0.000000
-0.000000 -1.000000 0.000001
0.000000 -1.000000 0.000000
-0.000000 -1.000000 0.000000
-0.000000 -1.000000 0.000000
0.000000 -1.000000 0.000000
0.000000 -1.000000 0.000000
-0.000000 -1.000000 0.000000
0.000000 -1.000000 0.000000
-0.000000 -1.000000 0.000000
0.000000 -1.000000 0.000000
0.000000 -1.000000 0.000000
-0.000001 -1.000000 -0.000000
-0.000000 -1.000000 0.000000
0.000000 -1.000000 0.000000
0.000000 -1.000000 0.000000
-0.000001 -1.000000 -0.000000
0.000000 -1.000000 0.000000
0.000000 1.000000 0.000000
0.000000 1.000000 0.000000
0.000000 1.000000 0.000000
0.000000 1.000000 0.000000
0.000000 1.000000 0.000000
0.000000 1.000000 0.000000
0.000000 1.000000 0.000000
0.000000 1.000000 0.000000
0.000000 1.000000 0.000000
0.000000 1.000000 0.000000
0.000000 1.000000 0.000000
0.000000 1.000000 0.000000
0.000000 1.000000 0.000000
0.000000 1.000000 0.000000
0.000000 1.000000 0.000000
0.000000 1.000000 0.000000
0.000000 1.000000 0.000000
0.000000 1.000000 0.000000
0.000000 1.000000 0.000000
0.000000 1.000000 0.000000
0.000000 1.000000 0.000000
0.000000 1.000000 0.000000
0.000000 1.000000 0.000000
0.000000 1.000000 0.000000
0.000000 1.000000 0.000000
0.000000 1.000000 0.000000
0.000000 1.000000 0.000000
0.000000 1.000000 0.000000
0.000000 1.000000 0.000000
0.000000 1.000000 0.000000
0.000000 1.000000 0.000000
0.000000 1.000000 0.000000
0.000000 1.000000 0.000000
0.000000 1.000000 0.000000
0.000000 1.000000 0.000000
0.000000 1.000000 0.000000
0.000000 1.000000 0.000000
0.000000 1.000000 0.000000
0.000000 1.000000 0.000000
0.000000 1.000000 0.000000
0.000000 1.000000 0.000000
0.000000 1.000000 0.000000
0.000000 1.000000 0.000000
0.000000 1.000000 0.000000
0.000000 1.000000 0.000000
0.000000 1.000000 0.000000
0.000000 1.000000 0.000000
0.000000 1.000000 0.000000
0.000000 1.000000 0.000000
0.000000 1.000000 0.000000
0.000000 1.000000 0.000000
0.000000 1.000000 0.000000
0.000000 1.000000 0.000000
0.000000 1.000000 0.000000
0.000000 1.000000 0.000000
0.000000 1.000000 0.000000
0.000000 1.000000 0.000000
0.000000 1.000000 0.000000
0.000000 1.000000 0.000000
0.000000 1.000000 0.000000
0.000000 1.000000 0.000000
0.000000 1.000000 0.000000
0.000000 1.000000 0.000000
0.000000 1.000000 0.000000
0.000000 1.000000 0.000000
0.000000 1.000000 0.000000
0.000000 1.000000 0.000000
0.000000 1.000000 0.000000
0.000000 1.000000 0.000000
0.000000 1.000000 0.000000
0.000000 1.000000 0.000000
0.000000 1.000000 0.000000
0.000000 1.000000 0.000000
0.000000 1.000000 0.000000
0.000000 1.000000 0.000000
0.000000 1.000000 0.000000
0.000000 1.000000 0.000000
0.000000 1.000000 0.000000
-0.000000 -0.000003 1.000000
-0.000002 0.000006 1.000000
-0.000000 0.000000 1.000000
-0.000000 0.000000 1.000000
-0.000002 0.000003 1.000000
0.000001 -0.000000 1.000000
0.000001 -0.000000 1.000000
0.000000 0.000000 1.000000
0.000000 0.000000 1.000000
-0.000000 0.000000 1.000000
0.000001 -0.000000 1.000000
0.000000 0.000000 1.000000
0.000000 0.000000 1.000000
0.000000 0.000000 1.000000
-0.000001 0.000000 1.000000
-0.000001 0.000000 1.000000
0.000003 0.000002 1.000000
0.000001 0.000000 1.000000
0.000000 0.000000 1.000000
-0.000001 0.000000 1.000000
0.000001 0.000000 1.000000
0.000001 0.000000 1.000000
0.000000 0.000000 1.000000
0.000001 0.000002 1.000000
0.000001 0.000002 1.000000
0.000002 0.000006 1.000000
0.000000 0.000001 1.000000
0.000001 0.000000 1.000000
0.000001 0.000002 1.000000
0.000000 0.000001 1.000000
0.000000 0.000000 1.000000
0.000001 0.000000 1.000000
0.000000 0.000001 1.000000
0.000000 0.000001 1.000000
-0.000002 0.000006 1.000000
-0.000001 0.000002 1.000000
-0.000001 0.000002 1.000000
0.000000 0.000000 1.000000
-0.000001 0.000000 1.000000
0.000000 0.000001 1.000000
-0.000001 0.000002 1.000000
-0.000001 0.000000 1.000000
-0.000001 0.000000 1.000000
-0.000003 0.000002 1.000000
0.000001 0.000000 1.000000
0.000001 0.000000 1.000000
0.000000 0.000000 1.000000
-0.000000 0.000000 1.000000
-0.000001 0.000000 1.000000
0.000001 0.000000 1.000000
-0.000000 0.000000 1.000000
0.000000 0.000001 1.000000
-0.000001 0.000000 1.000000
-0.000000 0.000000 1.000000
-0.000000 0.000000 1.000000
0.000000 0.000000 1.000000
-0.000001 -0.000000 1.000000
-0.000001 -0.000000 1.000000
0.000002 0.000003 1.000000
0.000000 0.000000 1.000000
-0.000000 0.000000 1.000000
-0.000001 -0.000000 1.000000
0.000000 0.000000 1.000000
0.000000 0.000001 1.000000
-0.000000 0.000000 1.000000
0.000000 0.000000 1.000000
0.000000 0.000000 1.000000
0.000000 0.000001 1.000000
0.000000 0.000000 1.000000
-0.000000 0.000000 1.000000
0.000000 0.000000 1.000000
0.000000 0.000000 1.000000
-0.000000 -0.000003 1.000000
-0.000000 0.000000 1.000000
0.000000 0.000000 1.000000
0.000002 0.000006 1.000000
-0.000000 -0.000003 1.000000
0.000000 0.000000 1.000000
0.999485 -0.014431 -0.028659
0.993410 0.000000 -0.114617
0.999485 0.014431 -0.028659
0.999485 0.014431 -0.028659
0.999585 0.000000 0.028802
0.999485 -0.014431 -0.028659
-0.999485 -0.014431 -0.028659
-0.999585 0.000000 0.028802
-0.999485 0.014431 -0.028659
-0.999485 0.014431 -0.028659
-0.993410 -0.000000 -0.114617
-0.999485 -0.014431 -0.028659
0.704765 -0.709441 0.000000
0.704765 -0.709440 0.000000
0.686347 -0.709421 -0.160155
0.686347 -0.709421 -0.160155
0.686347 -0.709421 -0.160155
0.704765 -0.709441 0.000000
0.999485 -0.014431 -0.028659
0.999585 0.000000 0.028802
0.987786 -0.144680 0.057854
0.987786 -0.144680 0.057854
0.987786 -0.057854 0.144680
0.999485 -0.014431 -0.028659
0.686348 -0.709420 0.160156
0.686348 -0.709420 0.160156
0.704765 -0.709440 0.000000
0.704765 -0.709440 0.000000
0.704765 -0.709441 0.000000
0.686348 -0.709420 0.160156
0.686347 -0.709421 -0.160155
0.686347 -0.709421 -0.160155
0.633159 -0.709305 -0.309833
0.633159 -0.709305 -0.309833
0.633159 -0.709305 -0.309833
0.686347 -0.709421 -0.160155
0.686348 0.709420 -0.160156
0.686348 0.709420 -0.160155
0.704765 0.709440 0.000000
0.704765 0.709440 0.000000
0.704765 0.709441 0.000000
0.686348 0.709420 -0.160156
0.987786 -0.057854 0.144680
0.987786 -0.144680 0.057854
0.941308 -0.316782 0.116565
0.941308 -0.316782 0.116565
0.941308 -0.116565 0.316782
0.987786 -0.057854 0.144680
0.633159 -0.709304 0.309833
0.633159 -0.709305 0.309833
0.686348 -0.709420 0.160156
0.686348 -0.709420 0.160156
0.686348 -0.709420 0.160156
0.633159 -0.709304 0.309833
-0.160156 -0.709420 0.686348
-0.160156 -0.709420 0.686348
-0.000000 -0.709440 0.704765
-0.000000 -0.709440 0.704765
-0.000000 -0.709440 0.704765
-0.160156 -0.709420 0.686348
-0.000000 -0.367976 0.929835
-0.000000 -0.929835 0.367976
-0.295553 -0.889310 0.348965
-0.295553 -0.889310 0.348965
-0.295553 -0.348964 0.889310
-0.000000 -0.367976 0.929835
-0.295553 -0.348964 0.889310
-0.295553 -0.889310 0.348965
-0.544172 -0.783204 0.300779
-0.544172 -0.783204 0.300779
-0.544172 -0.300779 0.783204
-0.295553 -0.348964 0.889310
-0.309833 -0.709304 0.633159
-0.309833 -0.709305 0.633159
-0.160156 -0.709420 0.686348
-0.160156 -0.709420 0.686348
-0.160156 -0.709420 0.686348
-0.309833 -0.709304 0.633159
-0.544172 -0.300779 0.783204
-0.544172 -0.783204 0.300779
-0.728811 -0.641333 0.239849
-0.728811 -0.641333 0.239849
-0.728811 -0.239849 0.641333
-0.544172 -0.300779 0.783204
-0.441080 -0.709225 0.549954
-0.441080 -0.709225 0.549953
-0.309833 -0.709305 0.633159
-0.309833 -0.709305 0.633159
-0.309833 -0.709304 0.633159
-0.441080 -0.709225 0.549954
-0.728811 -0.239849 0.641333
-0.728811 -0.641333 0.239849
-0.857347 -0.483279 0.177196
-0.857347 -0.483279 0.177196
-0.857346 -0.177196 0.483279
-0.728811 -0.239849 0.641333
-0.549954 -0.709225 0.441080
-0.549954 -0.709224 0.441080
-0.441080 -0.709225 0.549953
-0.441080 -0.709225 0.549953
-0.441080 -0.709225 0.549954
-0.549954 -0.709225 0.441080
-0.857346 -0.177196 0.483279
-0.857347 -0.483279 0.177196
-0.941308 -0.316782 0.116566
-0.941308 -0.316782 0.116566
-0.941308 -0.116565 0.316783
-0.857346 -0.177196 0.483279
-0.633159 -0.709304 0.309834
-0.633159 -0.709304 0.309834
-0.549954 -0.709224 0.441080
-0.549954 -0.709224 0.441080
-0.549954 -0.709225 0.441080
-0.633159 -0.709304 0.309834
-0.941308 -0.116565 0.316783
-0.941308 -0.316782 0.116566
-0.987786 -0.144680 0.057854
-0.987786 -0.144680 0.057854
-0.987786 -0.057854 0.144680
-0.941308 -0.116565 0.316783
-0.686348 -0.709420 0.160156
-0.686348 -0.709420 0.160156
-0.633159 -0.709304 0.309834
-0.633159 -0.709304 0.309834
-0.633159 -0.709304 0.309834
-0.686348 -0.709420 0.160156
-0.987786 -0.057854 0.144680
-0.987786 -0.144680 0.057854
-0.999585 0.000000 0.028802
-0.999585 0.000000 0.028802
-0.999485 -0.014431 -0.028659
-0.987786 -0.057854 0.144680
-0.704765 -0.709440 0.000000
-0.704765 -0.709440 0.000000
-0.686348 -0.709420 0.160156
-0.686348 -0.709420 0.160156
-0.686348 -0.709420 0.160156
-0.704765 -0.709440 0.000000
-0.686347 -0.709421 -0.160155
-0.686347 -0.709421 -0.160155
-0.704765 -0.709440 0.000000
-0.704765 -0.709440 0.000000
-0.704765 -0.709440 0.000000
-0.686347 -0.709421 -0.160155
-0.633159 -0.709305 -0.309833
-0.633159 -0.709305 -0.309833
-0.686347 -0.709421 -0.160155
-0.686347 -0.709421 -0.160155
-0.686347 -0.709421 -0.160155
-0.633159 -0.709305 -0.309833
-0.549954 -0.709224 -0.441080
-0.549954 -0.709224 -0.441080
-0.633159 -0.709305 -0.309833
-0.633159 -0.709305 -0.309833
-0.633159 -0.709305 -0.309833
-0.549954 -0.709224 -0.441080
-0.441080 -0.709224 -0.549954
-0.441081 -0.709224 -0.549954
-0.549954 -0.709224 -0.441080
-0.549954 -0.709224 -0.441080
-0.549954 -0.709224 -0.441080
-0.441080 -0.709224 -0.549954
-0.309834 -0.709304 -0.633159
-0.309834 -0.709304 -0.633159
-0.441081 -0.709224 -0.549954
-0.441081 -0.709224 -0.549954
-0.441080 -0.709224 -0.549954
-0.309834 -0.709304 -0.633159
-0.160155 -0.709420 -0.686347
-0.160155 -0.709420 -0.686348
-0.309834 -0.709304 -0.633159
-0.309834 -0.709304 -0.633159
-0.309834 -0.709304 -0.633159
-0.160155 -0.709420 -0.686347
0.000000 -0.709440 -0.704765
0.000000 -0.709440 -0.704765
-0.160155 -0.709420 -0.686348
-0.160155 -0.709420 -0.686348
-0.160155 -0.709420 -0.686347
0.000000 -0.709440 -0.704765
0.160156 -0.709420 -0.686348
0.160156 -0.709420 -0.686348
0.000000 -0.709440 -0.704765
0.000000 -0.709440 -0.704765
0.000000 -0.709440 -0.704765
0.160156 -0.709420 -0.686348
0.309833 -0.709304 -0.633159
0.309833 -0.709304 -0.633159
0.160156 -0.709420 -0.686348
0.160156 -0.709420 -0.686348
0.160156 -0.709420 -0.686348
0.309833 -0.709304 -0.633159
0.441080 -0.709224 -0.549954
0.441080 -0.709224 -0.549954
0.309833 -0.709304 -0.633159
0.309833 -0.709304 -0.633159
0.309833 -0.709304 -0.633159
0.441080 -0.709224 -0.549954
0.549954 -0.709224 -0.441080
0.549954 -0.709224 -0.441080
0.441080 -0.709224 -0.549954
0.441080 -0.709224 -0.549954
0.441080 -0.709224 -0.549954
0.549954 -0.709224 -0.441080
0.633159 -0.709305 -0.309833
0.633159 -0.709305 -0.309833
0.549954 -0.709224 -0.441080
0.549954 -0.709224 -0.441080
0.549954 -0.709224 -0.441080
0.633159 -0.709305 -0.309833
0.941308 -0.116565 0.316782
0.941308 -0.316782 0.116565
0.857347 -0.483279 0.177196
0.857347 -0.483279 0.177196
0.857346 -0.177196 0.483279
0.941308 -0.116565 0.316782
0.549953 -0.709225 0.441080
0.549953 -0.709225 0.441080
0.633159 -0.709305 0.309833
0.633159 -0.709305 0.309833
0.633159 -0.709304 0.309833
0.549953 -0.709225 0.441080
0.857346 -0.177196 0.483279
0.857347 -0.483279 0.177196
0.728810 -0.641333 0.239849
0.728810 -0.641333 0.239849
0.728811 -0.239849 0.641333
0.857346 -0.177196 0.483279
0.441080 -0.709225 0.549954
0.441080 -0.709225 0.549954
0.549953 -0.709225 0.441080
0.549953 -0.709225 0.441080
0.549953 -0.709225 0.441080
0.441080 -0.709225 0.549954
0.728811 -0.239849 0.641333
0.728810 -0.641333 0.239849
0.544173 -0.783204 0.300779
0.544173 -0.783204 0.300779
0.544173 -0.300779 0.783204
0.728811 -0.239849 0.641333
0.309833 -0.709304 0.633159
0.309834 -0.709304 0.633159
0.441080 -0.709225 0.549954
0.441080 -0.709225 0.549954
0.441080 -0.709225 0.549954
0.309833 -0.709304 0.633159
0.544173 -0.300779 0.783204
0.544173 -0.783204 0.300779
0.295553 -0.889310 0.348964
0.295553 -0.889310 0.348964
0.295553 -0.348964 0.889310
0.544173 -0.300779 0.783204
0.160156 -0.709420 0.686348
0.160156 -0.709420 0.686348
0.309834 -0.709304 0.633159
0.309834 -0.709304 0.633159
0.309833 -0.709304 0.633159
0.160156 -0.709420 0.686348
0.295553 -0.348964 0.889310
0.295553 -0.889310 0.348964
-0.000000 -0.929835 0.367976
-0.000000 -0.929835 0.367976
-0.000000 -0.367976 0.929835
0.295553 -0.348964 0.889310
-0.000000 -0.709440 0.704765
-0.000000 -0.709440 0.704765
0.160156 -0.709420 0.686348
0.160156 -0.709420 0.686348
0.160156 -0.709420 0.686348
-0.000000 -0.709440 0.704765
0.633159 0.709304 -0.309834
0.633159 0.709304 -0.309834
0.686348 0.709420 -0.160155
0.686348 0.709420 -0.160155
0.686348 0.709420 -0.160156
0.633159 0.709304 -0.309834
0.704765 0.709441 0.000000
0.704765 0.709440 0.000000
0.686348 0.709420 0.160156
0.686348 0.709420 0.160156
0.686348 0.709420 0.160156
0.704765 0.709441 0.000000
0.987786 0.057854 0.144680
0.987786 0.144681 0.057854
0.999585 0.000000 0.028802
0.999585 0.000000 0.028802
0.999485 0.014431 -0.028659
0.987786 0.057854 0.144680
-0.704765 0.709440 0.000000
-0.704765 0.709440 0.000000
-0.686348 0.709420 -0.160156
-0.686348 0.709420 -0.160156
-0.686348 0.709420 -0.160156
-0.704765 0.709440 0.000000
-0.686348 0.709420 -0.160156
-0.686348 0.709420 -0.160156
-0.633160 0.709304 -0.309833
-0.633160 0.709304 -0.309833
-0.633159 0.709304 -0.309833
-0.686348 0.709420 -0.160156
-0.633159 0.709304 -0.309833
-0.633160 0.709304 -0.309833
-0.549954 0.709224 -0.441080
-0.549954 0.709224 -0.441080
-0.549954 0.709224 -0.441080
-0.633159 0.709304 -0.309833
-0.549954 0.709224 -0.441080
-0.549954 0.709224 -0.441080
-0.441080 0.709224 -0.549954
-0.441080 0.709224 -0.549954
-0.441080 0.709224 -0.549954
-0.549954 0.709224 -0.441080
-0.441080 0.709224 -0.549954
-0.441080 0.709224 -0.549954
-0.309833 0.709304 -0.633159
-0.309833 0.709304 -0.633159
-0.309833 0.709304 -0.633159
-0.441080 0.709224 -0.549954
-0.309833 0.709304 -0.633159
-0.309833 0.709304 -0.633159
-0.160156 0.709420 -0.686348
-0.160156 0.709420 -0.686348
-0.160155 0.709420 -0.686348
-0.309833 0.709304 -0.633159
-0.160155 0.709420 -0.686348
-0.160156 0.709420 -0.686348
0.000000 0.709440 -0.704766
0.000000 0.709440 -0.704766
0.000000 0.709440 -0.704766
-0.160155 0.709420 -0.686348
0.000000 0.709440 -0.704766
0.000000 0.709440 -0.704766
0.160155 0.709420 -0.686348
0.160155 0.709420 -0.686348
0.160155 0.709420 -0.686348
0.000000 0.709440 -0.704766
0.160155 0.709420 -0.686348
0.160155 0.709420 -0.686348
0.309833 0.709304 -0.633159
0.309833 0.709304 -0.633159
0.309833 0.709304 -0.633159
0.160155 0.709420 -0.686348
0.309833 0.709304 -0.633159
0.309833 0.709304 -0.633159
0.441080 0.709224 -0.549954
0.441080 0.709224 -0.549954
0.441080 0.709224 -0.549954
0.309833 0.709304 -0.633159
0.441080 0.709224 -0.549954
0.441080 0.709224 -0.549954
0.549954 0.709224 -0.441080
0.549954 0.709224 -0.441080
0.549954 0.709224 -0.441080
0.441080 0.709224 -0.549954
0.549954 0.709224 -0.441080
0.549954 0.709224 -0.441080
0.633159 0.709304 -0.309834
0.633159 0.709304 -0.309834
0.633159 0.709304 -0.309834
0.549954 0.709224 -0.441080
0.686348 0.709420 0.160156
0.686348 0.709420 0.160156
0.633159 0.709304 0.309833
0.633159 0.709304 0.309833
0.633159 0.709304 0.309833
0.686348 0.709420 0.160156
0.941308 0.116565 0.316782
0.941308 0.316782 0.116565
0.987786 0.144681 0.057854
0.987786 0.144681 0.057854
0.987786 0.057854 0.144680
0.941308 0.116565 0.316782
-0.160156 0.709420 0.686348
-0.160156 0.709420 0.686347
-0.309833 0.709304 0.633159
-0.309833 0.709304 0.633159
-0.309833 0.709304 0.633159
-0.160156 0.709420 0.686348
-0.544172 0.300780 0.783204
-0.544173 0.783204 0.300779
-0.295553 0.889310 0.348964
-0.295553 0.889310 0.348964
-0.295553 0.348965 0.889310
-0.544172 0.300780 0.783204
-0.295553 0.348965 0.889310
-0.295553 0.889310 0.348964
0.000000 0.929835 0.367977
0.000000 0.929835 0.367977
-0.000000 0.367976 0.929835
-0.295553 0.348965 0.889310
0.000000 0.709441 0.704764
0.000000 0.709441 0.704765
-0.160156 0.709420 0.686347
-0.160156 0.709420 0.686347
-0.160156 0.709420 0.686348
0.000000 0.709441 0.704764
-0.000000 0.367976 0.929835
0.000000 0.929835 0.367977
0.295553 0.889310 0.348964
0.295553 0.889310 0.348964
0.295553 0.348965 0.889310
-0.000000 0.367976 0.929835
0.160156 0.709420 0.686347
0.160155 0.709420 0.686348
0.000000 0.709441 0.704765
0.000000 0.709441 0.704765
0.000000 0.709441 0.704764
0.160156 0.709420 0.686347
0.295553 0.348965 0.889310
0.295553 0.889310 0.348964
0.544172 0.783204 0.300779
0.544172 0.783204 0.300779
0.544173 0.300780 0.783203
0.295553 0.348965 0.889310
0.309834 0.709304 0.633159
0.309834 0.709304 0.633159
0.160155 0.709420 0.686348
0.160155 0.709420 0.686348
0.160156 0.709420 0.686347
0.309834 0.709304 0.633159
0.544173 0.300780 0.783203
0.544172 0.783204 0.300779
0.728811 0.641333 0.239849
0.728811 0.641333 0.239849
0.728810 0.239848 0.641333
0.544173 0.300780 0.783203
0.441080 0.709224 0.549954
0.441080 0.709224 0.549954
0.309834 0.709304 0.633159
0.309834 0.709304 0.633159
0.309834 0.709304 0.633159
0.441080 0.709224 0.549954
0.728810 0.239848 0.641333
0.728811 0.641333 0.239849
0.857346 0.483279 0.177196
0.857346 0.483279 0.177196
0.857346 0.177196 0.483279
0.728810 0.239848 0.641333
0.549954 0.709224 0.441081
0.549954 0.709224 0.441080
0.441080 0.709224 0.549954
0.441080 0.709224 0.549954
0.441080 0.709224 0.549954
0.549954 0.709224 0.441081
0.857346 0.177196 0.483279
0.857346 0.483279 0.177196
0.941308 0.316782 0.116565
0.941308 0.316782 0.116565
0.941308 0.116565 0.316782
0.857346 0.177196 0.483279
0.633159 0.709304 0.309833
0.633159 0.709304 0.309833
0.549954 0.709224 0.441080
0.549954 0.709224 0.441080
0.549954 0.709224 0.441081
0.633159 0.709304 0.309833
-0.999485 0.014431 -0.028659
-0.999585 0.000000 0.028802
-0.987786 0.144680 0.057854
-0.987786 0.144680 0.057854
-0.987786 0.057854 0.144680
-0.999485 0.014431 -0.028659
-0.686348 0.709420 0.160156
-0.686348 0.709420 0.160156
-0.704765 0.709440 0.000000
-0.704765 0.709440 0.000000
-0.704765 0.709440 0.000000
-0.686348 0.709420 0.160156
-0.987786 0.057854 0.144680
-0.987786 0.144680 0.057854
-0.941308 0.316782 0.116565
-0.941308 0.316782 0.116565
-0.941308 0.116566 0.316782
-0.987786 0.057854 0.144680
-0.633159 0.709304 0.309833
-0.633159 0.709304 0.309834
-0.686348 0.709420 0.160156
-0.686348 0.709420 0.160156
-0.686348 0.709420 0.160156
-0.633159 0.709304 0.309833
-0.941308 0.116566 0.316782
-0.941308 0.316782 0.116565
-0.857346 0.483279 0.177196
-0.857346 0.483279 0.177196
-0.857346 0.177196 0.483279
-0.941308 0.116566 0.316782
-0.549954 0.709224 0.441080
-0.549954 0.709224 0.441080
-0.633159 0.709304 0.309834
-0.633159 0.709304 0.309834
-0.633159 0.709304 0.309833
-0.549954 0.709224 0.441080
-0.857346 0.177196 0.483279
-0.857346 0.483279 0.177196
-0.728811 0.641333 0.239849
-0.728811 0.641333 0.239849
-0.728811 0.239849 0.641333
-0.857346 0.177196 0.483279
-0.441080 0.709224 0.549954
-0.441080 0.709224 0.549954
-0.549954 0.709224 0.441080
-0.549954 0.709224 0.441080
-0.549954 0.709224 0.441080
-0.441080 0.709224 0.549954
-0.728811 0.239849 0.641333
-0.728811 0.641333 0.239849
-0.544173 0.783204 0.300779
-0.544173 0.783204 0.300779
-0.544172 0.300780 0.783204
-0.728811 0.239849 0.641333
-0.309833 0.709304 0.633159
-0.309833 0.709304 0.633159
-0.441080 0.709224 0.549954
-0.441080 0.709224 0.549954
-0.441080 0.709224 0.549954
-0.309833 0.709304 0.633159
-0.160155 -0.686348 0.709420
-0.160155 -0.686348 0.709420
-0.309833 -0.633159 0.709304
-0.309833 -0.633159 0.709304
-0.309833 -0.633159 0.709304
-0.160155 -0.686348 0.709420
-0.000000 -0.704765 0.709440
-0.000000 -0.704765 0.709440
-0.160155 -0.686348 0.709420
-0.160155 -0.686348 0.709420
-0.160155 -0.686348 0.709420
-0.000000 -0.704765 0.709440
0.160155 -0.686348 0.709420
0.160155 -0.686348 0.709420
-0.000000 -0.704765 0.709440
-0.000000 -0.704765 0.709440
-0.000000 -0.704765 0.709440
0.160155 -0.686348 0.709420
0.309834 -0.633159 0.709304
0.309834 -0.633159 0.709304
0.160155 -0.686348 0.709420
0.160155 -0.686348 0.709420
0.160155 -0.686348 0.709420
0.309834 -0.633159 0.709304
0.441080 -0.549954 0.709224
0.441080 -0.549954 0.709224
0.309834 -0.633159 0.709304
0.309834 -0.633159 0.709304
0.309834 -0.633159 0.709304
0.441080 -0.549954 0.709224
0.549954 -0.441080 0.709225
0.549954 -0.441080 0.709225
0.441080 -0.549954 0.709224
0.441080 -0.549954 0.709224
0.441080 -0.549954 0.709224
0.549954 -0.441080 0.709225
0.633159 -0.309833 0.709305
0.633159 -0.309833 0.709304
0.549954 -0.441080 0.709225
0.549954 -0.441080 0.709225
0.549954 -0.441080 0.709225
0.633159 -0.309833 0.709305
0.686348 -0.160156 0.709420
0.686348 -0.160156 0.709420
0.633159 -0.309833 0.709304
0.633159 -0.309833 0.709304
0.633159 -0.309833 0.709305
0.686348 -0.160156 0.709420
0.704765 -0.000000 0.709440
0.704765 -0.000000 0.709440
0.686348 -0.160156 0.709420
0.686348 -0.160156 0.709420
0.686348 -0.160156 0.709420
0.704765 -0.000000 0.709440
0.686348 0.160156 0.709420
0.686348 0.160156 0.709420
0.704765 -0.000000 0.709440
0.704765 -0.000000 0.709440
0.704765 -0.000000 0.709440
0.686348 0.160156 0.709420
0.633159 0.309834 0.709304
0.633159 0.309834 0.709304
0.686348 0.160156 0.709420
0.686348 0.160156 0.709420
0.686348 0.160156 0.709420
0.633159 0.309834 0.709304
0.549954 0.441081 0.709224
0.549954 0.441081 0.709224
0.633159 0.309834 0.709304
0.633159 0.309834 0.709304
0.633159 0.309834 0.709304
0.549954 0.441081 0.709224
0.441080 0.549954 0.709224
0.441080 0.549954 0.709224
0.549954 0.441081 0.709224
0.549954 0.441081 0.709224
0.549954 0.441081 0.709224
0.441080 0.549954 0.709224
0.309833 0.633160 0.709304
0.309833 0.633160 0.709304
0.441080 0.549954 0.709224
0.441080 0.549954 0.709224
0.441080 0.549954 0.709224
0.309833 0.633160 0.709304
0.160156 0.686347 0.709420
0.160156 0.686347 0.709420
0.309833 0.633160 0.709304
0.309833 0.633160 0.709304
0.309833 0.633160 0.709304
0.160156 0.686347 0.709420
0.000000 0.704765 0.709441
0.000000 0.704765 0.709441
0.160156 0.686347 0.709420
0.160156 0.686347 0.709420
0.160156 0.686347 0.709420
0.000000 0.704765 0.709441
-0.160156 0.686347 0.709420
-0.160156 0.686347 0.709420
0.000000 0.704765 0.709441
0.000000 0.704765 0.709441
0.000000 0.704765 0.709441
-0.160156 0.686347 0.709420
-0.309833 0.633159 0.709304
-0.309833 0.633159 0.709304
-0.160156 0.686347 0.709420
-0.160156 0.686347 0.709420
-0.160156 0.686347 0.709420
-0.309833 0.633159 0.709304
-0.441080 0.549954 0.709224
-0.441080 0.549954 0.709224
-0.309833 0.633159 0.709304
-0.309833 0.633159 0.709304
-0.309833 0.633159 0.709304
-0.441080 0.549954 0.709224
-0.549954 0.441080 0.709224
-0.549954 0.441080 0.709224
-0.441080 0.549954 0.709224
-0.441080 0.549954 0.709224
-0.441080 0.549954 0.709224
-0.549954 0.441080 0.709224
-0.633159 0.309833 0.709304
-0.633159 0.309833 0.709304
-0.549954 0.441080 0.709224
-0.549954 0.441080 0.709224
-0.549954 0.441080 0.709224
-0.633159 0.309833 0.709304
-0.686348 0.160156 0.709420
-0.686348 0.160156 0.709420
-0.633159 0.309833 0.709304
-0.633159 0.309833 0.709304
-0.633159 0.309833 0.709304
-0.686348 0.160156 0.709420
-0.704765 -0.000000 0.709440
-0.704765 -0.000000 0.709440
-0.686348 0.160156 0.709420
-0.686348 0.160156 0.709420
-0.686348 0.160156 0.709420
-0.704765 -0.000000 0.709440
-0.686348 -0.160156 0.709420
-0.686348 -0.160156 0.709420
-0.704765 -0.000000 0.709440
-0.704765 -0.000000 0.709440
-0.704765 -0.000000 0.709440
-0.686348 -0.160156 0.709420
-0.633160 -0.309833 0.709304
-0.633159 -0.309833 0.709304
-0.686348 -0.160156 0.709420
-0.686348 -0.160156 0.709420
-0.686348 -0.160156 0.709420
-0.633160 -0.309833 0.709304
-0.549954 -0.441080 0.709225
-0.549953 -0.441080 0.709225
-0.633159 -0.309833 0.709304
-0.633159 -0.309833 0.709304
-0.633160 -0.309833 0.709304
-0.549954 -0.441080 0.709225
-0.441080 -0.549954 0.709224
-0.441080 -0.549954 0.709224
-0.549953 -0.441080 0.709225
-0.549953 -0.441080 0.709225
-0.549954 -0.441080 0.709225
-0.441080 -0.549954 0.709224
-0.309833 -0.633159 0.709304
-0.309833 -0.633159 0.709304
-0.441080 -0.549954 0.709224
-0.441080 -0.549954 0.709224
-0.441080 -0.549954 0.709224
-0.309833 -0.633159 0.709304
1.000000 0.000000 -0.000000
0.973839 -0.000000 0.227239
0.973839 -0.000000 0.227239
0.973839 -0.000000 0.227239
0.993410 -0.000001 0.114617
0.999485 0.014431 0.028659
1.000000 0.000000 -0.000000
0.973839 -0.000000 0.227239
0.999485 0.014431 0.028659
1.000000 0.000000 -0.000000
0.999485 0.014431 0.028659
0.987786 0.057854 -0.144680
0.987786 0.057854 -0.144680
0.973839 0.000000 -0.227239
1.000000 0.000000 -0.000000
0.973839 -0.000000 0.227239
0.898222 -0.000001 0.439542
0.898222 -0.000001 0.439542
0.898222 -0.000001 0.439542
0.973839 -0.000000 0.227239
0.973839 -0.000000 0.227239
0.973839 -0.000000 0.227239
0.973839 -0.000000 0.227239
1.000000 0.000000 -0.000000
1.000000 0.000000 -0.000000
0.999485 -0.014431 0.028660
0.993410 -0.000001 0.114617
0.973839 -0.000000 0.227239
1.000000 0.000000 -0.000000
0.993410 -0.000001 0.114617
0.987786 0.057854 -0.144680
0.941308 0.116566 -0.316782
0.898223 0.000001 -0.439541
0.898223 0.000001 -0.439541
0.973839 0.000000 -0.227239
0.987786 0.057854 -0.144680
-0.227240 0.000001 -0.973839
0.000000 0.000003 -1.000000
0.000001 0.367975 -0.929836
0.000001 0.367975 -0.929836
-0.295557 0.348966 -0.889308
-0.227240 0.000001 -0.973839
-0.227240 0.000001 -0.973839
-0.295557 0.348966 -0.889308
-0.544172 0.300780 -0.783204
-0.544172 0.300780 -0.783204
-0.439543 0.000001 -0.898222
-0.227240 0.000001 -0.973839
-0.439543 0.000001 -0.898222
-0.544172 0.300780 -0.783204
-0.728809 0.239849 -0.641334
-0.728809 0.239849 -0.641334
-0.625663 0.000002 -0.780094
-0.439543 0.000001 -0.898222
-0.625663 0.000002 -0.780094
-0.728809 0.239849 -0.641334
-0.857346 0.177197 -0.483279
-0.857346 0.177197 -0.483279
-0.780094 0.000001 -0.625662
-0.625663 0.000002 -0.780094
-0.780094 0.000001 -0.625662
-0.857346 0.177197 -0.483279
-0.941308 0.116566 -0.316783
-0.941308 0.116566 -0.316783
-0.898222 0.000001 -0.439542
-0.780094 0.000001 -0.625662
-0.898222 0.000001 -0.439542
-0.941308 0.116566 -0.316783
-0.987786 0.057854 -0.144679
-0.987786 0.057854 -0.144679
-0.973839 0.000000 -0.227239
-0.898222 0.000001 -0.439542
-0.973839 0.000000 -0.227239
-0.987786 0.057854 -0.144679
-0.999485 0.014431 0.028660
-0.999485 0.014431 0.028660
-1.000000 0.000000 0.000000
-0.973839 0.000000 -0.227239
-1.000000 0.000000 0.000000
-0.999485 0.014431 0.028660
-0.993410 0.000001 0.114617
-1.000000 0.000000 0.000000
-0.993410 0.000001 0.114617
-0.973839 -0.000000 0.227239
-1.000000 0.000000 0.000000
-0.973839 -0.000000 0.227239
-0.973839 -0.000000 0.227239
-0.973839 -0.000000 0.227239
-0.973839 -0.000000 0.227239
-0.898222 -0.000001 0.439541
-0.898222 -0.000001 0.439541
-0.898222 -0.000001 0.439541
-0.973839 -0.000000 0.227239
-0.898222 -0.000001 0.439541
-0.898222 -0.000001 0.439541
-0.780094 -0.000001 0.625662
-0.780094 -0.000001 0.625662
-0.780094 -0.000001 0.625662
-0.898222 -0.000001 0.439541
-0.780094 -0.000001 0.625662
-0.780094 -0.000001 0.625662
-0.625659 -0.000001 0.780097
-0.625659 -0.000001 0.780097
-0.625662 -0.000002 0.780094
-0.780094 -0.000001 0.625662
-0.625662 -0.000002 0.780094
-0.625659 -0.000001 0.780097
-0.439539 -0.000001 0.898224
-0.439539 -0.000001 0.898224
-0.439543 -0.000002 0.898221
-0.625662 -0.000002 0.780094
-0.439543 -0.000002 0.898221
-0.439539 -0.000001 0.898224
-0.227244 -0.000002 0.973838
-0.227244 -0.000002 0.973838
-0.227234 -0.000001 0.973840
-0.439543 -0.000002 0.898221
-0.227234 -0.000001 0.973840
-0.227244 -0.000002 0.973838
0.000000 -0.000001 1.000000
0.000000 -0.000001 1.000000
0.000001 -0.000001 1.000000
-0.227234 -0.000001 0.973840
0.000001 -0.000001 1.000000
0.000000 -0.000001 1.000000
0.227244 -0.000001 0.973838
0.227244 -0.000001 0.973838
0.227234 -0.000003 0.973840
0.000001 -0.000001 1.000000
0.227234 -0.000003 0.973840
0.227244 -0.000001 0.973838
0.439539 -0.000001 0.898224
0.439539 -0.000001 0.898224
0.439543 -0.000002 0.898222
0.227234 -0.000003 0.973840
0.439543 -0.000002 0.898222
0.439539 -0.000001 0.898224
0.625659 -0.000001 0.780097
0.625659 -0.000001 0.780097
0.625663 -0.000001 0.780094
0.439543 -0.000002 0.898222
0.625663 -0.000001 0.780094
0.625659 -0.000001 0.780097
0.780094 -0.000001 0.625662
0.780094 -0.000001 0.625662
0.780094 -0.000001 0.625662
0.625663 -0.000001 0.780094
0.780094 -0.000001 0.625662
0.780094 -0.000001 0.625662
0.898222 -0.000001 0.439542
0.898222 -0.000001 0.439542
0.898222 -0.000001 0.439542
0.780094 -0.000001 0.625662
0.898223 0.000001 -0.439541
0.941308 0.116566 -0.316782
0.857347 0.177197 -0.483277
0.857347 0.177197 -0.483277
0.780094 0.000001 -0.625662
0.898223 0.000001 -0.439541
0.780094 0.000001 -0.625662
0.857347 0.177197 -0.483277
0.728810 0.239849 -0.641334
0.728810 0.239849 -0.641334
0.625662 0.000001 -0.780094
0.780094 0.000001 -0.625662
0.625662 0.000001 -0.780094
0.728810 0.239849 -0.641334
0.544172 0.300782 -0.783203
0.544172 0.300782 -0.783203
0.439543 0.000000 -0.898221
0.625662 0.000001 -0.780094
0.439543 0.000000 -0.898221
0.544172 0.300782 -0.783203
0.295555 0.348965 -0.889309
0.295555 0.348965 -0.889309
0.227240 0.000001 -0.973839
0.439543 0.000000 -0.898221
0.227240 0.000001 -0.973839
0.295555 0.348965 -0.889309
0.000001 0.367975 -0.929836
0.000001 0.367975 -0.929836
0.000000 0.000003 -1.000000
0.227240 0.000001 -0.973839
0.973839 -0.000000 0.227239
0.898222 -0.000001 0.439542
0.898222 -0.000001 0.439542
0.898222 -0.000001 0.439542
0.973839 -0.000000 0.227239
0.973839 -0.000000 0.227239
0.999485 -0.014431 0.028660
1.000000 0.000000 -0.000000
0.973839 0.000000 -0.227240
0.973839 0.000000 -0.227240
0.987786 -0.057854 -0.144680
0.999485 -0.014431 0.028660
-0.999485 -0.014431 0.028659
-1.000000 -0.000000 0.000000
-0.973839 -0.000000 0.227239
-0.999485 -0.014431 0.028659
-0.973839 -0.000000 0.227239
-0.973839 -0.000000 0.227239
-0.993410 0.000001 0.114617
-0.999485 -0.014431 0.028659
-0.973839 -0.000000 0.227239
-0.973839 -0.000000 0.227239
-0.973839 -0.000000 0.227239
-0.898222 -0.000001 0.439541
-0.898222 -0.000001 0.439541
-0.898222 -0.000001 0.439541
-0.973839 -0.000000 0.227239
-0.898222 -0.000001 0.439541
-0.898222 -0.000001 0.439541
-0.780094 -0.000001 0.625662
-0.780094 -0.000001 0.625662
-0.780094 -0.000001 0.625662
-0.898222 -0.000001 0.439541
-0.780094 -0.000001 0.625662
-0.780094 -0.000001 0.625662
-0.625663 -0.000001 0.780094
-0.625663 -0.000001 0.780094
-0.625659 -0.000001 0.780097
-0.780094 -0.000001 0.625662
-0.625659 -0.000001 0.780097
-0.625663 -0.000001 0.780094
-0.439543 -0.000001 0.898222
-0.439543 -0.000001 0.898222
-0.439539 -0.000001 0.898224
-0.625659 -0.000001 0.780097
-0.439539 -0.000001 0.898224
-0.439543 -0.000001 0.898222
-0.227234 0.000000 0.973840
-0.227234 0.000000 0.973840
-0.227244 -0.000002 0.973838
-0.439539 -0.000001 0.898224
-0.227244 -0.000002 0.973838
-0.227234 0.000000 0.973840
-0.000001 -0.000001 1.000000
-0.000001 -0.000001 1.000000
0.000000 -0.000001 1.000000
-0.227244 -0.000002 0.973838
0.000000 -0.000001 1.000000
-0.000001 -0.000001 1.000000
0.227234 -0.000001 0.973840
0.227234 -0.000001 0.973840
0.227244 -0.000001 0.973838
0.000000 -0.000001 1.000000
0.227244 -0.000001 0.973838
0.227234 -0.000001 0.973840
0.439543 0.000000 0.898222
0.439543 0.000000 0.898222
0.439539 -0.000001 0.898224
0.227244 -0.000001 0.973838
0.439539 -0.000001 0.898224
0.439543 0.000000 0.898222
0.625662 -0.000000 0.780094
0.625662 -0.000000 0.780094
0.625659 -0.000001 0.780097
0.439539 -0.000001 0.898224
0.625659 -0.000001 0.780097
0.625662 -0.000000 0.780094
0.780094 -0.000001 0.625662
0.780094 -0.000001 0.625662
0.780094 -0.000001 0.625662
0.625659 -0.000001 0.780097
0.898222 -0.000001 0.439542
0.780094 -0.000001 0.625662
0.780094 -0.000001 0.625662
0.780094 -0.000001 0.625662
0.898222 -0.000001 0.439542
0.898222 -0.000001 0.439542
0.973839 0.000000 -0.227240
0.898222 0.000001 -0.439541
0.941309 -0.116565 -0.316781
0.941309 -0.116565 -0.316781
0.987786 -0.057854 -0.144680
0.973839 0.000000 -0.227240
-0.227240 0.000001 -0.973839
-0.439543 0.000002 -0.898221
-0.544171 -0.300780 -0.783204
-0.544171 -0.300780 -0.783204
-0.295555 -0.348963 -0.889310
-0.227240 0.000001 -0.973839
-0.227240 0.000001 -0.973839
-0.295555 -0.348963 -0.889310
-0.000000 -0.367973 -0.929837
-0.000000 -0.367973 -0.929837
0.000001 0.000001 -1.000000
-0.227240 0.000001 -0.973839
0.000001 0.000001 -1.000000
-0.000000 -0.367973 -0.929837
0.295556 -0.348965 -0.889309
0.295556 -0.348965 -0.889309
0.227239 0.000003 -0.973839
0.000001 0.000001 -1.000000
0.227239 0.000003 -0.973839
0.295556 -0.348965 -0.889309
0.544172 -0.300779 -0.783204
0.544172 -0.300779 -0.783204
0.439543 0.000002 -0.898221
0.227239 0.000003 -0.973839
0.544172 -0.300779 -0.783204
0.728808 -0.239847 -0.641336
0.625662 0.000001 -0.780094
0.625662 0.000001 -0.780094
0.439543 0.000002 -0.898221
0.544172 -0.300779 -0.783204
0.728808 -0.239847 -0.641336
0.857347 -0.177195 -0.483279
0.780095 0.000000 -0.625662
0.780095 0.000000 -0.625662
0.625662 0.000001 -0.780094
0.728808 -0.239847 -0.641336
0.780095 0.000000 -0.625662
0.857347 -0.177195 -0.483279
0.941309 -0.116565 -0.316781
0.941309 -0.116565 -0.316781
0.898222 0.000001 -0.439541
0.780095 0.000000 -0.625662
-0.999485 -0.014431 0.028659
-0.987786 -0.057854 -0.144680
-0.973839 0.000000 -0.227240
-0.973839 0.000000 -0.227240
-1.000000 -0.000000 0.000000
-0.999485 -0.014431 0.028659
-0.973839 0.000000 -0.227240
-0.987786 -0.057854 -0.144680
-0.941309 -0.116565 -0.316782
-0.941309 -0.116565 -0.316782
-0.898222 0.000000 -0.439541
-0.973839 0.000000 -0.227240
-0.898222 0.000000 -0.439541
-0.941309 -0.116565 -0.316782
-0.857347 -0.177194 -0.483280
-0.857347 -0.177194 -0.483280
-0.780094 0.000000 -0.625662
-0.898222 0.000000 -0.439541
-0.780094 0.000000 -0.625662
-0.857347 -0.177194 -0.483280
-0.728809 -0.239847 -0.641335
-0.728809 -0.239847 -0.641335
-0.625662 0.000001 -0.780094
-0.780094 0.000000 -0.625662
-0.625662 0.000001 -0.780094
-0.728809 -0.239847 -0.641335
-0.544171 -0.300780 -0.783204
-0.544171 -0.300780 -0.783204
-0.439543 0.000002 -0.898221
-0.625662 0.000001 -0.780094
-0.295553 0.889311 -0.348961
-0.227240 0.973839 0.000002
-0.439540 0.898223 0.000001
-0.439540 0.898223 0.000001
-0.544172 0.783205 -0.300776
-0.295553 0.889311 -0.348961
-0.295553 0.889311 -0.348961
0.000001 0.929834 -0.367979
-0.000000 1.000000 0.000002
-0.000000 1.000000 0.000002
-0.227240 0.973839 0.000002
-0.295553 0.889311 -0.348961
0.000001 0.929834 -0.367979
0.295552 0.889312 -0.348961
0.227240 0.973839 0.000002
0.227240 0.973839 0.000002
-0.000000 1.000000 0.000002
0.000001 0.929834 -0.367979
0.439541 0.898223 0.000001
0.227240 0.973839 0.000002
0.295552 0.889312 -0.348961
0.295552 0.889312 -0.348961
0.544172 0.783205 -0.300777
0.439541 0.898223 0.000001
0.728811 0.641331 -0.239850
0.625661 0.780095 0.000001
0.439541 0.898223 0.000001
0.439541 0.898223 0.000001
0.544172 0.783205 -0.300777
0.728811 0.641331 -0.239850
0.857346 0.483281 -0.177194
0.780095 0.625661 0.000001
0.625661 0.780095 0.000001
0.625661 0.780095 0.000001
0.728811 0.641331 -0.239850
0.857346 0.483281 -0.177194
0.898223 0.439541 0.000001
0.780095 0.625661 0.000001
0.857346 0.483281 -0.177194
0.857346 0.483281 -0.177194
0.941308 0.316782 -0.116565
0.898223 0.439541 0.000001
0.987786 0.144681 -0.057854
0.973839 0.227240 0.000000
0.898223 0.439541 0.000001
0.898223 0.439541 0.000001
0.941308 0.316782 -0.116565
0.987786 0.144681 -0.057854
0.999585 -0.000000 -0.028802
1.000000 0.000000 0.000000
0.973839 0.227240 0.000000
0.973839 0.227240 0.000000
0.987786 0.144681 -0.057854
0.999585 -0.000000 -0.028802
0.999585 -0.000000 -0.028802
0.987786 -0.144681 -0.057854
0.973839 -0.227240 -0.000000
0.973839 -0.227240 -0.000000
1.000000 0.000000 0.000000
0.999585 -0.000000 -0.028802
0.941308 -0.316783 -0.116565
0.898222 -0.439541 -0.000001
0.973839 -0.227240 -0.000000
0.973839 -0.227240 -0.000000
0.987786 -0.144681 -0.057854
0.941308 -0.316783 -0.116565
0.857347 -0.483278 -0.177198
0.780095 -0.625661 -0.000001
0.898222 -0.439541 -0.000001
0.898222 -0.439541 -0.000001
0.941308 -0.316783 -0.116565
0.857347 -0.483278 -0.177198
0.728811 -0.641332 -0.239852
0.625661 -0.780095 -0.000001
0.780095 -0.625661 -0.000001
0.780095 -0.625661 -0.000001
0.857347 -0.483278 -0.177198
0.728811 -0.641332 -0.239852
0.544172 -0.783205 -0.300778
0.439540 -0.898223 -0.000001
0.625661 -0.780095 -0.000001
0.625661 -0.780095 -0.000001
0.728811 -0.641332 -0.239852
0.544172 -0.783205 -0.300778
0.295553 -0.889310 -0.348964
0.227240 -0.973839 -0.000001
0.439540 -0.898223 -0.000001
0.439540 -0.898223 -0.000001
0.544172 -0.783205 -0.300778
0.295553 -0.889310 -0.348964
0.000001 -1.000000 -0.000001
0.227240 -0.973839 -0.000001
0.295553 -0.889310 -0.348964
0.295553 -0.889310 -0.348964
-0.000001 -0.929833 -0.367981
0.000001 -1.000000 -0.000001
-0.227240 -0.973839 -0.000001
0.000001 -1.000000 -0.000001
-0.000001 -0.929833 -0.367981
-0.000001 -0.929833 -0.367981
-0.295552 -0.889311 -0.348963
-0.227240 -0.973839 -0.000001
-0.295552 -0.889311 -0.348963
-0.544172 -0.783204 -0.300779
-0.439541 -0.898223 -0.000001
-0.439541 -0.898223 -0.000001
-0.227240 -0.973839 -0.000001
-0.295552 -0.889311 -0.348963
-0.544172 -0.783204 -0.300779
-0.728812 -0.641331 -0.239851
-0.625661 -0.780095 -0.000001
-0.625661 -0.780095 -0.000001
-0.439541 -0.898223 -0.000001
-0.544172 -0.783204 -0.300779
-0.857347 -0.483277 -0.177198
-0.780095 -0.625661 -0.000001
-0.625661 -0.780095 -0.000001
-0.625661 -0.780095 -0.000001
-0.728812 -0.641331 -0.239851
-0.857347 -0.483277 -0.177198
-0.941308 -0.316783 -0.116565
-0.898223 -0.439540 -0.000001
-0.780095 -0.625661 -0.000001
-0.780095 -0.625661 -0.000001
-0.857347 -0.483277 -0.177198
-0.941308 -0.316783 -0.116565
-0.973839 -0.227240 -0.000000
-0.898223 -0.439540 -0.000001
-0.941308 -0.316783 -0.116565
-0.941308 -0.316783 -0.116565
-0.987786 -0.144680 -0.057854
-0.973839 -0.227240 -0.000000
-0.999585 -0.000000 -0.028802
-1.000000 0.000000 0.000000
-0.973839 -0.227240 -0.000000
-0.973839 -0.227240 -0.000000
-0.987786 -0.144680 -0.057854
-0.999585 -0.000000 -0.028802
-0.987786 0.144680 -0.057854
-0.973839 0.227240 0.000000
-1.000000 0.000000 0.000000
-1.000000 0.000000 0.000000
-0.999585 -0.000000 -0.028802
-0.987786 0.144680 -0.057854
-0.941308 0.316782 -0.116566
-0.898223 0.439541 0.000001
-0.973839 0.227240 0.000000
-0.973839 0.227240 0.000000
-0.987786 0.144680 -0.057854
-0.941308 0.316782 -0.116566
-0.857346 0.483280 -0.177194
-0.780095 0.625661 0.000001
-0.898223 0.439541 0.000001
-0.898223 0.439541 0.000001
-0.941308 0.316782 -0.116566
-0.857346 0.483280 -0.177194
-0.728811 0.641332 -0.239850
-0.625661 0.780095 0.000001
-0.780095 0.625661 0.000001
-0.780095 0.625661 0.000001
-0.857346 0.483280 -0.177194
-0.728811 0.641332 -0.239850
-0.544172 0.783205 -0.300776
-0.439540 0.898223 0.000001
-0.625661 0.780095 0.000001
-0.625661 0.780095 0.000001
-0.728811 0.641332 -0.239850
-0.544172 0.783205 -0.300776
-0.000000 1.000000 0.000001
0.000004 1.000000 -0.000001
0.000000 1.000000 0.000001
0.000000 1.000000 0.000001
0.000001 1.000000 0.000001
0.000000 1.000000 0.000001
0.000000 1.000000 0.000001
0.000001 1.000000 -0.000003
-0.000000 1.000000 0.000001
0.000000 1.000000 0.000001
0.000000 1.000000 0.000001
-0.000000 1.000000 0.000001
-0.000000 1.000000 0.000001
-0.000001 1.000000 -0.000003
-0.000000 1.000000 0.000001
-0.000000 1.000000 0.000001
-0.000001 1.000000 0.000001
-0.000000 1.000000 0.000001
-0.000000 1.000000 0.000001
-0.000000 1.000000 0.000001
-0.000000 1.000000 0.000001
-0.000000 1.000000 0.000001
-0.000004 1.000000 -0.000001
0.000000 1.000000 0.000001
0.000000 1.000000 0.000001
0.000000 1.000000 0.000002
0.000000 1.000000 0.000001
-0.000000 1.000000 0.000001
0.000000 1.000000 0.000001
0.000000 1.000000 0.000001
-0.000000 1.000000 0.000001
-0.000000 1.000000 0.000001
0.000000 1.000000 0.000001
0.000000 1.000000 0.000001
0.000004 1.000000 -0.000001
0.000000 1.000000 0.000001
0.000000 1.000000 0.000001
0.000001 1.000000 0.000001
0.000000 1.000000 0.000001
0.000000 1.000000 0.000001
0.000000 1.000000 0.000001
0.000000 1.000000 0.000001
0.000000 1.000000 0.000001
0.000001 1.000000 -0.000003
-0.000000 1.000000 0.000001
-0.000000 1.000000 0.000001
-0.000001 1.000000 -0.000003
-0.000000 1.000000 0.000001
0.000000 1.000000 0.000001
-0.000000 1.000000 0.000001
-0.000000 1.000000 0.000001
0.000000 1.000000 0.000001
0.000000 1.000000 0.000001
-0.000000 1.000000 0.000001
-0.000000 1.000000 0.000001
-0.000001 1.000000 0.000001
-0.000000 1.000000 0.000001
-0.000000 1.000000 0.000001
-0.000004 1.000000 -0.000001
-0.000000 1.000000 0.000001
-0.000000 1.000000 0.000001
-0.000000 1.000000 0.000001
-0.000000 1.000000 0.000001
0.000000 1.000000 0.000001
-0.000000 1.000000 0.000001
-0.000000 1.000000 0.000001
-0.000000 1.000000 0.000001
0.000000 1.000000 0.000001
-0.000000 1.000000 0.000001
0.000000 1.000000 0.000001
-0.000000 1.000000 0.000001
-0.000000 1.000000 0.000001
-0.000000 1.000000 0.000001
0.000000 1.000000 0.000001
-0.000000 1.000000 0.000001
0.000000 1.000000 0.000002
-0.000000 1.000000 0.000001
-0.000000 1.000000 0.000001
-0.000001 -1.000000 -0.000002
0.000006 -1.000000 0.000004
0.000000 -1.000000 -0.000001
0.000000 -1.000000 -0.000001
0.000004 -1.000000 0.000006
0.000000 -1.000000 -0.000001
0.000000 -1.000000 -0.000001
0.000000 -1.000000 0.000000
-0.000000 -1.000000 -0.000001
0.000000 -1.000000 -0.000001
0.000000 -1.000000 -0.000001
-0.000000 -1.000000 -0.000001
-0.000000 -1.000000 -0.000001
-0.000004 -1.000000 0.000006
-0.000001 -1.000000 -0.000000
-0.000001 -1.000000 -0.000000
-0.000006 -1.000000 0.000004
-0.000000 -1.000000 -0.000001
-0.000000 -1.000000 -0.000001
-0.000001 -1.000000 -0.000000
-0.000000 -1.000000 -0.000001
-0.000000 -1.000000 -0.000001
-0.000001 -1.000000 -0.000001
-0.000000 -1.000000 -0.000002
-0.000000 -1.000000 -0.000002
0.000001 -1.000000 -0.000001
0.000000 -1.000000 -0.000001
-0.000000 -1.000000 -0.000001
-0.000000 -1.000000 -0.000002
0.000000 -1.000000 -0.000001
-0.000000 -1.000000 -0.000001
-0.000000 -1.000000 -0.000001
0.000000 -1.000000 -0.000001
0.000000 -1.000000 -0.000001
0.000006 -1.000000 0.000004
0.000001 -1.000000 -0.000000
0.000001 -1.000000 -0.000000
0.000004 -1.000000 0.000006
0.000000 -1.000000 -0.000001
0.000000 -1.000000 -0.000001
0.000001 -1.000000 -0.000000
0.000000 -1.000000 -0.000001
0.000000 -1.000000 -0.000001
0.000000 -1.000000 0.000000
-0.000000 -1.000000 -0.000001
-0.000000 -1.000000 -0.000001
-0.000004 -1.000000 0.000006
-0.000000 -1.000000 -0.000001
0.000000 -1.000000 -0.000001
-0.000000 -1.000000 -0.000001
-0.000000 -1.000000 -0.000001
0.000000 -1.000000 -0.000001
0.000000 -1.000000 -0.000001
-0.000000 -1.000000 -0.000001
-0.000000 -1.000000 -0.000001
-0.000006 -1.000000 0.000004
0.000001 -1.000000 -0.000002
0.000001 -1.000000 -0.000002
-0.000001 -1.000000 -0.000001
-0.000000 -1.000000 -0.000001
-0.000000 -1.000000 -0.000001
0.000001 -1.000000 -0.000002
-0.000000 -1.000000 -0.000001
0.000000 -1.000000 -0.000001
-0.000000 -1.000000 -0.000001
-0.000000 -1.000000 -0.000001
-0.000000 -1.000000 -0.000001
0.000000 -1.000000 -0.000001
-0.000000 -1.000000 -0.000001
0.000000 -1.000000 -0.000001
-0.000000 -1.000000 -0.000001
-0.000000 -1.000000 -0.000001
-0.000001 -1.000000 -0.000002
0.000000 -1.000000 -0.000001
-0.000000 -1.000000 -0.000001
0.000001 -1.000000 -0.000001
-0.000001 -1.000000 -0.000002
-0.000000 -1.000000 -0.000001
0.000000 0.000000 -1.000000
0.000000 0.000000 -1.000000
0.000000 0.000005 -1.000000
0.000000 0.000005 -1.000000
0.000032 0.000050 -1.000000
-0.000011 -0.000004 -1.000000
-0.000011 -0.000004 -1.000000
0.000000 0.000000 -1.000000
-0.000002 0.000001 -1.000000
0.000000 0.000005 -1.000000
-0.000011 -0.000004 -1.000000
-0.000002 0.000001 -1.000000
-0.000002 0.000001 -1.000000
0.000000 0.000000 -1.000000
0.000000 0.000000 -1.000000
0.000000 0.000000 -1.000000
0.000000 0.000000 -1.000000
0.000000 0.000000 -1.000000
-0.000002 0.000001 -1.000000
0.000000 0.000000 -1.000000
0.000000 0.000000 -1.000000
0.000000 0.000000 -1.000000
0.000000 0.000000 -1.000000
0.000000 0.000000 -1.000000
0.000000 0.000000 -1.000000
0.000000 0.000000 -1.000000
-0.000000 0.000001 -1.000000
0.000000 0.000000 -1.000000
0.000000 0.000000 -1.000000
-0.000000 0.000001 -1.000000
-0.000002 0.000001 -1.000000
0.000000 0.000000 -1.000000
-0.000000 0.000001 -1.000000
-0.000000 0.000001 -1.000000
0.000000 0.000000 -1.000000
0.000000 0.000000 -1.000000
0.000000 0.000000 -1.000000
0.000000 0.000000 -1.000000
0.000000 0.000000 -1.000000
-0.000000 0.000001 -1.000000
0.000000 0.000000 -1.000000
0.000000 0.000000 -1.000000
0.000000 0.000000 -1.000000
0.000000 0.000000 -1.000000
0.000000 0.000000 -1.000000
0.000000 0.000000 -1.000000
0.000000 0.000000 -1.000000
0.000003 0.000001 -1.000000
0.000000 0.000000 -1.000000
0.000000 0.000000 -1.000000
0.000003 0.000001 -1.000000
-0.000000 0.000001 -1.000000
0.000000 0.000000 -1.000000
0.000003 0.000001 -1.000000
0.000003 0.000001 -1.000000
0.000000 0.000000 -1.000000
0.000011 -0.000004 -1.000000
0.000011 -0.000004 -1.000000
-0.000032 0.000050 -1.000000
0.000000 0.000003 -1.000000
0.000003 0.000001 -1.000000
0.000011 -0.000004 -1.000000
0.000000 0.000003 -1.000000
-0.000000 0.000001 -1.000000
0.000003 0.000001 -1.000000
0.000000 0.000003 -1.000000
-0.000002 0.000001 -1.000000
-0.000000 0.000001 -1.000000
0.000000 0.000003 -1.000000
0.000000 0.000005 -1.000000
-0.000002 0.000001 -1.000000
0.000000 0.000003 -1.000000
0.000000 0.000000 -1.000000
0.000000 0.000005 -1.000000
0.000000 0.000003 -1.000000
0.000000 0.000000 -1.000000
0.000000 0.000000 -1.000000
0.000000 0.000003 -1.000000
0.999485 0.014431 0.028659
0.993410 -0.000001 0.114617
0.999485 -0.014431 0.028660
0.999485 -0.014431 0.028660
0.999585 -0.000000 -0.028802
0.999485 0.014431 0.028659
-0.999485 0.014431 0.028660
-0.999585 -0.000000 -0.028802
-0.999485 -0.014431 0.028659
-0.999485 -0.014431 0.028659
-0.993410 0.000001 0.114617
-0.999485 0.014431 0.028660
0.704765 0.709440 0.000001
0.704765 0.709440 0.000001
0.686348 0.709420 0.160157
0.686348 0.709420 0.160157
0.686347 0.709420 0.160156
0.704765 0.709440 0.000001
0.999485 0.014431 0.028659
0.999585 -0.000000 -0.028802
0.987786 0.144681 -0.057854
0.987786 0.144681 -0.057854
0.987786 0.057854 -0.144680
0.999485 0.014431 0.028659
0.686348 0.709420 -0.160154
0.686348 0.709420 -0.160155
0.704765 0.709440 0.000001
0.704765 0.709440 0.000001
0.704765 0.709440 0.000001
0.686348 0.709420 -0.160154
0.686347 0.709420 0.160156
0.686348 0.709420 0.160157
0.633158 0.709306 0.309833
0.633158 0.709306 0.309833
0.633157 0.709306 0.309834
0.686347 0.709420 0.160156
0.686348 -0.709420 0.160154
0.686348 -0.709420 0.160155
0.704765 -0.709440 -0.000001
0.704765 -0.709440 -0.000001
0.704765 -0.709440 -0.000001
0.686348 -0.709420 0.160154
0.987786 0.057854 -0.144680
0.987786 0.144681 -0.057854
0.941308 0.316782 -0.116565
0.941308 0.316782 -0.116565
0.941308 0.116566 -0.316782
0.987786 0.057854 -0.144680
0.633157 0.709307 -0.309833
0.633157 0.709307 -0.309832
0.686348 0.709420 -0.160155
0.686348 0.709420 -0.160155
0.686348 0.709420 -0.160154
0.633157 0.709307 -0.309833
-0.160156 0.709422 -0.686345
-0.160157 0.709423 -0.686345
0.000002 0.709438 -0.704768
0.000002 0.709438 -0.704768
0.000002 0.709438 -0.704768
-0.160156 0.709422 -0.686345
0.000001 0.367975 -0.929836
0.000001 0.929834 -0.367979
-0.295553 0.889311 -0.348961
-0.295553 0.889311 -0.348961
-0.295557 0.348966 -0.889308
0.000001 0.367975 -0.929836
-0.295557 0.348966 -0.889308
-0.295553 0.889311 -0.348961
-0.544172 0.783205 -0.300776
-0.544172 0.783205 -0.300776
-0.544172 0.300780 -0.783204
-0.295557 0.348966 -0.889308
-0.309834 0.709305 -0.633159
-0.309834 0.709304 -0.633160
-0.160157 0.709423 -0.686345
-0.160157 0.709423 -0.686345
-0.160156 0.709422 -0.686345
-0.309834 0.709305 -0.633159
-0.544172 0.300780 -0.783204
-0.544172 0.783205 -0.300776
-0.728811 0.641332 -0.239850
-0.728811 0.641332 -0.239850
-0.728809 0.239849 -0.641334
-0.544172 0.300780 -0.783204
-0.441082 0.709224 -0.549953
-0.441082 0.709224 -0.549953
-0.309834 0.709304 -0.633160
-0.309834 0.709304 -0.633160
-0.309834 0.709305 -0.633159
-0.441082 0.709224 -0.549953
-0.728809 0.239849 -0.641334
-0.728811 0.641332 -0.239850
-0.857346 0.483280 -0.177194
-0.857346 0.483280 -0.177194
-0.857346 0.177197 -0.483279
-0.728809 0.239849 -0.641334
-0.549954 0.709224 -0.441080
-0.549954 0.709225 -0.441079
-0.441082 0.709224 -0.549953
-0.441082 0.709224 -0.549953
-0.441082 0.709224 -0.549953
-0.549954 0.709224 -0.441080
-0.857346 0.177197 -0.483279
-0.857346 0.483280 -0.177194
-0.941308 0.316782 -0.116566
-0.941308 0.316782 -0.116566
-0.941308 0.116566 -0.316783
-0.857346 0.177197 -0.483279
-0.633158 0.709307 -0.309832
-0.633158 0.709307 -0.309831
-0.549954 0.709225 -0.441079
-0.549954 0.709225 -0.441079
-0.549954 0.709224 -0.441080
-0.633158 0.709307 -0.309832
-0.941308 0.116566 -0.316783
-0.941308 0.316782 -0.116566
-0.987786 0.144680 -0.057854
-0.987786 0.144680 -0.057854
-0.987786 0.057854 -0.144679
-0.941308 0.116566 -0.316783
-0.686348 0.709420 -0.160155
-0.686348 0.709420 -0.160156
-0.633158 0.709307 -0.309831
-0.633158 0.709307 -0.309831
-0.633158 0.709307 -0.309832
-0.686348 0.709420 -0.160155
-0.987786 0.057854 -0.144679
-0.987786 0.144680 -0.057854
-0.999585 -0.000000 -0.028802
-0.999585 -0.000000 -0.028802
-0.999485 0.014431 0.028660
-0.987786 0.057854 -0.144679
-0.704765 0.709440 0.000001
-0.704765 0.709440 0.000001
-0.686348 0.709420 -0.160156
-0.686348 0.709420 -0.160156
-0.686348 0.709420 -0.160155
-0.704765 0.709440 0.000001
-0.686348 0.709420 0.160156
-0.686348 0.709420 0.160156
-0.704765 0.709440 0.000001
-0.704765 0.709440 0.000001
-0.704765 0.709440 0.000001
-0.686348 0.709420 0.160156
-0.633157 0.709306 0.309835
-0.633157 0.709306 0.309834
-0.686348 0.709420 0.160156
-0.686348 0.709420 0.160156
-0.686348 0.709420 0.160156
-0.633157 0.709306 0.309835
-0.549953 0.709225 0.441081
-0.549954 0.709224 0.441081
-0.633157 0.709306 0.309834
-0.633157 0.709306 0.309834
-0.633157 0.709306 0.309835
-0.549953 0.709225 0.441081
-0.441082 0.709223 0.549954
-0.441082 0.709223 0.549954
-0.549954 0.709224 0.441081
-0.549954 0.709224 0.441081
-0.549953 0.709225 0.441081
-0.441082 0.709223 0.549954
-0.309835 0.709303 0.633160
-0.309832 0.709305 0.633158
-0.441082 0.709223 0.549954
-0.441082 0.709223 0.549954
-0.441082 0.709223 0.549954
-0.309835 0.709303 0.633160
-0.160146 0.709428 0.686341
-0.160146 0.709428 0.686342
-0.309832 0.709305 0.633158
-0.309832 0.709305 0.633158
-0.309835 0.709303 0.633160
-0.160146 0.709428 0.686341
-0.000004 0.709439 0.704767
-0.000005 0.709439 0.704767
-0.160146 0.709428 0.686342
-0.160146 0.709428 0.686342
-0.160146 0.709428 0.686341
-0.000004 0.709439 0.704767
0.160153 0.709428 0.686340
0.160154 0.709428 0.686340
-0.000005 0.709439 0.704767
-0.000005 0.709439 0.704767
-0.000004 0.709439 0.704767
0.160153 0.709428 0.686340
0.309831 0.709305 0.633159
0.309830 0.709303 0.633162
0.160154 0.709428 0.686340
0.160154 0.709428 0.686340
0.160153 0.709428 0.686340
0.309831 0.709305 0.633159
0.441082 0.709223 0.549954
0.441082 0.709223 0.549954
0.309830 0.709303 0.633162
0.309830 0.709303 0.633162
0.309831 0.709305 0.633159
0.441082 0.709223 0.549954
0.549953 0.709224 0.441081
0.549953 0.709225 0.441081
0.441082 0.709223 0.549954
0.441082 0.709223 0.549954
0.441082 0.709223 0.549954
0.549953 0.709224 0.441081
0.633157 0.709306 0.309834
0.633158 0.709306 0.309833
0.549953 0.709225 0.441081
0.549953 0.709225 0.441081
0.549953 0.709224 0.441081
0.633157 0.709306 0.309834
0.941308 0.116566 -0.316782
0.941308 0.316782 -0.116565
0.857346 0.483281 -0.177194
0.857346 0.483281 -0.177194
0.857347 0.177197 -0.483277
0.941308 0.116566 -0.316782
0.549953 0.709225 -0.441079
0.549955 0.709225 -0.441079
0.633157 0.709307 -0.309832
0.633157 0.709307 -0.309832
0.633157 0.709307 -0.309833
0.549953 0.709225 -0.441079
0.857347 0.177197 -0.483277
0.857346 0.483281 -0.177194
0.728811 0.641331 -0.239850
0.728811 0.641331 -0.239850
0.728810 0.239849 -0.641334
0.857347 0.177197 -0.483277
0.441082 0.709224 -0.549953
0.441083 0.709224 -0.549953
0.549955 0.709225 -0.441079
0.549955 0.709225 -0.441079
0.549953 0.709225 -0.441079
0.441082 0.709224 -0.549953
0.728810 0.239849 -0.641334
0.728811 0.641331 -0.239850
0.544172 0.783205 -0.300777
0.544172 0.783205 -0.300777
0.544172 0.300782 -0.783203
0.728810 0.239849 -0.641334
0.309836 0.709304 -0.633159
0.309835 0.709305 -0.633158
0.441083 0.709224 -0.549953
0.441083 0.709224 -0.549953
0.441082 0.709224 -0.549953
0.309836 0.709304 -0.633159
0.544172 0.300782 -0.783203
0.544172 0.783205 -0.300777
0.295552 0.889312 -0.348961
0.295552 0.889312 -0.348961
0.295555 0.348965 -0.889309
0.544172 0.300782 -0.783203
0.160153 0.709423 -0.686345
0.160154 0.709422 -0.686346
0.309835 0.709305 -0.633158
0.309835 0.709305 -0.633158
0.309836 0.709304 -0.633159
0.160153 0.709423 -0.686345
0.295555 0.348965 -0.889309
0.295552 0.889312 -0.348961
0.000001 0.929834 -0.367979
0.000001 0.929834 -0.367979
0.000001 0.367975 -0.929836
0.295555 0.348965 -0.889309
0.000002 0.709438 -0.704768
0.000002 0.709438 -0.704768
0.160154 0.709422 -0.686346
0.160154 0.709422 -0.686346
0.160153 0.709423 -0.686345
0.000002 0.709438 -0.704768
0.633157 -0.709306 0.309833
0.633157 -0.709306 0.309833
0.686348 -0.709420 0.160155
0.686348 -0.709420 0.160155
0.686348 -0.709420 0.160154
0.633157 -0.709306 0.309833
0.704765 -0.709440 -0.000001
0.704765 -0.709440 -0.000001
0.686348 -0.709420 -0.160156
0.686348 -0.709420 -0.160156
0.686348 -0.709420 -0.160156
0.704765 -0.709440 -0.000001
0.987786 -0.057854 -0.144680
0.987786 -0.144681 -0.057854
0.999585 -0.000000 -0.028802
0.999585 -0.000000 -0.028802
0.999485 -0.014431 0.028660
0.987786 -0.057854 -0.144680
-0.704765 -0.709440 -0.000001
-0.704765 -0.709440 -0.000001
-0.686348 -0.709420 0.160156
-0.686348 -0.709420 0.160156
-0.686348 -0.709420 0.160155
-0.704765 -0.709440 -0.000001
-0.686348 -0.709420 0.160155
-0.686348 -0.709420 0.160156
-0.633158 -0.709306 0.309831
-0.633158 -0.709306 0.309831
-0.633158 -0.709306 0.309832
-0.686348 -0.709420 0.160155
-0.633158 -0.709306 0.309832
-0.633158 -0.709306 0.309831
-0.549953 -0.709226 0.441079
-0.549953 -0.709226 0.441079
-0.549954 -0.709225 0.441080
-0.633158 -0.709306 0.309832
-0.549954 -0.709225 0.441080
-0.549953 -0.709226 0.441079
-0.441082 -0.709224 0.549953
-0.441082 -0.709224 0.549953
-0.441082 -0.709223 0.549953
-0.549954 -0.709225 0.441080
-0.441082 -0.709223 0.549953
-0.441082 -0.709224 0.549953
-0.309831 -0.709304 0.633161
-0.309831 -0.709304 0.633161
-0.309832 -0.709306 0.633158
-0.441082 -0.709223 0.549953
-0.309832 -0.709306 0.633158
-0.309831 -0.709304 0.633161
-0.160154 -0.709429 0.686339
-0.160154 -0.709429 0.686339
-0.160153 -0.709428 0.686340
-0.309832 -0.709306 0.633158
-0.160153 -0.709428 0.686340
-0.160154 -0.709429 0.686339
0.000005 -0.709439 0.704767
0.000005 -0.709439 0.704767
0.000004 -0.709439 0.704767
-0.160153 -0.709428 0.686340
0.000004 -0.709439 0.704767
0.000005 -0.709439 0.704767
0.160146 -0.709428 0.686341
0.160146 -0.709428 0.686341
0.160146 -0.709429 0.686341
0.000004 -0.709439 0.704767
0.160146 -0.709429 0.686341
0.160146 -0.709428 0.686341
0.309832 -0.709306 0.633157
0.309832 -0.709306 0.633157
0.309835 -0.709304 0.633158
0.160146 -0.709429 0.686341
0.309835 -0.709304 0.633158
0.309832 -0.709306 0.633157
0.441083 -0.709223 0.549953
0.441083 -0.709223 0.549953
0.441083 -0.709224 0.549953
0.309835 -0.709304 0.633158
0.441083 -0.709224 0.549953
0.441083 -0.709223 0.549953
0.549954 -0.709225 0.441079
0.549954 -0.709225 0.441079
0.549953 -0.709226 0.441079
0.441083 -0.709224 0.549953
0.549953 -0.709226 0.441079
0.549954 -0.709225 0.441079
0.633157 -0.709306 0.309833
0.633157 -0.709306 0.309833
0.633157 -0.709306 0.309833
0.549953 -0.709226 0.441079
0.686348 -0.709420 -0.160156
0.686348 -0.709420 -0.160156
0.633160 -0.709303 -0.309836
0.633160 -0.709303 -0.309836
0.633160 -0.709303 -0.309835
0.686348 -0.709420 -0.160156
0.941309 -0.116565 -0.316781
0.941308 -0.316783 -0.116565
0.987786 -0.144681 -0.057854
0.987786 -0.144681 -0.057854
0.987786 -0.057854 -0.144680
0.941309 -0.116565 -0.316781
-0.160153 -0.709422 -0.686347
-0.160153 -0.709421 -0.686347
-0.309835 -0.709303 -0.633160
-0.309835 -0.709303 -0.633160
-0.309836 -0.709302 -0.633160
-0.160153 -0.709422 -0.686347
-0.544171 -0.300780 -0.783204
-0.544172 -0.783204 -0.300779
-0.295552 -0.889311 -0.348963
-0.295552 -0.889311 -0.348963
-0.295555 -0.348963 -0.889310
-0.544171 -0.300780 -0.783204
-0.295555 -0.348963 -0.889310
-0.295552 -0.889311 -0.348963
-0.000001 -0.929833 -0.367981
-0.000001 -0.929833 -0.367981
-0.000000 -0.367973 -0.929837
-0.295555 -0.348963 -0.889310
-0.000002 -0.709438 -0.704768
-0.000002 -0.709437 -0.704768
-0.160153 -0.709421 -0.686347
-0.160153 -0.709421 -0.686347
-0.160153 -0.709422 -0.686347
-0.000002 -0.709438 -0.704768
-0.000000 -0.367973 -0.929837
-0.000001 -0.929833 -0.367981
0.295553 -0.889310 -0.348964
0.295553 -0.889310 -0.348964
0.295556 -0.348965 -0.889309
-0.000000 -0.367973 -0.929837
0.160156 -0.709421 -0.686346
0.160157 -0.709422 -0.686346
-0.000002 -0.709437 -0.704768
-0.000002 -0.709437 -0.704768
-0.000002 -0.709438 -0.704768
0.160156 -0.709421 -0.686346
0.295556 -0.348965 -0.889309
0.295553 -0.889310 -0.348964
0.544172 -0.783205 -0.300778
0.544172 -0.783205 -0.300778
0.544172 -0.300779 -0.783204
0.295556 -0.348965 -0.889309
0.309834 -0.709303 -0.633160
0.309834 -0.709302 -0.633161
0.160157 -0.709422 -0.686346
0.160157 -0.709422 -0.686346
0.160156 -0.709421 -0.686346
0.309834 -0.709303 -0.633160
0.544172 -0.300779 -0.783204
0.544172 -0.783205 -0.300778
0.728811 -0.641332 -0.239852
0.728811 -0.641332 -0.239852
0.728808 -0.239847 -0.641336
0.544172 -0.300779 -0.783204
0.441082 -0.709223 -0.549954
0.441082 -0.709223 -0.549954
0.309834 -0.709302 -0.633161
0.309834 -0.709302 -0.633161
0.309834 -0.709303 -0.633160
0.441082 -0.709223 -0.549954
0.728808 -0.239847 -0.641336
0.728811 -0.641332 -0.239852
0.857347 -0.483278 -0.177198
0.857347 -0.483278 -0.177198
0.857347 -0.177195 -0.483279
0.728808 -0.239847 -0.641336
0.549954 -0.709223 -0.441082
0.549954 -0.709223 -0.441083
0.441082 -0.709223 -0.549954
0.441082 -0.709223 -0.549954
0.441082 -0.709223 -0.549954
0.549954 -0.709223 -0.441082
0.857347 -0.177195 -0.483279
0.857347 -0.483278 -0.177198
0.941308 -0.316783 -0.116565
0.941308 -0.316783 -0.116565
0.941309 -0.116565 -0.316781
0.857347 -0.177195 -0.483279
0.633160 -0.709303 -0.309835
0.633160 -0.709303 -0.309836
0.549954 -0.709223 -0.441083
0.549954 -0.709223 -0.441083
0.549954 -0.709223 -0.441082
0.633160 -0.709303 -0.309835
-0.999485 -0.014431 0.028659
-0.999585 -0.000000 -0.028802
-0.987786 -0.144680 -0.057854
-0.987786 -0.144680 -0.057854
-0.987786 -0.057854 -0.144680
-0.999485 -0.014431 0.028659
-0.686348 -0.709420 -0.160156
-0.686348 -0.709420 -0.160156
-0.704765 -0.709440 -0.000001
-0.704765 -0.709440 -0.000001
-0.704765 -0.709440 -0.000001
-0.686348 -0.709420 -0.160156
-0.987786 -0.057854 -0.144680
-0.987786 -0.144680 -0.057854
-0.941308 -0.316783 -0.116565
-0.941308 -0.316783 -0.116565
-0.941309 -0.116565 -0.316782
-0.987786 -0.057854 -0.144680
-0.633160 -0.709303 -0.309835
-0.633160 -0.709303 -0.309836
-0.686348 -0.709420 -0.160156
-0.686348 -0.709420 -0.160156
-0.686348 -0.709420 -0.160156
-0.633160 -0.709303 -0.309835
-0.941309 -0.116565 -0.316782
-0.941308 -0.316783 -0.116565
-0.857347 -0.483277 -0.177198
-0.857347 -0.483277 -0.177198
-0.857347 -0.177194 -0.483280
-0.941309 -0.116565 -0.316782
-0.549954 -0.709223 -0.441083
-0.549954 -0.709223 -0.441083
-0.633160 -0.709303 -0.309836
-0.633160 -0.709303 -0.309836
-0.633160 -0.709303 -0.309835
-0.549954 -0.709223 -0.441083
-0.857347 -0.177194 -0.483280
-0.857347 -0.483277 -0.177198
-0.728812 -0.641331 -0.239851
-0.728812 -0.641331 -0.239851
-0.728809 -0.239847 -0.641335
-0.857347 -0.177194 -0.483280
-0.441082 -0.709223 -0.549954
-0.441082 -0.709223 -0.549954
-0.549954 -0.709223 -0.441083
-0.549954 -0.709223 -0.441083
-0.549954 -0.709223 -0.441083
-0.441082 -0.709223 -0.549954
-0.728809 -0.239847 -0.641335
-0.728812 -0.641331 -0.239851
-0.544172 -0.783204 -0.300779
-0.544172 -0.783204 -0.300779
-0.544171 -0.300780 -0.783204
-0.728809 -0.239847 -0.641335
-0.309836 -0.709302 -0.633160
-0.309835 -0.709303 -0.633160
-0.441082 -0.709223 -0.549954
-0.441082 -0.709223 -0.549954
-0.441082 -0.709223 -0.549954
-0.309836 -0.709302 -0.633160
-0.160154 0.686342 -0.709426
-0.160155 0.686342 -0.709426
-0.309831 0.633155 -0.709310
-0.309831 0.633155 -0.709310
-0.309831 0.633155 -0.709310
-0.160154 0.686342 -0.709426
-0.000000 0.704760 -0.709446
-0.000000 0.704760 -0.709446
-0.160155 0.686342 -0.709426
-0.160155 0.686342 -0.709426
-0.160154 0.686342 -0.709426
-0.000000 0.704760 -0.709446
0.160154 0.686343 -0.709426
0.160154 0.686343 -0.709426
-0.000000 0.704760 -0.709446
-0.000000 0.704760 -0.709446
-0.000000 0.704760 -0.709446
0.160154 0.686343 -0.709426
0.309831 0.633154 -0.709310
0.309831 0.633154 -0.709310
0.160154 0.686343 -0.709426
0.160154 0.686343 -0.709426
0.160154 0.686343 -0.709426
0.309831 0.633154 -0.709310
0.441077 0.549950 -0.709229
0.441077 0.549952 -0.709228
0.309831 0.633154 -0.709310
0.309831 0.633154 -0.709310
0.309831 0.633154 -0.709310
0.441077 0.549950 -0.709229
0.549954 0.441084 -0.709222
0.549954 0.441086 -0.709221
0.441077 0.549952 -0.709228
0.441077 0.549952 -0.709228
0.441077 0.549950 -0.709229
0.549954 0.441084 -0.709222
0.633163 0.309835 -0.709301
0.633163 0.309835 -0.709301
0.549954 0.441086 -0.709221
0.549954 0.441086 -0.709221
0.549954 0.441084 -0.709222
0.633163 0.309835 -0.709301
0.686351 0.160156 -0.709417
0.686351 0.160157 -0.709417
0.633163 0.309835 -0.709301
0.633163 0.309835 -0.709301
0.633163 0.309835 -0.709301
0.686351 0.160156 -0.709417
0.704769 0.000000 -0.709437
0.704769 0.000000 -0.709437
0.686351 0.160157 -0.709417
0.686351 0.160157 -0.709417
0.686351 0.160156 -0.709417
0.704769 0.000000 -0.709437
0.686351 -0.160156 -0.709417
0.686351 -0.160156 -0.709417
0.704769 0.000000 -0.709437
0.704769 0.000000 -0.709437
0.704769 0.000000 -0.709437
0.686351 -0.160156 -0.709417
0.633164 -0.309831 -0.709301
0.633162 -0.309832 -0.709303
0.686351 -0.160156 -0.709417
0.686351 -0.160156 -0.709417
0.686351 -0.160156 -0.709417
0.633164 -0.309831 -0.709301
0.549951 -0.441076 -0.709229
0.549949 -0.441077 -0.709230
0.633162 -0.309832 -0.709303
0.633162 -0.309832 -0.709303
0.633164 -0.309831 -0.709301
0.549951 -0.441076 -0.709229
0.441076 -0.549949 -0.709230
0.441076 -0.549949 -0.709230
0.549949 -0.441077 -0.709230
0.549949 -0.441077 -0.709230
0.549951 -0.441076 -0.709229
0.441076 -0.549949 -0.709230
0.309830 -0.633154 -0.709311
0.309830 -0.633154 -0.709311
0.441076 -0.549949 -0.709230
0.441076 -0.549949 -0.709230
0.441076 -0.549949 -0.709230
0.309830 -0.633154 -0.709311
0.160154 -0.686341 -0.709427
0.160154 -0.686341 -0.709427
0.309830 -0.633154 -0.709311
0.309830 -0.633154 -0.709311
0.309830 -0.633154 -0.709311
0.160154 -0.686341 -0.709427
0.000000 -0.704758 -0.709448
0.000000 -0.704758 -0.709447
0.160154 -0.686341 -0.709427
0.160154 -0.686341 -0.709427
0.160154 -0.686341 -0.709427
0.000000 -0.704758 -0.709448
-0.160154 -0.686341 -0.709427
-0.160154 -0.686341 -0.709427
0.000000 -0.704758 -0.709447
0.000000 -0.704758 -0.709447
0.000000 -0.704758 -0.709448
-0.160154 -0.686341 -0.709427
-0.309830 -0.633153 -0.709311
-0.309831 -0.633153 -0.709311
-0.160154 -0.686341 -0.709427
-0.160154 -0.686341 -0.709427
-0.160154 -0.686341 -0.709427
-0.309830 -0.633153 -0.709311
-0.441076 -0.549949 -0.709230
-0.441076 -0.549949 -0.709230
-0.309831 -0.633153 -0.709311
-0.309831 -0.633153 -0.709311
-0.309830 -0.633153 -0.709311
-0.441076 -0.549949 -0.709230
-0.549952 -0.441073 -0.709230
-0.549952 -0.441075 -0.709229
-0.441076 -0.549949 -0.709230
-0.441076 -0.549949 -0.709230
-0.441076 -0.549949 -0.709230
-0.549952 -0.441073 -0.709230
-0.633162 -0.309832 -0.709303
-0.633162 -0.309834 -0.709301
-0.549952 -0.441075 -0.709229
-0.549952 -0.441075 -0.709229
-0.549952 -0.441073 -0.709230
-0.633162 -0.309832 -0.709303
-0.686351 -0.160157 -0.709417
-0.686351 -0.160157 -0.709417
-0.633162 -0.309834 -0.709301
-0.633162 -0.309834 -0.709301
-0.633162 -0.309832 -0.709303
-0.686351 -0.160157 -0.709417
-0.704769 0.000000 -0.709437
-0.704769 0.000000 -0.709437
-0.686351 -0.160157 -0.709417
-0.686351 -0.160157 -0.709417
-0.686351 -0.160157 -0.709417
-0.704769 0.000000 -0.709437
-0.686351 0.160156 -0.709417
-0.686351 0.160156 -0.709417
-0.704769 0.000000 -0.709437
-0.704769 0.000000 -0.709437
-0.704769 0.000000 -0.709437
-0.686351 0.160156 -0.709417
-0.633163 0.309835 -0.709301
-0.633163 0.309835 -0.709301
-0.686351 0.160156 -0.709417
-0.686351 0.160156 -0.709417
-0.686351 0.160156 -0.709417
-0.633163 0.309835 -0.709301
-0.549957 0.441083 -0.709220
-0.549954 0.441083 -0.709222
-0.633163 0.309835 -0.709301
-0.633163 0.309835 -0.709301
-0.633163 0.309835 -0.709301
-0.549957 0.441083 -0.709220
-0.441076 0.549953 -0.709228
-0.441074 0.549953 -0.709229
-0.549954 0.441083 -0.709222
-0.549954 0.441083 -0.709222
-0.549957 0.441083 -0.709220
-0.441076 0.549953 -0.709228
-0.309831 0.633155 -0.709310
-0.309831 0.633155 -0.709310
-0.441074 0.549953 -0.709229
-0.441074 0.549953 -0.709229
-0.441076 0.549953 -0.709228
-0.309831 0.633155 -0.709310
0.973839 -0.000000 -0.227241
1.000000 0.000000 0.000001
1.000000 -0.000000 -0.000001
1.000000 -0.000000 -0.000001
0.973839 -0.000000 -0.227241
0.973839 -0.000000 -0.227241
0.898222 -0.000000 -0.439542
0.973839 -0.000000 -0.227241
0.973839 -0.000000 -0.227241
0.973839 -0.000000 -0.227241
0.898223 -0.000000 -0.439539
0.898222 -0.000000 -0.439542
0.780096 -0.000000 -0.625660
0.898222 -0.000000 -0.439542
0.898223 -0.000000 -0.439539
0.898223 -0.000000 -0.439539
0.780095 -0.000000 -0.625661
0.780096 -0.000000 -0.625660
0.625663 -0.000000 -0.780094
0.780096 -0.000000 -0.625660
0.780095 -0.000000 -0.625661
0.780095 -0.000000 -0.625661
0.625658 -0.000000 -0.780097
0.625663 -0.000000 -0.780094
0.439540 -0.000000 -0.898223
0.625663 -0.000000 -0.780094
0.625658 -0.000000 -0.780097
0.625658 -0.000000 -0.780097
0.439539 -0.000000 -0.898224
0.439540 -0.000000 -0.898223
0.227242 -0.000000 -0.973838
0.439540 -0.000000 -0.898223
0.439539 -0.000000 -0.898224
0.439539 -0.000000 -0.898224
0.227242 -0.000000 -0.973838
0.227242 -0.000000 -0.973838
0.000001 -0.000000 -1.000000
0.227242 -0.000000 -0.973838
0.227242 -0.000000 -0.973838
0.227242 -0.000000 -0.973838
-0.000001 -0.000000 -1.000000
0.000001 -0.000000 -1.000000
-0.227242 -0.000000 -0.973838
0.000001 -0.000000 -1.000000
-0.000001 -0.000000 -1.000000
-0.000001 -0.000000 -1.000000
-0.227242 -0.000000 -0.973838
-0.227242 -0.000000 -0.973838
-0.439539 -0.000000 -0.898223
-0.227242 -0.000000 -0.973838
-0.227242 -0.000000 -0.973838
-0.227242 -0.000000 -0.973838
-0.439540 -0.000000 -0.898223
-0.439539 -0.000000 -0.898223
-0.625662 -0.000000 -0.780094
-0.439539 -0.000000 -0.898223
-0.439540 -0.000000 -0.898223
-0.439540 -0.000000 -0.898223
-0.625659 -0.000000 -0.780097
-0.625662 -0.000000 -0.780094
-0.780096 -0.000000 -0.625660
-0.625662 -0.000000 -0.780094
-0.625659 -0.000000 -0.780097
-0.625659 -0.000000 -0.780097
-0.780096 -0.000000 -0.625660
-0.780096 -0.000000 -0.625660
-0.898222 -0.000000 -0.439542
-0.780096 -0.000000 -0.625660
-0.780096 -0.000000 -0.625660
-0.780096 -0.000000 -0.625660
-0.898223 -0.000000 -0.439539
-0.898222 -0.000000 -0.439542
-0.973839 -0.000000 -0.227241
-0.898222 -0.000000 -0.439542
-0.898223 -0.000000 -0.439539
-0.898223 -0.000000 -0.439539
-0.973839 -0.000000 -0.227241
-0.973839 -0.000000 -0.227241
-1.000000 -0.000000 -0.000001
-0.973839 -0.000000 -0.227241
-0.973839 -0.000000 -0.227241
-0.973839 -0.000000 -0.227241
-1.000000 0.000000 0.000001
-1.000000 -0.000000 -0.000001
-0.973839 0.000000 0.227238
-1.000000 -0.000000 -0.000001
-1.000000 0.000000 0.000001
-1.000000 0.000000 0.000001
-0.973839 0.000000 0.227238
-0.973839 0.000000 0.227238
-0.898223 0.000000 0.439541
-0.973839 0.000000 0.227238
-0.973839 0.000000 0.227238
-0.973839 0.000000 0.227238
-0.898223 0.000000 0.439541
-0.898223 0.000000 0.439541
-0.780096 0.000000 0.625660
-0.898223 0.000000 0.439541
-0.898223 0.000000 0.439541
-0.898223 0.000000 0.439541
-0.780093 0.000000 0.625664
-0.780096 0.000000 0.625660
-0.625663 0.000000 0.780094
-0.780096 0.000000 0.625660
-0.780093 0.000000 0.625664
-0.780093 0.000000 0.625664
-0.625658 0.000000 0.780097
-0.625663 0.000000 0.780094
-0.439540 0.000000 0.898223
-0.625663 0.000000 0.780094
-0.625658 0.000000 0.780097
-0.625658 0.000000 0.780097
-0.439539 0.000000 0.898223
-0.439540 0.000000 0.898223
-0.227242 0.000000 0.973838
-0.439540 0.000000 0.898223
-0.439539 0.000000 0.898223
-0.439539 0.000000 0.898223
-0.227242 0.000000 0.973838
-0.227242 0.000000 0.973838
-0.000001 0.000000 1.000000
-0.227242 0.000000 0.973838
-0.227242 0.000000 0.973838
-0.227242 0.000000 0.973838
0.000001 0.000000 1.000000
-0.000001 0.000000 1.000000
0.227242 0.000000 0.973838
-0.000001 0.000000 1.000000
0.000001 0.000000 1.000000
0.000001 0.000000 1.000000
0.227242 0.000000 0.973838
0.227242 0.000000 0.973838
0.439539 0.000000 0.898223
0.227242 0.000000 0.973838
0.227242 0.000000 0.973838
0.227242 0.000000 0.973838
0.439540 0.000000 0.898223
0.439539 0.000000 0.898223
0.625662 0.000000 0.780094
0.439539 0.000000 0.898223
0.439540 0.000000 0.898223
0.439540 0.000000 0.898223
0.625659 0.000000 0.780097
0.625662 0.000000 0.780094
0.780096 0.000000 0.625660
0.625662 0.000000 0.780094
0.625659 0.000000 0.780097
0.625659 0.000000 0.780097
0.780096 0.000000 0.625660
0.780096 0.000000 0.625660
0.898223 0.000000 0.439540
0.780096 0.000000 0.625660
0.780096 0.000000 0.625660
0.780096 0.000000 0.625660
0.898224 0.000000 0.439539
0.898223 0.000000 0.439540
0.973839 0.000000 0.227239
0.898223 0.000000 0.439540
0.898224 0.000000 0.439539
0.898224 0.000000 0.439539
0.973839 0.000000 0.227241
0.973839 0.000000 0.227239
1.000000 0.000000 0.000001
0.973839 0.000000 0.227239
0.973839 0.000000 0.227241
0.973839 0.000000 0.227241
1.000000 -0.000000 -0.000001
1.000000 0.000000 0.000001
-0.000000 -1.000000 0.000000
-0.000001 -1.000000 0.000001
-0.000000 -1.000000 0.000000
-0.000000 -1.000000 0.000000
-0.000000 -1.000000 0.000000
-0.000000 -1.000000 0.000000
-0.000000 -1.000000 0.000000
-0.000000 -1.000000 0.000000
-0.000000 -1.000000 0.000000
-0.000000 -1.000000 0.000000
-0.000000 -1.000000 0.000000
0.000000 -1.000000 0.000000
-0.000000 -1.000000 0.000000
0.000000 -1.000000 0.000000
-0.000000 -1.000000 0.000000
-0.000000 -1.000000 0.000000
-0.000000 -1.000000 0.000000
0.000000 -1.000000 0.000000
-0.000000 -1.000000 0.000000
0.000000 -1.000000 0.000000
0.000000 -1.000000 0.000000
-0.000000 -1.000000 0.000000
0.000000 -1.000000 0.000000
0.000000 -1.000000 0.000000
-0.000000 -1.000000 0.000000
0.000000 -1.000000 0.000000
-0.000000 -1.000000 0.000000
-0.000000 -1.000000 0.000000
-0.000000 -1.000000 0.000000
-0.000000 -1.000000 0.000000
-0.000000 -1.000000 0.000000
-0.000000 -1.000000 0.000000
-0.000000 -1.000000 0.000000
-0.000000 -1.000000 0.000000
-0.000000 -1.000000 0.000000
0.000000 -1.000000 0.000000
-0.000000 -1.000000 0.000000
0.000000 -1.000000 0.000000
-0.000000 -1.000000 0.000000
-0.000000 -1.000000 0.000000
-0.000000 -1.000000 0.000000
-0.000000 -1.000000 0.000000
-0.000000 -1.000000 0.000000
-0.000000 -1.000000 0.000000
0.000000 -1.000000 0.000000
-0.000000 -1.000000 0.000000
0.000000 -1.000000 0.000000
0.000000 -1.000000 0.000000
-0.000000 -1.000000 0.000000
0.000000 -1.000000 0.000000
0.000000 -1.000000 0.000000
-0.000000 -1.000000 0.000000
0.000000 -1.000000 0.000000
0.000000 -1.000000 0.000000
-0.000000 -1.000000 0.000000
0.000000 -1.000000 0.000000
0.000000 -1.000000 0.000000
-0.000000 -1.000000 0.000000
0.000000 -1.000000 0.000000
0.000000 -1.000000 0.000000
0.000000 -1.000000 0.000000
-0.000000 -1.000000 0.000000
0.000000 -1.000000 0.000000
0.000000 -1.000000 0.000000
0.000000 -1.000000 0.000000
0.000000 -1.000000 0.000000
0.000000 -1.000000 0.000000
0.000000 -1.000000 0.000000
0.000000 -1.000000 0.000000
0.000000 -1.000000 0.000000
0.000000 -1.000000 0.000000
0.000000 -1.000000 0.000000
0.000000 -1.000000 0.000000
0.000000 -1.000000 0.000000
0.000000 -1.000000 0.000000
0.000000 -1.000000 0.000000
0.000000 -1.000000 0.000000
0.000000 -1.000000 0.000000
0.000000 1.000000 0.000000
0.000000 1.000000 0.000000
0.000000 1.000000 0.000000
0.000000 1.000000 0.000000
0.000000 1.000000 0.000000
0.000000 1.000000 0.000000
0.000000 1.000000 0.000000
0.000000 1.000000 0.000000
0.000000 1.000000 0.000000
0.000000 1.000000 0.000000
0.000000 1.000000 0.000000
0.000000 1.000000 0.000000
0.000000 1.000000 0.000000
0.000000 1.000000 0.000000
0.000000 1.000000 0.000000
0.000000 1.000000 0.000000
0.000000 1.000000 0.000000
0.000000 1.000000 0.000000
0.000000 1.000000 0.000000
0.000000 1.000000 0.000000
0.000000 1.000000 0.000000
0.000000 1.000000 0.000000
0.000000 1.000000 0.000000
0.000000 1.000000 0.000000
0.000000 1.000000 0.000000
0.000000 1.000000 0.000000
0.000000 1.000000 0.000000
0.000000 1.000000 0.000000
0.000000 1.000000 0.000000
0.000000 1.000000 0.000000
0.000000 1.000000 0.000000
0.000000 1.000000 0.000000
0.000000 1.000000 0.000000
0.000000 1.000000 0.000000
0.000000 1.000000 0.000000
0.000000 1.000000 0.000000
0.000000 1.000000 0.000000
0.000000 1.000000 0.000000
0.000000 1.000000 0.000000
0.000000 1.000000 0.000000
0.000000 1.000000 0.000000
0.000000 1.000000 0.000000
0.000000 1.000000 0.000000
0.000000 1.000000 0.000000
0.000000 1.000000 0.000000
0.000000 1.000000 0.000000
0.000000 1.000000 0.000000
0.000000 1.000000 0.000000
0.000000 1.000000 0.000000
0.000000 1.000000 0.000000
0.000000 1.000000 0.000000
0.000000 1.000000 0.000000
0.000000 1.000000 0.000000
0.000000 1.000000 0.000000
0.000000 1.000000 0.000000
0.000000 1.000000 0.000000
0.000000 1.000000 0.000000
0.000000 1.000000 0.000000
0.000000 1.000000 0.000000
0.000000 1.000000 0.000000
0.000000 1.000000 0.000000
0.000000 1.000000 0.000000
0.000000 1.000000 0.000000
0.000000 1.000000 0.000000
0.000000 1.000000 0.000000
0.000000 1.000000 0.000000
0.000000 1.000000 0.000000
0.000000 1.000000 0.000000
0.000000 1.000000 0.000000
0.000000 1.000000 0.000000
0.000000 1.000000 0.000000
0.000000 1.000000 0.000000
0.000000 1.000000 0.000000
0.000000 1.000000 0.000000
0.000000 1.000000 0.000000
0.000000 1.000000 0.000000
0.000000 1.000000 0.000000
0.000000 1.000000 0.000000
0.973839 -0.000000 -0.227239
1.000000 0.000000 0.000001
1.000000 -0.000000 -0.000001
1.000000 -0.000000 -0.000001
0.973839 -0.000000 -0.227240
0.973839 -0.000000 -0.227239
0.898223 -0.000000 -0.439541
0.973839 -0.000000 -0.227239
0.973839 -0.000000 -0.227240
0.973839 -0.000000 -0.227240
0.898222 -0.000000 -0.439541
0.898223 -0.000000 -0.439541
0.780095 -0.000000 -0.625661
0.898223 -0.000000 -0.439541
0.898222 -0.000000 -0.439541
0.898222 -0.000000 -0.439541
0.780095 -0.000000 -0.625661
0.780095 -0.000000 -0.625661
0.625661 -0.000000 -0.780095
0.780095 -0.000000 -0.625661
0.780095 -0.000000 -0.625661
0.780095 -0.000000 -0.625661
0.625661 -0.000000 -0.780095
0.625661 -0.000000 -0.780095
0.439541 -0.000000 -0.898223
0.625661 -0.000000 -0.780095
0.625661 -0.000000 -0.780095
0.625661 -0.000000 -0.780095
0.439540 -0.000000 -0.898223
0.439541 -0.000000 -0.898223
0.227240 -0.000000 -0.973839
0.439541 -0.000000 -0.898223
0.439540 -0.000000 -0.898223
0.439540 -0.000000 -0.898223
0.227240 -0.000000 -0.973839
0.227240 -0.000000 -0.973839
0.000001 -0.000000 -1.000000
0.227240 -0.000000 -0.973839
0.227240 -0.000000 -0.973839
0.227240 -0.000000 -0.973839
-0.000001 -0.000000 -1.000000
0.000001 -0.000000 -1.000000
-0.227239 -0.000000 -0.973839
0.000001 -0.000000 -1.000000
-0.000001 -0.000000 -1.000000
-0.000001 -0.000000 -1.000000
-0.227240 -0.000000 -0.973839
-0.227239 -0.000000 -0.973839
-0.439541 -0.000000 -0.898223
-0.227239 -0.000000 -0.973839
-0.227240 -0.000000 -0.973839
-0.227240 -0.000000 -0.973839
-0.439541 -0.000000 -0.898222
-0.439541 -0.000000 -0.898223
-0.625661 -0.000000 -0.780095
-0.439541 -0.000000 -0.898223
-0.439541 -0.000000 -0.898222
-0.439541 -0.000000 -0.898222
-0.625661 -0.000000 -0.780095
-0.625661 -0.000000 -0.780095
-0.780095 -0.000000 -0.625661
-0.625661 -0.000000 -0.780095
-0.625661 -0.000000 -0.780095
-0.625661 -0.000000 -0.780095
-0.780095 -0.000000 -0.625661
-0.780095 -0.000000 -0.625661
-0.898223 -0.000000 -0.439541
-0.780095 -0.000000 -0.625661
-0.780095 -0.000000 -0.625661
-0.780095 -0.000000 -0.625661
-0.898223 -0.000000 -0.439541
-0.898223 -0.000000 -0.439541
-0.973839 -0.000000 -0.227239
-0.898223 -0.000000 -0.439541
-0.898223 -0.000000 -0.439541
-0.898223 -0.000000 -0.439541
-0.973839 -0.000000 -0.227240
-0.973839 -0.000000 -0.227239
-1.000000 -0.000000 -0.000001
-0.973839 -0.000000 -0.227239
-0.973839 -0.000000 -0.227240
-0.973839 -0.000000 -0.227240
-1.000000 0.000000 0.000001
-1.000000 -0.000000 -0.000001
-0.973839 0.000000 0.227239
-1.000000 -0.000000 -0.000001
-1.000000 0.000000 0.000001
-1.000000 0.000000 0.000001
-0.973839 0.000000 0.227239
-0.973839 0.000000 0.227239
-0.898222 0.000000 0.439542
-0.973839 0.000000 0.227239
-0.973839 0.000000 0.227239
-0.973839 0.000000 0.227239
-0.898222 0.000000 0.439541
-0.898222 0.000000 0.439542
-0.780095 0.000000 0.625661
-0.898222 0.000000 0.439542
-0.898222 0.000000 0.439541
-0.898222 0.000000 0.439541
-0.780095 0.000000 0.625661
-0.780095 0.000000 0.625661
-0.625661 0.000000 0.780095
-0.780095 0.000000 0.625661
-0.780095 0.000000 0.625661
-0.780095 0.000000 0.625661
-0.625661 0.000000 0.780096
-0.625661 0.000000 0.780095
-0.439541 0.000000 0.898223
-0.625661 0.000000 0.780095
-0.625661 0.000000 0.780096
-0.625661 0.000000 0.780096
-0.439540 0.000000 0.898223
-0.439541 0.000000 0.898223
-0.227241 0.000000 0.973839
-0.439541 0.000000 0.898223
-0.439540 0.000000 0.898223
-0.439540 0.000000 0.898223
-0.227240 0.000000 0.973839
-0.227241 0.000000 0.973839
-0.000001 0.000000 1.000000
-0.227241 0.000000 0.973839
-0.227240 0.000000 0.973839
-0.227240 0.000000 0.973839
0.000001 0.000000 1.000000
-0.000001 0.000000 1.000000
0.227239 0.000000 0.973839
-0.000001 0.000000 1.000000
0.000001 0.000000 1.000000
0.000001 0.000000 1.000000
0.227240 0.000000 0.973839
0.227239 0.000000 0.973839
0.439541 0.000000 0.898223
0.227239 0.000000 0.973839
0.227240 0.000000 0.973839
0.227240 0.000000 0.973839
0.439541 0.000000 0.898222
0.439541 0.000000 0.898223
0.625661 0.000000 0.780095
0.439541 0.000000 0.898223
0.439541 0.000000 0.898222
0.439541 0.000000 0.898222
0.625661 0.000000 0.780095
0.625661 0.000000 0.780095
0.780095 0.000000 0.625661
0.625661 0.000000 0.780095
0.625661 0.000000 0.780095
0.625661 0.000000 0.780095
0.780095 0.000000 0.625661
0.780095 0.000000 0.625661
0.898223 0.000000 0.439541
0.780095 0.000000 0.625661
0.780095 0.000000 0.625661
0.780095 0.000000 0.625661
0.898223 0.000000 0.439540
0.898223 0.000000 0.439541
0.973839 0.000000 0.227240
0.898223 0.000000 0.439541
0.898223 0.000000 0.439540
0.898223 0.000000 0.439540
0.973839 0.000000 0.227240
0.973839 0.000000 0.227240
1.000000 0.000000 0.000001
0.973839 0.000000 0.227240
0.973839 0.000000 0.227240
0.973839 0.000000 0.227240
1.000000 -0.000000 -0.000001
1.000000 0.000000 0.000001
-0.000000 -1.000000 0.000000
-0.000001 -1.000000 0.000001
-0.000000 -1.000000 0.000000
-0.000000 -1.000000 0.000000
-0.000000 -1.000000 0.000000
-0.000000 -1.000000 0.000000
-0.000000 -1.000000 0.000000
-0.000000 -1.000000 0.000000
-0.000000 -1.000000 0.000000
-0.000000 -1.000000 0.000000
-0.000000 -1.000000 0.000000
0.000000 -1.000000 0.000000
-0.000000 -1.000000 0.000000
0.000000 -1.000000 0.000000
-0.000000 -1.000000 0.000000
-0.000000 -1.000000 0.000000
-0.000000 -1.000000 0.000000
0.000000 -1.000000 0.000000
-0.000000 -1.000000 0.000000
0.000000 -1.000000 0.000000
0.000000 -1.000000 0.000000
-0.000000 -1.000000 0.000000
0.000000 -1.000000 0.000000
0.000000 -1.000000 0.000000
-0.000000 -1.000000 0.000000
0.000000 -1.000000 0.000000
-0.000000 -1.000000 0.000000
-0.000000 -1.000000 0.000000
-0.000000 -1.000000 0.000000
-0.000000 -1.000000 0.000000
-0.000000 -1.000000 0.000000
-0.000000 -1.000000 0.000000
-0.000000 -1.000000 0.000000
-0.000000 -1.000000 0.000000
-0.000000 -1.000000 0.000000
0.000000 -1.000000 0.000000
-0.000000 -1.000000 0.000000
0.000000 -1.000000 0.000000
-0.000000 -1.000000 0.000000
-0.000000 -1.000000 0.000000
-0.000000 -1.000000 0.000000
-0.000000 -1.000000 0.000000
-0.000000 -1.000000 0.000000
-0.000000 -1.000000 0.000000
0.000000 -1.000000 0.000000
-0.000000 -1.000000 0.000000
0.000000 -1.000000 0.000000
0.000000 -1.000000 0.000000
-0.000000 -1.000000 0.000000
0.000000 -1.000000 0.000000
0.000000 -1.000000 0.000000
-0.000000 -1.000000 0.000000
0.000000 -1.000000 0.000000
0.000000 -1.000000 0.000000
-0.000000 -1.000000 0.000000
0.000000 -1.000000 0.000000
-0.000000 -1.000000 0.000000
-0.000000 -1.000000 0.000000
-0.000000 -1.000000 0.000000
-0.000000 -1.000000 0.000000
0.000000 -1.000000 0.000000
-0.000000 -1.000000 0.000000
-0.000000 -1.000000 0.000000
0.000000 -1.000000 0.000000
0.000000 -1.000000 0.000000
-0.000000 -1.000000 0.000000
0.000000 -1.000000 0.000000
-0.000000 -1.000000 0.000000
0.000000 -1.000000 0.000000
0.000000 -1.000000 0.000000
0.000000 -1.000000 0.000000
0.000000 -1.000000 0.000000
0.000000 -1.000000 0.000000
0.000000 -1.000000 0.000000
0.000000 -1.000000 0.000000
0.000000 -1.000000 0.000000
0.000000 -1.000000 0.000000
0.000000 -1.000000 0.000000
0.000000 1.000000 0.000000
0.000000 1.000000 0.000000
0.000000 1.000000 0.000000
0.000000 1.000000 0.000000
0.000000 1.000000 0.000000
0.000000 1.000000 0.000000
0.000000 1.000000 0.000000
0.000000 1.000000 0.000000
0.000000 1.000000 0.000000
0.000000 1.000000 0.000000
0.000000 1.000000 0.000000
0.000000 1.000000 0.000000
0.000000 1.000000 0.000000
0.000000 1.000000 0.000000
0.000000 1.000000 0.000000
0.000000 1.000000 0.000000
0.000000 1.000000 0.000000
0.000000 1.000000 0.000000
0.000000 1.000000 0.000000
0.000000 1.000000 0.000000
0.000000 1.000000 0.000000
0.000000 1.000000 0.000000
0.000000 1.000000 0.000000
0.000000 1.000000 0.000000
0.000000 1.000000 0.000000
0.000000 1.000000 0.000000
0.000000 1.000000 0.000000
0.000000 1.000000 0.000000
0.000000 1.000000 0.000000
0.000000 1.000000 0.000000
0.000000 1.000000 0.000000
0.000000 1.000000 0.000000
0.000000 1.000000 0.000000
0.000000 1.000000 0.000000
0.000000 1.000000 0.000000
0.000000 1.000000 0.000000
0.000000 1.000000 0.000000
0.000000 1.000000 0.000000
0.000000 1.000000 0.000000
0.000000 1.000000 0.000000
0.000000 1.000000 0.000000
0.000000 1.000000 0.000000
0.000000 1.000000 0.000000
0.000000 1.000000 0.000000
0.000000 1.000000 0.000000
0.000000 1.000000 0.000000
0.000000 1.000000 0.000000
0.000000 1.000000 0.000000
0.000000 1.000000 0.000000
0.000000 1.000000 0.000000
0.000000 1.000000 0.000000
0.000000 1.000000 0.000000
0.000000 1.000000 0.000000
0.000000 1.000000 0.000000
0.000000 1.000000 0.000000
0.000000 1.000000 0.000000
0.000000 1.000000 0.000000
0.000000 1.000000 0.000000
0.000000 1.000000 0.000000
0.000000 1.000000 0.000000
0.000000 1.000000 0.000000
0.000000 1.000000 0.000000
0.000000 1.000000 0.000000
0.000000 1.000000 0.000000
0.000000 1.000000 0.000000
0.000000 1.000000 0.000000
0.000000 1.000000 0.000000
0.000000 1.000000 0.000000
0.000000 1.000000 0.000000
0.000000 1.000000 0.000000
0.000000 1.000000 0.000000
0.000000 1.000000 0.000000
0.000000 1.000000 0.000000
0.000000 1.000000 0.000000
0.000000 1.000000 0.000000
0.000000 1.000000 0.000000
0.000000 1.000000 0.000000
0.000000 1.000000 0.000000
1.000000 -0.000000 0.000000
0.973839 0.227239 0.000000
0.973839 0.227239 0.000000
0.973839 0.227239 0.000000
0.993410 0.114617 0.000001
0.999485 0.028659 -0.014431
1.000000 -0.000000 0.000000
0.973839 0.227239 0.000000
0.999485 0.028659 -0.014431
1.000000 -0.000000 0.000000
0.999485 0.028659 -0.014431
0.987786 -0.144680 -0.057854
0.987786 -0.144680 -0.057854
0.973839 -0.227239 0.000000
1.000000 -0.000000 0.000000
0.973839 0.227239 0.000000
0.898224 0.439539 0.000000
0.898224 0.439539 0.000000
0.898224 0.439539 0.000000
0.973839 0.227239 0.000000
0.973839 0.227239 0.000000
0.973839 0.227239 0.000000
0.973839 0.227239 0.000000
1.000000 -0.000000 -0.000000
1.000000 -0.000000 -0.000000
0.999485 0.028660 0.014431
0.993410 0.114617 0.000001
0.973839 0.227239 0.000000
1.000000 -0.000000 -0.000000
0.993410 0.114617 0.000001
0.987786 -0.144680 -0.057854
0.941308 -0.316782 -0.116565
0.898222 -0.439541 0.000000
0.898222 -0.439541 0.000000
0.973839 -0.227239 0.000000
0.987786 -0.144680 -0.057854
-0.227239 -0.973839 0.000000
0.000000 -1.000000 0.000000
-0.000001 -0.929835 -0.367977
-0.000001 -0.929835 -0.367977
-0.295551 -0.889312 -0.348962
-0.227239 -0.973839 0.000000
-0.227239 -0.973839 0.000000
-0.295551 -0.889312 -0.348962
-0.544173 -0.783204 -0.300777
-0.544173 -0.783204 -0.300777
-0.439543 -0.898221 0.000000
-0.227239 -0.973839 0.000000
-0.439543 -0.898221 0.000000
-0.544173 -0.783204 -0.300777
-0.728812 -0.641331 -0.239849
-0.728812 -0.641331 -0.239849
-0.625663 -0.780094 0.000000
-0.439543 -0.898221 0.000000
-0.625663 -0.780094 0.000000
-0.728812 -0.641331 -0.239849
-0.857346 -0.483279 -0.177196
-0.857346 -0.483279 -0.177196
-0.780094 -0.625662 0.000000
-0.625663 -0.780094 0.000000
-0.780094 -0.625662 0.000000
-0.857346 -0.483279 -0.177196
-0.941308 -0.316783 -0.116565
-0.941308 -0.316783 -0.116565
-0.898222 -0.439542 0.000000
-0.780094 -0.625662 0.000000
-0.898222 -0.439542 0.000000
-0.941308 -0.316783 -0.116565
-0.987786 -0.144680 -0.057854
-0.987786 -0.144680 -0.057854
-0.973839 -0.227239 0.000000
-0.898222 -0.439542 0.000000
-0.973839 -0.227239 0.000000
-0.987786 -0.144680 -0.057854
-0.999485 0.028660 -0.014431
-0.999485 0.028660 -0.014431
-1.000000 -0.000000 0.000000
-0.973839 -0.227239 0.000000
-1.000000 -0.000000 0.000000
-0.999485 0.028660 -0.014431
-0.993410 0.114617 -0.000001
-1.000000 -0.000000 0.000000
-0.993410 0.114617 -0.000001
-0.973839 0.227239 -0.000000
-1.000000 -0.000000 0.000000
-0.973839 0.227239 -0.000000
-0.973839 0.227239 0.000000
-0.973839 0.227239 0.000000
-0.973839 0.227239 -0.000000
-0.898224 0.439539 0.000000
-0.898224 0.439539 0.000000
-0.898224 0.439539 0.000000
-0.973839 0.227239 0.000000
-0.898224 0.439539 0.000000
-0.898224 0.439539 0.000000
-0.780094 0.625663 0.000000
-0.780094 0.625663 0.000000
-0.780094 0.625663 0.000000
-0.898224 0.439539 0.000000
-0.780094 0.625663 0.000000
-0.780094 0.625663 0.000000
-0.625659 0.780096 0.000000
-0.625659 0.780096 0.000000
-0.625659 0.780096 0.000000
-0.780094 0.625663 0.000000
-0.625659 0.780096 0.000000
-0.625659 0.780096 0.000000
-0.439543 0.898221 0.000000
-0.439543 0.898221 0.000000
-0.439543 0.898221 0.000000
-0.625659 0.780096 0.000000
-0.439543 0.898221 0.000000
-0.439543 0.898221 0.000000
-0.227244 0.973838 0.000000
-0.227244 0.973838 0.000000
-0.227244 0.973838 0.000000
-0.439543 0.898221 0.000000
-0.227244 0.973838 0.000000
-0.227244 0.973838 0.000000
0.000000 1.000000 0.000000
0.000000 1.000000 0.000000
0.000000 1.000000 0.000000
-0.227244 0.973838 0.000000
0.000000 1.000000 0.000000
0.000000 1.000000 0.000000
0.227244 0.973838 0.000000
0.227244 0.973838 0.000000
0.227244 0.973838 0.000000
0.000000 1.000000 0.000000
0.227244 0.973838 0.000000
0.227244 0.973838 0.000000
0.439543 0.898222 0.000000
0.439543 0.898222 0.000000
0.439543 0.898222 0.000000
0.227244 0.973838 0.000000
0.439543 0.898222 0.000000
0.439543 0.898222 0.000000
0.625659 0.780096 0.000000
0.625659 0.780096 0.000000
0.625659 0.780096 0.000000
0.439543 0.898222 0.000000
0.625659 0.780096 0.000000
0.625659 0.780096 0.000000
0.780094 0.625663 0.000000
0.780094 0.625663 0.000000
0.780094 0.625663 0.000000
0.625659 0.780096 0.000000
0.780094 0.625663 0.000000
0.780094 0.625663 0.000000
0.898224 0.439539 0.000000
0.898224 0.439539 0.000000
0.898224 0.439539 0.000000
0.780094 0.625663 0.000000
0.898222 -0.439541 0.000000
0.941308 -0.316782 -0.116565
0.857346 -0.483279 -0.177197
0.857346 -0.483279 -0.177197
0.780094 -0.625662 0.000000
0.898222 -0.439541 0.000000
0.780094 -0.625662 0.000000
0.857346 -0.483279 -0.177197
0.728811 -0.641332 -0.239849
0.728811 -0.641332 -0.239849
0.625662 -0.780094 0.000000
0.780094 -0.625662 0.000000
0.625662 -0.780094 0.000000
0.728811 -0.641332 -0.239849
0.544174 -0.783204 -0.300776
0.544174 -0.783204 -0.300776
0.439543 -0.898221 0.000000
0.625662 -0.780094 0.000000
0.439543 -0.898221 0.000000
0.544174 -0.783204 -0.300776
0.295553 -0.889311 -0.348962
0.295553 -0.889311 -0.348962
0.227239 -0.973839 0.000000
0.439543 -0.898221 0.000000
0.227239 -0.973839 0.000000
0.295553 -0.889311 -0.348962
-0.000001 -0.929835 -0.367977
-0.000001 -0.929835 -0.367977
0.000000 -1.000000 0.000000
0.227239 -0.973839 0.000000
0.973839 0.227239 0.000000
0.898224 0.439539 0.000000
0.898224 0.439539 0.000000
0.898224 0.439539 0.000000
0.973839 0.227239 0.000000
0.973839 0.227239 0.000000
0.999485 0.028660 0.014431
1.000000 -0.000000 -0.000000
0.973839 -0.227239 0.000000
0.973839 -0.227239 0.000000
0.987786 -0.144680 0.057854
0.999485 0.028660 0.014431
-0.999485 0.028659 0.014431
-1.000000 0.000000 0.000000
-0.973839 0.227239 0.000000
-0.999485 0.028659 0.014431
-0.973839 0.227239 0.000000
-0.973839 0.227239 -0.000000
-0.993410 0.114617 -0.000001
-0.999485 0.028659 0.014431
-0.973839 0.227239 -0.000000
-0.973839 0.227239 -0.000000
-0.973839 0.227239 0.000000
-0.898224 0.439539 0.000000
-0.898224 0.439539 0.000000
-0.898224 0.439539 0.000000
-0.973839 0.227239 -0.000000
-0.898224 0.439539 0.000000
-0.898224 0.439539 0.000000
-0.780094 0.625663 0.000000
-0.780094 0.625663 0.000000
-0.780094 0.625663 0.000000
-0.898224 0.439539 0.000000
-0.780094 0.625663 0.000000
-0.780094 0.625663 0.000000
-0.625659 0.780096 0.000000
-0.625659 0.780096 0.000000
-0.625659 0.780096 0.000000
-0.780094 0.625663 0.000000
-0.625659 0.780096 0.000000
-0.625659 0.780096 0.000000
-0.439543 0.898221 0.000000
-0.439543 0.898221 0.000000
-0.439543 0.898221 0.000000
-0.625659 0.780096 0.000000
-0.439543 0.898221 0.000000
-0.439543 0.898221 0.000000
-0.227244 0.973838 0.000000
-0.227244 0.973838 0.000000
-0.227244 0.973838 0.000000
-0.439543 0.898221 0.000000
-0.227244 0.973838 0.000000
-0.227244 0.973838 0.000000
-0.000000 1.000000 0.000000
-0.000000 1.000000 0.000000
0.000000 1.000000 0.000000
-0.227244 0.973838 0.000000
0.000000 1.000000 0.000000
-0.000000 1.000000 0.000000
0.227244 0.973838 0.000000
0.227244 0.973838 0.000000
0.227244 0.973838 0.000000
0.000000 1.000000 0.000000
0.227244 0.973838 0.000000
0.227244 0.973838 0.000000
0.439543 0.898221 0.000000
0.439543 0.898221 0.000000
0.439543 0.898222 0.000000
0.227244 0.973838 0.000000
0.439543 0.898222 0.000000
0.439543 0.898221 0.000000
0.625659 0.780096 0.000000
0.625659 0.780096 0.000000
0.625659 0.780096 0.000000
0.439543 0.898222 0.000000
0.625659 0.780096 0.000000
0.625659 0.780096 0.000000
0.780094 0.625663 0.000000
0.780094 0.625663 0.000000
0.780094 0.625663 0.000000
0.625659 0.780096 0.000000
0.898224 0.439539 0.000000
0.780094 0.625663 0.000000
0.780094 0.625663 0.000000
0.780094 0.625663 0.000000
0.898224 0.439539 0.000000
0.898224 0.439539 0.000000
0.973839 -0.227239 0.000000
0.898222 -0.439541 0.000000
0.941308 -0.316783 0.116565
0.941308 -0.316783 0.116565
0.987786 -0.144680 0.057854
0.973839 -0.227239 0.000000
-0.227239 -0.973839 0.000000
-0.439543 -0.898222 0.000000
-0.544174 -0.783204 0.300776
-0.544174 -0.783204 0.300776
-0.295553 -0.889311 0.348962
-0.227239 -0.973839 0.000000
-0.227239 -0.973839 0.000000
-0.295553 -0.889311 0.348962
0.000002 -0.929835 0.367977
0.000002 -0.929835 0.367977
-0.000000 -1.000000 -0.000000
-0.227239 -0.973839 0.000000
-0.000000 -1.000000 -0.000000
0.000002 -0.929835 0.367977
0.295551 -0.889312 0.348962
0.295551 -0.889312 0.348962
0.227239 -0.973839 -0.000000
-0.000000 -1.000000 -0.000000
0.227239 -0.973839 -0.000000
0.295551 -0.889312 0.348962
0.544173 -0.783204 0.300777
0.544173 -0.783204 0.300777
0.439543 -0.898221 0.000000
0.227239 -0.973839 -0.000000
0.544173 -0.783204 0.300777
0.728812 -0.641331 0.239849
0.625662 -0.780094 0.000000
0.625662 -0.780094 0.000000
0.439543 -0.898221 0.000000
0.544173 -0.783204 0.300777
0.728812 -0.641331 0.239849
0.857346 -0.483279 0.177196
0.780094 -0.625662 0.000000
0.780094 -0.625662 0.000000
0.625662 -0.780094 0.000000
0.728812 -0.641331 0.239849
0.780094 -0.625662 0.000000
0.857346 -0.483279 0.177196
0.941308 -0.316783 0.116565
0.941308 -0.316783 0.116565
0.898222 -0.439541 0.000000
0.780094 -0.625662 0.000000
-0.999485 0.028659 0.014431
-0.987786 -0.144680 0.057854
-0.973839 -0.227239 0.000000
-0.973839 -0.227239 0.000000
-1.000000 0.000000 0.000000
-0.999485 0.028659 0.014431
-0.973839 -0.227239 0.000000
-0.987786 -0.144680 0.057854
-0.941308 -0.316783 0.116565
-0.941308 -0.316783 0.116565
-0.898222 -0.439542 0.000000
-0.973839 -0.227239 0.000000
-0.898222 -0.439542 0.000000
-0.941308 -0.316783 0.116565
-0.857346 -0.483280 0.177197
-0.857346 -0.483280 0.177197
-0.780094 -0.625662 0.000000
-0.898222 -0.439542 0.000000
-0.780094 -0.625662 0.000000
-0.857346 -0.483280 0.177197
-0.728811 -0.641332 0.239849
-0.728811 -0.641332 0.239849
-0.625663 -0.780094 0.000000
-0.780094 -0.625662 0.000000
-0.625663 -0.780094 0.000000
-0.728811 -0.641332 0.239849
-0.544174 -0.783204 0.300776
-0.544174 -0.783204 0.300776
-0.439543 -0.898222 0.000000
-0.625663 -0.780094 0.000000
-0.295553 -0.348967 -0.889309
-0.227240 0.000000 -0.973839
-0.439540 0.000000 -0.898223
-0.439540 0.000000 -0.898223
-0.544173 -0.300783 -0.783202
-0.295553 -0.348967 -0.889309
-0.295553 -0.348967 -0.889309
-0.000001 -0.367973 -0.929836
-0.000000 0.000000 -1.000000
-0.000000 0.000000 -1.000000
-0.227240 0.000000 -0.973839
-0.295553 -0.348967 -0.889309
-0.000001 -0.367973 -0.929836
0.295555 -0.348968 -0.889308
0.227240 0.000000 -0.973839
0.227240 0.000000 -0.973839
-0.000000 0.000000 -1.000000
-0.000001 -0.367973 -0.929836
0.439541 0.000000 -0.898223
0.227240 0.000000 -0.973839
0.295555 -0.348968 -0.889308
0.295555 -0.348968 -0.889308
0.544174 -0.300782 -0.783202
0.439541 0.000000 -0.898223
0.728809 -0.239847 -0.641335
0.625661 0.000000 -0.780095
0.439541 0.000000 -0.898223
0.439541 0.000000 -0.898223
0.544174 -0.300782 -0.783202
0.728809 -0.239847 -0.641335
0.857346 -0.177195 -0.483280
0.780095 0.000000 -0.625661
0.625661 0.000000 -0.780095
0.625661 0.000000 -0.780095
0.728809 -0.239847 -0.641335
0.857346 -0.177195 -0.483280
0.898223 0.000000 -0.439540
0.780095 0.000000 -0.625661
0.857346 -0.177195 -0.483280
0.857346 -0.177195 -0.483280
0.941309 -0.116566 -0.316781
0.898223 0.000000 -0.439540
0.987786 -0.057854 -0.144681
0.973839 0.000000 -0.227240
0.898223 0.000000 -0.439540
0.898223 0.000000 -0.439540
0.941309 -0.116566 -0.316781
0.987786 -0.057854 -0.144681
0.999585 -0.028802 0.000000
1.000000 0.000000 -0.000000
0.973839 0.000000 -0.227240
0.973839 0.000000 -0.227240
0.987786 -0.057854 -0.144681
0.999585 -0.028802 0.000000
0.999585 -0.028802 0.000000
0.987786 -0.057854 0.144681
0.973839 -0.000000 0.227240
0.973839 -0.000000 0.227240
1.000000 0.000000 -0.000000
0.999585 -0.028802 0.000000
0.941309 -0.116567 0.316781
0.898223 -0.000000 0.439541
0.973839 -0.000000 0.227240
0.973839 -0.000000 0.227240
0.987786 -0.057854 0.144681
0.941309 -0.116567 0.316781
0.857346 -0.177195 0.483280
0.780095 -0.000000 0.625661
0.898223 -0.000000 0.439541
0.898223 -0.000000 0.439541
0.941309 -0.116567 0.316781
0.857346 -0.177195 0.483280
0.728810 -0.239848 0.641334
0.625661 -0.000000 0.780095
0.780095 -0.000000 0.625661
0.780095 -0.000000 0.625661
0.857346 -0.177195 0.483280
0.728810 -0.239848 0.641334
0.544173 -0.300783 0.783202
0.439540 -0.000000 0.898223
0.625661 -0.000000 0.780095
0.625661 -0.000000 0.780095
0.728810 -0.239848 0.641334
0.544173 -0.300783 0.783202
0.295554 -0.348967 0.889309
0.227240 -0.000000 0.973839
0.439540 -0.000000 0.898223
0.439540 -0.000000 0.898223
0.544173 -0.300783 0.783202
0.295554 -0.348967 0.889309
0.000001 -0.000000 1.000000
0.227240 -0.000000 0.973839
0.295554 -0.348967 0.889309
0.295554 -0.348967 0.889309
0.000002 -0.367974 0.929836
0.000001 -0.000000 1.000000
-0.227240 -0.000000 0.973839
0.000001 -0.000000 1.000000
0.000002 -0.367974 0.929836
0.000002 -0.367974 0.929836
-0.295555 -0.348968 0.889308
-0.227240 -0.000000 0.973839
-0.295555 -0.348968 0.889308
-0.544173 -0.300782 0.783202
-0.439541 -0.000000 0.898223
-0.439541 -0.000000 0.898223
-0.227240 -0.000000 0.973839
-0.295555 -0.348968 0.889308
-0.544173 -0.300782 0.783202
-0.728809 -0.239847 0.641335
-0.625661 -0.000000 0.780095
-0.625661 -0.000000 0.780095
-0.439541 -0.000000 0.898223
-0.544173 -0.300782 0.783202
-0.857346 -0.177195 0.483280
-0.780095 -0.000000 0.625661
-0.625661 -0.000000 0.780095
-0.625661 -0.000000 0.780095
-0.728809 -0.239847 0.641335
-0.857346 -0.177195 0.483280
-0.941309 -0.116566 0.316781
-0.898223 -0.000000 0.439540
-0.780095 -0.000000 0.625661
-0.780095 -0.000000 0.625661
-0.857346 -0.177195 0.483280
-0.941309 -0.116566 0.316781
-0.973839 -0.000000 0.227240
-0.898223 -0.000000 0.439540
-0.941309 -0.116566 0.316781
-0.941309 -0.116566 0.316781
-0.987786 -0.057854 0.144681
-0.973839 -0.000000 0.227240
-0.999585 -0.028802 -0.000000
-1.000000 0.000000 -0.000000
-0.973839 -0.000000 0.227240
-0.973839 -0.000000 0.227240
-0.987786 -0.057854 0.144681
-0.999585 -0.028802 -0.000000
-0.987786 -0.057854 -0.144680
-0.973839 0.000000 -0.227240
-1.000000 0.000000 -0.000000
-1.000000 0.000000 -0.000000
-0.999585 -0.028802 -0.000000
-0.987786 -0.057854 -0.144680
-0.941308 -0.116566 -0.316782
-0.898223 0.000000 -0.439541
-0.973839 0.000000 -0.227240
-0.973839 0.000000 -0.227240
-0.987786 -0.057854 -0.144680
-0.941308 -0.116566 -0.316782
-0.857346 -0.177195 -0.483280
-0.780095 0.000000 -0.625661
-0.898223 0.000000 -0.439541
-0.898223 0.000000 -0.439541
-0.941308 -0.116566 -0.316782
-0.857346 -0.177195 -0.483280
-0.728810 -0.239847 -0.641334
-0.625661 0.000000 -0.780095
-0.780095 0.000000 -0.625661
-0.780095 0.000000 -0.625661
-0.857346 -0.177195 -0.483280
-0.728810 -0.239847 -0.641334
-0.544173 -0.300783 -0.783202
-0.439540 0.000000 -0.898223
-0.625661 0.000000 -0.780095
-0.625661 0.000000 -0.780095
-0.728810 -0.239847 -0.641334
-0.544173 -0.300783 -0.783202
0.000000 0.000000 -1.000000
0.000000 0.000000 -1.000000
0.000000 0.000000 -1.000000
0.000000 0.000000 -1.000000
0.000000 0.000000 -1.000000
0.000000 0.000000 -1.000000
0.000000 0.000000 -1.000000
0.000000 0.000000 -1.000000
0.000000 0.000000 -1.000000
0.000000 0.000000 -1.000000
0.000000 0.000000 -1.000000
0.000000 0.000000 -1.000000
0.000000 0.000000 -1.000000
0.000000 0.000000 -1.000000
0.000000 0.000000 -1.000000
0.000000 0.000000 -1.000000
0.000000 0.000000 -1.000000
0.000000 0.000000 -1.000000
0.000000 0.000000 -1.000000
0.000000 0.000000 -1.000000
0.000000 0.000000 -1.000000
0.000000 0.000000 -1.000000
0.000000 0.000000 -1.000000
0.000000 0.000000 -1.000000
0.000000 0.000000 -1.000000
0.000000 0.000000 -1.000000
0.000000 0.000000 -1.000000
0.000000 0.000000 -1.000000
0.000000 0.000000 -1.000000
0.000000 0.000000 -1.000000
0.000000 0.000000 -1.000000
0.000000 0.000000 -1.000000
0.000000 0.000000 -1.000000
0.000000 0.000000 -1.000000
0.000000 0.000000 -1.000000
0.000000 0.000000 -1.000000
0.000000 0.000000 -1.000000
0.000000 0.000000 -1.000000
0.000000 0.000000 -1.000000
0.000000 0.000000 -1.000000
0.000000 0.000000 -1.000000
0.000000 0.000000 -1.000000
0.000000 0.000000 -1.000000
0.000000 0.000000 -1.000000
0.000000 0.000000 -1.000000
0.000000 0.000000 -1.000000
0.000000 0.000000 -1.000000
0.000000 0.000000 -1.000000
0.000000 0.000000 -1.000000
0.000000 0.000000 -1.000000
0.000000 0.000000 -1.000000
0.000000 0.000000 -1.000000
0.000000 0.000000 -1.000000
0.000000 0.000000 -1.000000
0.000000 0.000000 -1.000000
0.000000 0.000000 -1.000000
0.000000 0.000000 -1.000000
0.000000 0.000000 -1.000000
0.000000 0.000000 -1.000000
0.000000 0.000000 -1.000000
0.000000 0.000000 -1.000000
0.000000 0.000000 -1.000000
0.000000 0.000000 -1.000000
0.000000 0.000000 -1.000000
0.000000 0.000000 -1.000000
0.000000 0.000000 -1.000000
0.000000 0.000000 -1.000000
0.000000 0.000000 -1.000000
0.000000 0.000000 -1.000000
0.000000 0.000000 -1.000000
0.000000 0.000000 -1.000000
0.000000 0.000000 -1.000000
0.000000 0.000000 -1.000000
0.000000 0.000000 -1.000000
0.000000 0.000000 -1.000000
0.000000 0.000000 -1.000000
0.000000 0.000000 -1.000000
0.000000 0.000000 -1.000000
0.000000 0.000000 1.000000
0.000000 0.000000 1.000000
0.000000 0.000000 1.000000
0.000000 0.000000 1.000000
0.000000 0.000000 1.000000
0.000000 0.000000 1.000000
0.000000 0.000000 1.000000
0.000000 0.000000 1.000000
0.000000 0.000000 1.000000
0.000000 0.000000 1.000000
0.000000 0.000000 1.000000
0.000000 0.000000 1.000000
0.000000 0.000000 1.000000
0.000000 0.000000 1.000000
0.000000 0.000000 1.000000
0.000000 0.000000 1.000000
0.000000 0.000000 1.000000
0.000000 0.000000 1.000000
0.000000 0.000000 1.000000
0.000000 0.000000 1.000000
0.000000 0.000000 1.000000
0.000000 0.000000 1.000000
0.000000 0.000000 1.000000
0.000000 0.000000 1.000000
0.000000 0.000000 1.000000
0.000000 0.000000 1.000000
0.000000 0.000000 1.000000
0.000000 0.000000 1.000000
0.000000 0.000000 1.000000
0.000000 0.000000 1.000000
0.000000 0.000000 1.000000
0.000000 0.000000 1.000000
0.000000 0.000000 1.000000
0.000000 0.000000 1.000000
0.000000 0.000000 1.000000
0.000000 0.000000 1.000000
0.000000 0.000000 1.000000
0.000000 0.000000 1.000000
0.000000 0.000000 1.000000
0.000000 0.000000 1.000000
0.000000 0.000000 1.000000
0.000000 0.000000 1.000000
0.000000 0.000000 1.000000
0.000000 0.000000 1.000000
0.000000 0.000000 1.000000
0.000000 0.000000 1.000000
0.000000 0.000000 1.000000
0.000000 0.000000 1.000000
0.000000 0.000000 1.000000
0.000000 0.000000 1.000000
0.000000 0.000000 1.000000
0.000000 0.000000 1.000000
0.000000 0.000000 1.000000
0.000000 0.000000 1.000000
0.000000 0.000000 1.000000
0.000000 0.000000 1.000000
0.000000 0.000000 1.000000
0.000000 0.000000 1.000000
0.000000 0.000000 1.000000
0.000000 0.000000 1.000000
0.000000 0.000000 1.000000
0.000000 0.000000 1.000000
0.000000 0.000000 1.000000
0.000000 0.000000 1.000000
0.000000 0.000000 1.000000
0.000000 0.000000 1.000000
0.000000 0.000000 1.000000
0.000000 0.000000 1.000000
0.000000 0.000000 1.000000
0.000000 0.000000 1.000000
0.000000 0.000000 1.000000
0.000000 0.000000 1.000000
0.000000 0.000000 1.000000
0.000000 0.000000 1.000000
0.000000 0.000000 1.000000
0.000000 0.000000 1.000000
0.000000 0.000000 1.000000
0.000000 0.000000 1.000000
0.000000 -1.000000 0.000000
0.000000 -1.000000 0.000000
0.000000 -1.000000 0.000000
0.000000 -1.000000 0.000000
0.000000 -1.000000 0.000000
0.000000 -1.000000 0.000000
0.000000 -1.000000 0.000000
0.000000 -1.000000 0.000000
0.000000 -1.000000 0.000000
0.000000 -1.000000 0.000000
0.000000 -1.000000 0.000000
0.000000 -1.000000 0.000000
0.000000 -1.000000 0.000000
0.000000 -1.000000 0.000000
0.000000 -1.000000 0.000000
0.000000 -1.000000 0.000000
0.000000 -1.000000 0.000000
0.000000 -1.000000 0.000000
0.000000 -1.000000 0.000000
0.000000 -1.000000 0.000000
0.000000 -1.000000 0.000000
0.000000 -1.000000 0.000000
0.000000 -1.000000 0.000000
0.000000 -1.000000 0.000000
0.000000 -1.000000 0.000000
0.000000 -1.000000 0.000000
0.000000 -1.000000 0.000000
0.000000 -1.000000 0.000000
0.000000 -1.000000 0.000000
0.000000 -1.000000 0.000000
0.000000 -1.000000 0.000000
0.000000 -1.000000 0.000000
0.000000 -1.000000 0.000000
0.000000 -1.000000 0.000000
0.000000 -1.000000 0.000000
0.000000 -1.000000 0.000000
0.000000 -1.000000 0.000000
0.000000 -1.000000 0.000000
0.000000 -1.000000 0.000000
0.000000 -1.000000 0.000000
0.000000 -1.000000 0.000000
0.000000 -1.000000 0.000000
0.000000 -1.000000 0.000000
0.000000 -1.000000 0.000000
0.000000 -1.000000 0.000000
0.000000 -1.000000 0.000000
0.000000 -1.000000 0.000000
0.000000 -1.000000 0.000000
0.000000 -1.000000 0.000000
0.000000 -1.000000 0.000000
0.000000 -1.000000 0.000000
0.000000 -1.000000 0.000000
0.000000 -1.000000 0.000000
0.000000 -1.000000 0.000000
0.000000 -1.000000 0.000000
0.000000 -1.000000 0.000000
0.000000 -1.000000 0.000000
0.000000 -1.000000 0.000000
0.000000 -1.000000 0.000000
0.000000 -1.000000 0.000000
0.000000 -1.000000 0.000000
0.000000 -1.000000 0.000000
0.000000 -1.000000 0.000000
0.000000 -1.000000 0.000000
0.000000 -1.000000 0.000000
0.000000 -1.000000 0.000000
0.000000 -1.000000 0.000000
0.000000 -1.000000 0.000000
0.000000 -1.000000 0.000000
0.000000 -1.000000 0.000000
0.000000 -1.000000 0.000000
0.000000 -1.000000 0.000000
0.000000 -1.000000 0.000000
0.000000 -1.000000 0.000000
0.000000 -1.000000 0.000000
0.000000 -1.000000 0.000000
0.000000 -1.000000 0.000000
0.000000 -1.000000 0.000000
0.999485 0.028659 -0.014431
0.993410 0.114617 0.000001
0.999485 0.028660 0.014431
0.999485 0.028660 0.014431
0.999585 -0.028802 0.000000
0.999485 0.028659 -0.014431
-0.999485 0.028660 -0.014431
-0.999585 -0.028802 -0.000000
-0.999485 0.028659 0.014431
-0.999485 0.028659 0.014431
-0.993410 0.114617 -0.000001
-0.999485 0.028660 -0.014431
0.704765 -0.000000 -0.709440
0.704765 -0.000000 -0.709440
0.686348 0.160157 -0.709420
0.686348 0.160157 -0.709420
0.686348 0.160156 -0.709420
0.704765 -0.000000 -0.709440
0.999485 0.028659 -0.014431
0.999585 -0.028802 0.000000
0.987786 -0.057854 -0.144681
0.987786 -0.057854 -0.144681
0.987786 -0.144680 -0.057854
0.999485 0.028659 -0.014431
0.686348 -0.160155 -0.709420
0.686348 -0.160156 -0.709420
0.704765 -0.000000 -0.709440
0.704765 -0.000000 -0.709440
0.704765 -0.000000 -0.709440
0.686348 -0.160155 -0.709420
0.686348 0.160156 -0.709420
0.686348 0.160157 -0.709420
0.633159 0.309830 -0.709306
0.633159 0.309830 -0.709306
0.633159 0.309831 -0.709306
0.686348 0.160156 -0.709420
0.686348 0.160155 0.709420
0.686348 0.160156 0.709420
0.704765 -0.000000 0.709440
0.704765 -0.000000 0.709440
0.704765 -0.000000 0.709440
0.686348 0.160155 0.709420
0.987786 -0.144680 -0.057854
0.987786 -0.057854 -0.144681
0.941309 -0.116566 -0.316781
0.941309 -0.116566 -0.316781
0.941308 -0.316782 -0.116565
0.987786 -0.144680 -0.057854
0.633157 -0.309834 -0.709306
0.633157 -0.309833 -0.709306
0.686348 -0.160156 -0.709420
0.686348 -0.160156 -0.709420
0.686348 -0.160155 -0.709420
0.633157 -0.309834 -0.709306
-0.160156 -0.686346 -0.709421
-0.160157 -0.686346 -0.709422
0.000002 -0.704768 -0.709437
0.000002 -0.704768 -0.709437
0.000002 -0.704768 -0.709437
-0.160156 -0.686346 -0.709421
-0.000001 -0.929835 -0.367977
-0.000001 -0.367973 -0.929836
-0.295553 -0.348967 -0.889309
-0.295553 -0.348967 -0.889309
-0.295551 -0.889312 -0.348962
-0.000001 -0.929835 -0.367977
-0.295551 -0.889312 -0.348962
-0.295553 -0.348967 -0.889309
-0.544173 -0.300783 -0.783202
-0.544173 -0.300783 -0.783202
-0.544173 -0.783204 -0.300777
-0.295551 -0.889312 -0.348962
-0.309834 -0.633159 -0.709304
-0.309834 -0.633160 -0.709303
-0.160157 -0.686346 -0.709422
-0.160157 -0.686346 -0.709422
-0.160156 -0.686346 -0.709421
-0.309834 -0.633159 -0.709304
-0.544173 -0.783204 -0.300777
-0.544173 -0.300783 -0.783202
-0.728810 -0.239847 -0.641334
-0.728810 -0.239847 -0.641334
-0.728812 -0.641331 -0.239849
-0.544173 -0.783204 -0.300777
-0.441082 -0.549954 -0.709223
-0.441082 -0.549953 -0.709223
-0.309834 -0.633160 -0.709303
-0.309834 -0.633160 -0.709303
-0.309834 -0.633159 -0.709304
-0.441082 -0.549954 -0.709223
-0.728812 -0.641331 -0.239849
-0.728810 -0.239847 -0.641334
-0.857346 -0.177195 -0.483280
-0.857346 -0.177195 -0.483280
-0.857346 -0.483279 -0.177196
-0.728812 -0.641331 -0.239849
-0.549954 -0.441081 -0.709224
-0.549954 -0.441080 -0.709225
-0.441082 -0.549953 -0.709223
-0.441082 -0.549953 -0.709223
-0.441082 -0.549954 -0.709223
-0.549954 -0.441081 -0.709224
-0.857346 -0.483279 -0.177196
-0.857346 -0.177195 -0.483280
-0.941308 -0.116566 -0.316782
-0.941308 -0.116566 -0.316782
-0.941308 -0.316783 -0.116565
-0.857346 -0.483279 -0.177196
-0.633157 -0.309833 -0.709306
-0.633158 -0.309832 -0.709306
-0.549954 -0.441080 -0.709225
-0.549954 -0.441080 -0.709225
-0.549954 -0.441081 -0.709224
-0.633157 -0.309833 -0.709306
-0.941308 -0.316783 -0.116565
-0.941308 -0.116566 -0.316782
-0.987786 -0.057854 -0.144680
-0.987786 -0.057854 -0.144680
-0.987786 -0.144680 -0.057854
-0.941308 -0.316783 -0.116565
-0.686348 -0.160156 -0.709420
-0.686348 -0.160157 -0.709420
-0.633158 -0.309832 -0.709306
-0.633158 -0.309832 -0.709306
-0.633157 -0.309833 -0.709306
-0.686348 -0.160156 -0.709420
-0.987786 -0.144680 -0.057854
-0.987786 -0.057854 -0.144680
-0.999585 -0.028802 -0.000000
-0.999585 -0.028802 -0.000000
-0.999485 0.028660 -0.014431
-0.987786 -0.144680 -0.057854
-0.704765 0.000000 -0.709440
-0.704765 0.000000 -0.709440
-0.686348 -0.160157 -0.709420
-0.686348 -0.160157 -0.709420
-0.686348 -0.160156 -0.709420
-0.704765 0.000000 -0.709440
-0.686348 0.160155 -0.709420
-0.686348 0.160156 -0.709420
-0.704765 0.000000 -0.709440
-0.704765 0.000000 -0.709440
-0.704765 0.000000 -0.709440
-0.686348 0.160155 -0.709420
-0.633158 0.309832 -0.709306
-0.633158 0.309831 -0.709306
-0.686348 0.160156 -0.709420
-0.686348 0.160156 -0.709420
-0.686348 0.160155 -0.709420
-0.633158 0.309832 -0.709306
-0.549953 0.441080 -0.709225
-0.549952 0.441080 -0.709225
-0.633158 0.309831 -0.709306
-0.633158 0.309831 -0.709306
-0.633158 0.309832 -0.709306
-0.549953 0.441080 -0.709225
-0.441075 0.549952 -0.709229
-0.441075 0.549952 -0.709229
-0.549952 0.441080 -0.709225
-0.549952 0.441080 -0.709225
-0.549953 0.441080 -0.709225
-0.441075 0.549952 -0.709229
-0.309837 0.633157 -0.709305
-0.309836 0.633156 -0.709305
-0.441075 0.549952 -0.709229
-0.441075 0.549952 -0.709229
-0.441075 0.549952 -0.709229
-0.309837 0.633157 -0.709305
-0.160153 0.686339 -0.709429
-0.160150 0.686337 -0.709432
-0.309836 0.633156 -0.709305
-0.309836 0.633156 -0.709305
-0.309837 0.633157 -0.709305
-0.160153 0.686339 -0.709429
0.000001 0.704752 -0.709454
0.000001 0.704752 -0.709454
-0.160150 0.686337 -0.709432
-0.160150 0.686337 -0.709432
-0.160153 0.686339 -0.709429
0.000001 0.704752 -0.709454
0.160155 0.686336 -0.709432
0.160154 0.686339 -0.709429
0.000001 0.704752 -0.709454
0.000001 0.704752 -0.709454
0.000001 0.704752 -0.709454
0.160155 0.686336 -0.709432
0.309831 0.633159 -0.709305
0.309831 0.633160 -0.709305
0.160154 0.686339 -0.709429
0.160154 0.686339 -0.709429
0.160155 0.686336 -0.709432
0.309831 0.633159 -0.709305
0.441078 0.549950 -0.709228
0.441079 0.549949 -0.709229
0.309831 0.633160 -0.709305
0.309831 0.633160 -0.709305
0.309831 0.633159 -0.709305
0.441078 0.549950 -0.709228
0.549951 0.441082 -0.709225
0.549951 0.441083 -0.709225
0.441079 0.549949 -0.709229
0.441079 0.549949 -0.709229
0.441078 0.549950 -0.709228
0.549951 0.441082 -0.709225
0.633159 0.309831 -0.709306
0.633159 0.309830 -0.709306
0.549951 0.441083 -0.709225
0.549951 0.441083 -0.709225
0.549951 0.441082 -0.709225
0.633159 0.309831 -0.709306
0.941308 -0.316782 -0.116565
0.941309 -0.116566 -0.316781
0.857346 -0.177195 -0.483280
0.857346 -0.177195 -0.483280
0.857346 -0.483279 -0.177197
0.941308 -0.316782 -0.116565
0.549953 -0.441080 -0.709225
0.549954 -0.441080 -0.709224
0.633157 -0.309833 -0.709306
0.633157 -0.309833 -0.709306
0.633157 -0.309834 -0.709306
0.549953 -0.441080 -0.709225
0.857346 -0.483279 -0.177197
0.857346 -0.177195 -0.483280
0.728809 -0.239847 -0.641335
0.728809 -0.239847 -0.641335
0.728811 -0.641332 -0.239849
0.857346 -0.483279 -0.177197
0.441082 -0.549953 -0.709223
0.441083 -0.549954 -0.709223
0.549954 -0.441080 -0.709224
0.549954 -0.441080 -0.709224
0.549953 -0.441080 -0.709225
0.441082 -0.549953 -0.709223
0.728811 -0.641332 -0.239849
0.728809 -0.239847 -0.641335
0.544174 -0.300782 -0.783202
0.544174 -0.300782 -0.783202
0.544174 -0.783204 -0.300776
0.728811 -0.641332 -0.239849
0.309836 -0.633159 -0.709303
0.309835 -0.633159 -0.709304
0.441083 -0.549954 -0.709223
0.441083 -0.549954 -0.709223
0.441082 -0.549953 -0.709223
0.309836 -0.633159 -0.709303
0.544174 -0.783204 -0.300776
0.544174 -0.300782 -0.783202
0.295555 -0.348968 -0.889308
0.295555 -0.348968 -0.889308
0.295553 -0.889311 -0.348962
0.544174 -0.783204 -0.300776
0.160153 -0.686346 -0.709422
0.160154 -0.686347 -0.709421
0.309835 -0.633159 -0.709304
0.309835 -0.633159 -0.709304
0.309836 -0.633159 -0.709303
0.160153 -0.686346 -0.709422
0.295553 -0.889311 -0.348962
0.295555 -0.348968 -0.889308
-0.000001 -0.367973 -0.929836
-0.000001 -0.367973 -0.929836
-0.000001 -0.929835 -0.367977
0.295553 -0.889311 -0.348962
0.000002 -0.704768 -0.709437
0.000002 -0.704768 -0.709437
0.160154 -0.686347 -0.709421
0.160154 -0.686347 -0.709421
0.160153 -0.686346 -0.709422
0.000002 -0.704768 -0.709437
0.633158 0.309832 0.709306
0.633158 0.309831 0.709306
0.686348 0.160156 0.709420
0.686348 0.160156 0.709420
0.686348 0.160155 0.709420
0.633158 0.309832 0.709306
0.704765 -0.000000 0.709440
0.704765 -0.000000 0.709440
0.686348 -0.160157 0.709420
0.686348 -0.160157 0.709420
0.686348 -0.160156 0.709420
0.704765 -0.000000 0.709440
0.987786 -0.144680 0.057854
0.987786 -0.057854 0.144681
0.999585 -0.028802 0.000000
0.999585 -0.028802 0.000000
0.999485 0.028660 0.014431
0.987786 -0.144680 0.057854
-0.704765 -0.000000 0.709440
-0.704765 -0.000000 0.709440
-0.686348 0.160157 0.709420
-0.686348 0.160157 0.709420
-0.686348 0.160156 0.709420
-0.704765 -0.000000 0.709440
-0.686348 0.160156 0.709420
-0.686348 0.160157 0.709420
-0.633159 0.309829 0.709306
-0.633159 0.309829 0.709306
-0.633159 0.309831 0.709306
-0.686348 0.160156 0.709420
-0.633159 0.309831 0.709306
-0.633159 0.309829 0.709306
-0.549951 0.441083 0.709225
-0.549951 0.441083 0.709225
-0.549951 0.441082 0.709225
-0.633159 0.309831 0.709306
-0.549951 0.441082 0.709225
-0.549951 0.441083 0.709225
-0.441079 0.549949 0.709229
-0.441079 0.549949 0.709229
-0.441078 0.549950 0.709229
-0.549951 0.441082 0.709225
-0.441078 0.549950 0.709229
-0.441079 0.549949 0.709229
-0.309831 0.633160 0.709305
-0.309831 0.633160 0.709305
-0.309832 0.633159 0.709306
-0.441078 0.549950 0.709229
-0.309832 0.633159 0.709306
-0.309831 0.633160 0.709305
-0.160154 0.686339 0.709429
-0.160154 0.686339 0.709429
-0.160155 0.686336 0.709432
-0.309832 0.633159 0.709306
-0.160155 0.686336 0.709432
-0.160154 0.686339 0.709429
-0.000001 0.704752 0.709454
-0.000001 0.704752 0.709454
-0.000001 0.704752 0.709454
-0.160155 0.686336 0.709432
-0.000001 0.704752 0.709454
-0.000001 0.704752 0.709454
0.160150 0.686337 0.709432
0.160150 0.686337 0.709432
0.160153 0.686339 0.709429
-0.000001 0.704752 0.709454
0.160153 0.686339 0.709429
0.160150 0.686337 0.709432
0.309836 0.633156 0.709305
0.309836 0.633156 0.709305
0.309837 0.633157 0.709305
0.160153 0.686339 0.709429
0.309837 0.633157 0.709305
0.309836 0.633156 0.709305
0.441076 0.549952 0.709229
0.441076 0.549952 0.709229
0.441075 0.549952 0.709229
0.309837 0.633157 0.709305
0.441075 0.549952 0.709229
0.441076 0.549952 0.709229
0.549952 0.441080 0.709225
0.549952 0.441080 0.709225
0.549953 0.441080 0.709225
0.441075 0.549952 0.709229
0.549953 0.441080 0.709225
0.549952 0.441080 0.709225
0.633158 0.309831 0.709306
0.633158 0.309831 0.709306
0.633158 0.309832 0.709306
0.549953 0.441080 0.709225
0.686348 -0.160156 0.709420
0.686348 -0.160157 0.709420
0.633158 -0.309831 0.709306
0.633158 -0.309831 0.709306
0.633158 -0.309832 0.709306
0.686348 -0.160156 0.709420
0.941308 -0.316783 0.116565
0.941309 -0.116567 0.316781
0.987786 -0.057854 0.144681
0.987786 -0.057854 0.144681
0.987786 -0.144680 0.057854
0.941308 -0.316783 0.116565
-0.160153 -0.686346 0.709422
-0.160154 -0.686347 0.709421
-0.309835 -0.633159 0.709304
-0.309835 -0.633159 0.709304
-0.309835 -0.633159 0.709303
-0.160153 -0.686346 0.709422
-0.544174 -0.783204 0.300776
-0.544173 -0.300782 0.783202
-0.295555 -0.348968 0.889308
-0.295555 -0.348968 0.889308
-0.295553 -0.889311 0.348962
-0.544174 -0.783204 0.300776
-0.295553 -0.889311 0.348962
-0.295555 -0.348968 0.889308
0.000002 -0.367974 0.929836
0.000002 -0.367974 0.929836
0.000002 -0.929835 0.367977
-0.295553 -0.889311 0.348962
-0.000002 -0.704768 0.709438
-0.000002 -0.704768 0.709437
-0.160154 -0.686347 0.709421
-0.160154 -0.686347 0.709421
-0.160153 -0.686346 0.709422
-0.000002 -0.704768 0.709438
0.000002 -0.929835 0.367977
0.000002 -0.367974 0.929836
0.295554 -0.348967 0.889309
0.295554 -0.348967 0.889309
0.295551 -0.889312 0.348962
0.000002 -0.929835 0.367977
0.160156 -0.686346 0.709421
0.160157 -0.686346 0.709422
-0.000002 -0.704768 0.709437
-0.000002 -0.704768 0.709437
-0.000002 -0.704768 0.709438
0.160156 -0.686346 0.709421
0.295551 -0.889312 0.348962
0.295554 -0.348967 0.889309
0.544173 -0.300783 0.783202
0.544173 -0.300783 0.783202
0.544173 -0.783204 0.300777
0.295551 -0.889312 0.348962
0.309834 -0.633159 0.709304
0.309834 -0.633160 0.709303
0.160157 -0.686346 0.709422
0.160157 -0.686346 0.709422
0.160156 -0.686346 0.709421
0.309834 -0.633159 0.709304
0.544173 -0.783204 0.300777
0.544173 -0.300783 0.783202
0.728810 -0.239848 0.641334
0.728810 -0.239848 0.641334
0.728812 -0.641331 0.239849
0.544173 -0.783204 0.300777
0.441082 -0.549954 0.709223
0.441082 -0.549954 0.709223
0.309834 -0.633160 0.709303
0.309834 -0.633160 0.709303
0.309834 -0.633159 0.709304
0.441082 -0.549954 0.709223
0.728812 -0.641331 0.239849
0.728810 -0.239848 0.641334
0.857346 -0.177195 0.483280
0.857346 -0.177195 0.483280
0.857346 -0.483279 0.177196
0.728812 -0.641331 0.239849
0.549954 -0.441081 0.709224
0.549954 -0.441080 0.709225
0.441082 -0.549954 0.709223
0.441082 -0.549954 0.709223
0.441082 -0.549954 0.709223
0.549954 -0.441081 0.709224
0.857346 -0.483279 0.177196
0.857346 -0.177195 0.483280
0.941309 -0.116567 0.316781
0.941309 -0.116567 0.316781
0.941308 -0.316783 0.116565
0.857346 -0.483279 0.177196
0.633158 -0.309832 0.709306
0.633158 -0.309831 0.709306
0.549954 -0.441080 0.709225
0.549954 -0.441080 0.709225
0.549954 -0.441081 0.709224
0.633158 -0.309832 0.709306
-0.999485 0.028659 0.014431
-0.999585 -0.028802 -0.000000
-0.987786 -0.057854 0.144681
-0.987786 -0.057854 0.144681
-0.987786 -0.144680 0.057854
-0.999485 0.028659 0.014431
-0.686348 -0.160155 0.709420
-0.686348 -0.160156 0.709420
-0.704765 -0.000000 0.709440
-0.704765 -0.000000 0.709440
-0.704765 -0.000000 0.709440
-0.686348 -0.160155 0.709420
-0.987786 -0.144680 0.057854
-0.987786 -0.057854 0.144681
-0.941309 -0.116566 0.316781
-0.941309 -0.116566 0.316781
-0.941308 -0.316783 0.116565
-0.987786 -0.144680 0.057854
-0.633157 -0.309834 0.709306
-0.633157 -0.309833 0.709306
-0.686348 -0.160156 0.709420
-0.686348 -0.160156 0.709420
-0.686348 -0.160155 0.709420
-0.633157 -0.309834 0.709306
-0.941308 -0.316783 0.116565
-0.941309 -0.116566 0.316781
-0.857346 -0.177195 0.483280
-0.857346 -0.177195 0.483280
-0.857346 -0.483280 0.177197
-0.941308 -0.316783 0.116565
-0.549954 -0.441080 0.709225
-0.549955 -0.441080 0.709224
-0.633157 -0.309833 0.709306
-0.633157 -0.309833 0.709306
-0.633157 -0.309834 0.709306
-0.549954 -0.441080 0.709225
-0.857346 -0.483280 0.177197
-0.857346 -0.177195 0.483280
-0.728809 -0.239847 0.641335
-0.728809 -0.239847 0.641335
-0.728811 -0.641332 0.239849
-0.857346 -0.483280 0.177197
-0.441082 -0.549953 0.709223
-0.441083 -0.549953 0.709223
-0.549955 -0.441080 0.709224
-0.549955 -0.441080 0.709224
-0.549954 -0.441080 0.709225
-0.441082 -0.549953 0.709223
-0.728811 -0.641332 0.239849
-0.728809 -0.239847 0.641335
-0.544173 -0.300782 0.783202
-0.544173 -0.300782 0.783202
-0.544174 -0.783204 0.300776
-0.728811 -0.641332 0.239849
-0.309835 -0.633159 0.709303
-0.309835 -0.633159 0.709304
-0.441083 -0.549953 0.709223
-0.441083 -0.549953 0.709223
-0.441082 -0.549953 0.709223
-0.309835 -0.633159 0.709303
-0.160156 -0.709417 -0.686351
-0.160156 -0.709417 -0.686351
-0.309835 -0.709301 -0.633162
-0.309835 -0.709301 -0.633162
-0.309835 -0.709301 -0.633162
-0.160156 -0.709417 -0.686351
-0.000000 -0.709437 -0.704769
-0.000000 -0.709437 -0.704769
-0.160156 -0.709417 -0.686351
-0.160156 -0.709417 -0.686351
-0.160156 -0.709417 -0.686351
-0.000000 -0.709437 -0.704769
0.160156 -0.709417 -0.686351
0.160156 -0.709417 -0.686351
-0.000000 -0.709437 -0.704769
-0.000000 -0.709437 -0.704769
-0.000000 -0.709437 -0.704769
0.160156 -0.709417 -0.686351
0.309835 -0.709301 -0.633162
0.309835 -0.709301 -0.633162
0.160156 -0.709417 -0.686351
0.160156 -0.709417 -0.686351
0.160156 -0.709417 -0.686351
0.309835 -0.709301 -0.633162
0.441082 -0.709221 -0.549957
0.441082 -0.709221 -0.549956
0.309835 -0.709301 -0.633162
0.309835 -0.709301 -0.633162
0.309835 -0.709301 -0.633162
0.441082 -0.709221 -0.549957
0.549956 -0.709221 -0.441082
0.549956 -0.709221 -0.441083
0.441082 -0.709221 -0.549956
0.441082 -0.709221 -0.549956
0.441082 -0.709221 -0.549957
0.549956 -0.709221 -0.441082
0.633162 -0.709301 -0.309835
0.633162 -0.709301 -0.309835
0.549956 -0.709221 -0.441083
0.549956 -0.709221 -0.441083
0.549956 -0.709221 -0.441082
0.633162 -0.709301 -0.309835
0.686351 -0.709417 -0.160156
0.686351 -0.709417 -0.160157
0.633162 -0.709301 -0.309835
0.633162 -0.709301 -0.309835
0.633162 -0.709301 -0.309835
0.686351 -0.709417 -0.160156
0.704769 -0.709437 -0.000000
0.704769 -0.709437 -0.000000
0.686351 -0.709417 -0.160157
0.686351 -0.709417 -0.160157
0.686351 -0.709417 -0.160156
0.704769 -0.709437 -0.000000
0.686351 -0.709417 0.160156
0.686351 -0.709417 0.160156
0.704769 -0.709437 -0.000000
0.704769 -0.709437 -0.000000
0.704769 -0.709437 -0.000000
0.686351 -0.709417 0.160156
0.633162 -0.709301 0.309835
0.633162 -0.709301 0.309835
0.686351 -0.709417 0.160156
0.686351 -0.709417 0.160156
0.686351 -0.709417 0.160156
0.633162 -0.709301 0.309835
0.549957 -0.709221 0.441083
0.549957 -0.709221 0.441083
0.633162 -0.709301 0.309835
0.633162 -0.709301 0.309835
0.633162 -0.709301 0.309835
0.549957 -0.709221 0.441083
0.441082 -0.709221 0.549957
0.441082 -0.709221 0.549957
0.549957 -0.709221 0.441083
0.549957 -0.709221 0.441083
0.549957 -0.709221 0.441083
0.441082 -0.709221 0.549957
0.309835 -0.709301 0.633163
0.309834 -0.709301 0.633163
0.441082 -0.709221 0.549957
0.441082 -0.709221 0.549957
0.441082 -0.709221 0.549957
0.309835 -0.709301 0.633163
0.160156 -0.709417 0.686351
0.160156 -0.709417 0.686351
0.309834 -0.709301 0.633163
0.309834 -0.709301 0.633163
0.309835 -0.709301 0.633163
0.160156 -0.709417 0.686351
0.000000 -0.709437 0.704769
0.000000 -0.709437 0.704768
0.160156 -0.709417 0.686351
0.160156 -0.709417 0.686351
0.160156 -0.709417 0.686351
0.000000 -0.709437 0.704769
-0.160156 -0.709417 0.686351
-0.160156 -0.709417 0.686351
0.000000 -0.709437 0.704768
0.000000 -0.709437 0.704768
0.000000 -0.709437 0.704769
-0.160156 -0.709417 0.686351
-0.309835 -0.709301 0.633162
-0.309835 -0.709301 0.633162
-0.160156 -0.709417 0.686351
-0.160156 -0.709417 0.686351
-0.160156 -0.709417 0.686351
-0.309835 -0.709301 0.633162
-0.441082 -0.709221 0.549957
-0.441082 -0.709221 0.549957
-0.309835 -0.709301 0.633162
-0.309835 -0.709301 0.633162
-0.309835 -0.709301 0.633162
-0.441082 -0.709221 0.549957
-0.549957 -0.709221 0.441082
-0.549957 -0.709221 0.441082
-0.441082 -0.709221 0.549957
-0.441082 -0.709221 0.549957
-0.441082 -0.709221 0.549957
-0.549957 -0.709221 0.441082
-0.633162 -0.709301 0.309834
-0.633162 -0.709301 0.309835
-0.549957 -0.709221 0.441082
-0.549957 -0.709221 0.441082
-0.549957 -0.709221 0.441082
-0.633162 -0.709301 0.309834
-0.686351 -0.709417 0.160157
-0.686351 -0.709417 0.160157
-0.633162 -0.709301 0.309835
-0.633162 -0.709301 0.309835
-0.633162 -0.709301 0.309834
-0.686351 -0.709417 0.160157
-0.704769 -0.709437 -0.000000
-0.704769 -0.709437 -0.000000
-0.686351 -0.709417 0.160157
-0.686351 -0.709417 0.160157
-0.686351 -0.709417 0.160157
-0.704769 -0.709437 -0.000000
-0.686351 -0.709417 -0.160156
-0.686351 -0.709417 -0.160156
-0.704769 -0.709437 -0.000000
-0.704769 -0.709437 -0.000000
-0.704769 -0.709437 -0.000000
-0.686351 -0.709417 -0.160156
-0.633162 -0.709301 -0.309835
-0.633162 -0.709301 -0.309835
-0.686351 -0.709417 -0.160156
-0.686351 -0.709417 -0.160156
-0.686351 -0.709417 -0.160156
-0.633162 -0.709301 -0.309835
-0.549956 -0.709221 -0.441083
-0.549956 -0.709221 -0.441083
-0.633162 -0.709301 -0.309835
-0.633162 -0.709301 -0.309835
-0.633162 -0.709301 -0.309835
-0.549956 -0.709221 -0.441083
-0.441082 -0.709221 -0.549956
-0.441082 -0.709221 -0.549956
-0.549956 -0.709221 -0.441083
-0.549956 -0.709221 -0.441083
-0.549956 -0.709221 -0.441083
-0.441082 -0.709221 -0.549956
-0.309835 -0.709301 -0.633162
-0.309835 -0.709301 -0.633162
-0.441082 -0.709221 -0.549956
-0.441082 -0.709221 -0.549956
-0.441082 -0.709221 -0.549956
-0.309835 -0.709301 -0.633162
0.973838 0.227241 0.000000
1.000000 0.000000 0.000000
1.000000 -0.000000 0.000000
1.000000 -0.000000 0.000000
0.973839 0.227241 0.000000
0.973838 0.227241 0.000000
0.898224 0.439539 0.000000
0.973838 0.227241 0.000000
0.973839 0.227241 0.000000
0.973839 0.227241 0.000000
0.898223 0.439539 0.000000
0.898224 0.439539 0.000000
0.780095 0.625660 0.000000
0.898224 0.439539 0.000000
0.898223 0.439539 0.000000
0.898223 0.439539 0.000000
0.780095 0.625661 0.000000
0.780095 0.625660 0.000000
0.625659 0.780097 0.000000
0.780095 0.625660 0.000000
0.780095 0.625661 0.000000
0.780095 0.625661 0.000000
0.625658 0.780097 0.000000
0.625659 0.780097 0.000000
0.439540 0.898223 0.000000
0.625659 0.780097 0.000000
0.625658 0.780097 0.000000
0.625658 0.780097 0.000000
0.439539 0.898224 0.000000
0.439540 0.898223 0.000000
0.227242 0.973838 0.000000
0.439540 0.898223 0.000000
0.439539 0.898224 0.000000
0.439539 0.898224 0.000000
0.227242 0.973838 0.000000
0.227242 0.973838 0.000000
-0.000000 1.000000 0.000000
0.227242 0.973838 0.000000
0.227242 0.973838 0.000000
0.227242 0.973838 0.000000
0.000000 1.000000 0.000000
-0.000000 1.000000 0.000000
-0.227242 0.973838 0.000000
-0.000000 1.000000 0.000000
0.000000 1.000000 0.000000
0.000000 1.000000 0.000000
-0.227242 0.973838 0.000000
-0.227242 0.973838 0.000000
-0.439539 0.898223 0.000000
-0.227242 0.973838 0.000000
-0.227242 0.973838 0.000000
-0.227242 0.973838 0.000000
-0.439540 0.898223 0.000000
-0.439539 0.898223 0.000000
-0.625658 0.780097 0.000000
-0.439539 0.898223 0.000000
-0.439540 0.898223 0.000000
-0.439540 0.898223 0.000000
-0.625659 0.780097 0.000000
-0.625658 0.780097 0.000000
-0.780095 0.625661 0.000000
-0.625658 0.780097 0.000000
-0.625659 0.780097 0.000000
-0.625659 0.780097 0.000000
-0.780096 0.625660 0.000000
-0.780095 0.625661 0.000000
-0.898223 0.439539 0.000000
-0.780095 0.625661 0.000000
-0.780096 0.625660 0.000000
-0.780096 0.625660 0.000000
-0.898224 0.439539 0.000000
-0.898223 0.439539 0.000000
-0.973838 0.227241 0.000000
-0.898223 0.439539 0.000000
-0.898224 0.439539 0.000000
-0.898224 0.439539 0.000000
-0.973838 0.227242 0.000000
-0.973838 0.227241 0.000000
-1.000000 -0.000000 0.000000
-0.973838 0.227241 0.000000
-0.973838 0.227242 0.000000
-0.973838 0.227242 0.000000
-1.000000 0.000000 0.000000
-1.000000 -0.000000 0.000000
-0.973839 -0.227239 0.000000
-1.000000 -0.000000 0.000000
-1.000000 0.000000 0.000000
-1.000000 0.000000 0.000000
-0.973839 -0.227239 0.000000
-0.973839 -0.227239 0.000000
-0.898223 -0.439540 0.000000
-0.973839 -0.227239 0.000000
-0.973839 -0.227239 0.000000
-0.973839 -0.227239 0.000000
-0.898223 -0.439541 0.000000
-0.898223 -0.439540 0.000000
-0.780093 -0.625663 0.000000
-0.898223 -0.439540 0.000000
-0.898223 -0.439541 0.000000
-0.898223 -0.439541 0.000000
-0.780093 -0.625664 0.000000
-0.780093 -0.625663 0.000000
-0.625659 -0.780097 0.000000
-0.780093 -0.625663 0.000000
-0.780093 -0.625664 0.000000
-0.780093 -0.625664 0.000000
-0.625658 -0.780097 0.000000
-0.625659 -0.780097 0.000000
-0.439540 -0.898223 0.000000
-0.625659 -0.780097 0.000000
-0.625658 -0.780097 0.000000
-0.625658 -0.780097 0.000000
-0.439539 -0.898223 0.000000
-0.439540 -0.898223 0.000000
-0.227242 -0.973838 0.000000
-0.439540 -0.898223 0.000000
-0.439539 -0.898223 0.000000
-0.439539 -0.898223 0.000000
-0.227242 -0.973838 0.000000
-0.227242 -0.973838 0.000000
0.000000 -1.000000 0.000000
-0.227242 -0.973838 0.000000
-0.227242 -0.973838 0.000000
-0.227242 -0.973838 0.000000
-0.000000 -1.000000 0.000000
0.000000 -1.000000 0.000000
0.227242 -0.973838 0.000000
0.000000 -1.000000 0.000000
-0.000000 -1.000000 0.000000
-0.000000 -1.000000 0.000000
0.227242 -0.973838 0.000000
0.227242 -0.973838 0.000000
0.439539 -0.898223 0.000000
0.227242 -0.973838 0.000000
0.227242 -0.973838 0.000000
0.227242 -0.973838 0.000000
0.439540 -0.898223 0.000000
0.439539 -0.898223 0.000000
0.625658 -0.780097 0.000000
0.439539 -0.898223 0.000000
0.439540 -0.898223 0.000000
0.439540 -0.898223 0.000000
0.625659 -0.780097 0.000000
0.625658 -0.780097 0.000000
0.780095 -0.625661 0.000000
0.625658 -0.780097 0.000000
0.625659 -0.780097 0.000000
0.625659 -0.780097 0.000000
0.780096 -0.625660 0.000000
0.780095 -0.625661 0.000000
0.898223 -0.439539 0.000000
0.780095 -0.625661 0.000000
0.780096 -0.625660 0.000000
0.780096 -0.625660 0.000000
0.898224 -0.439539 0.000000
0.898223 -0.439539 0.000000
0.973838 -0.227242 0.000000
0.898223 -0.439539 0.000000
0.898224 -0.439539 0.000000
0.898224 -0.439539 0.000000
0.973838 -0.227242 0.000000
0.973838 -0.227242 0.000000
1.000000 0.000000 0.000000
0.973838 -0.227242 0.000000
0.973838 -0.227242 0.000000
0.973838 -0.227242 0.000000
1.000000 -0.000000 0.000000
1.000000 0.000000 0.000000
0.000000 0.000000 -1.000000
0.000000 0.000000 -1.000000
0.000000 0.000000 -1.000000
0.000000 0.000000 -1.000000
0.000000 0.000000 -1.000000
0.000000 0.000000 -1.000000
0.000000 0.000000 -1.000000
0.000000 0.000000 -1.000000
0.000000 0.000000 -1.000000
0.000000 0.000000 -1.000000
0.000000 0.000000 -1.000000
0.000000 0.000000 -1.000000
0.000000 0.000000 -1.000000
0.000000 0.000000 -1.000000
0.000000 0.000000 -1.000000
0.000000 0.000000 -1.000000
0.000000 0.000000 -1.000000
0.000000 0.000000 -1.000000
0.000000 0.000000 -1.000000
0.000000 0.000000 -1.000000
0.000000 0.000000 -1.000000
0.000000 0.000000 -1.000000
0.000000 0.000000 -1.000000
0.000000 0.000000 -1.000000
0.000000 0.000000 -1.000000
0.000000 0.000000 -1.000000
0.000000 0.000000 -1.000000
0.000000 0.000000 -1.000000
0.000000 0.000000 -1.000000
0.000000 0.000000 -1.000000
0.000000 0.000000 -1.000000
0.000000 0.000000 -1.000000
0.000000 0.000000 -1.000000
0.000000 0.000000 -1.000000
0.000000 0.000000 -1.000000
0.000000 0.000000 -1.000000
0.000000 0.000000 -1.000000
0.000000 0.000000 -1.000000
0.000000 0.000000 -1.000000
0.000000 0.000000 -1.000000
0.000000 0.000000 -1.000000
0.000000 0.000000 -1.000000
0.000000 0.000000 -1.000000
0.000000 0.000000 -1.000000
0.000000 0.000000 -1.000000
0.000000 0.000000 -1.000000
0.000000 0.000000 -1.000000
0.000000 0.000000 -1.000000
0.000000 0.000000 -1.000000
0.000000 0.000000 -1.000000
0.000000 0.000000 -1.000000
0.000000 0.000000 -1.000000
0.000000 0.000000 -1.000000
0.000000 0.000000 -1.000000
0.000000 0.000000 -1.000000
0.000000 0.000000 -1.000000
0.000000 0.000000 -1.000000
0.000000 0.000000 -1.000000
0.000000 0.000000 -1.000000
0.000000 0.000000 -1.000000
0.000000 0.000000 -1.000000
0.000000 0.000000 -1.000000
0.000000 0.000000 -1.000000
0.000000 0.000000 -1.000000
0.000000 0.000000 -1.000000
0.000000 0.000000 -1.000000
0.000000 0.000000 -1.000000
0.000000 0.000000 -1.000000
0.000000 0.000000 -1.000000
0.000000 0.000000 -1.000000
0.000000 0.000000 -1.000000
0.000000 0.000000 -1.000000
0.000000 0.000000 -1.000000
0.000000 0.000000 -1.000000
0.000000 0.000000 -1.000000
0.000000 0.000000 -1.000000
0.000000 0.000000 -1.000000
0.000000 0.000000 -1.000000
0.000000 0.000000 1.000000
0.000000 0.000000 1.000000
0.000000 0.000000 1.000000
0.000000 0.000000 1.000000
0.000000 0.000000 1.000000
0.000000 0.000000 1.000000
0.000000 0.000000 1.000000
0.000000 0.000000 1.000000
0.000000 0.000000 1.000000
0.000000 0.000000 1.000000
0.000000 0.000000 1.000000
0.000000 0.000000 1.000000
0.000000 0.000000 1.000000
0.000000 0.000000 1.000000
0.000000 0.000000 1.000000
0.000000 0.000000 1.000000
0.000000 0.000000 1.000000
0.000000 0.000000 1.000000
0.000000 0.000000 1.000000
0.000000 0.000000 1.000000
0.000000 0.000000 1.000000
0.000000 0.000000 1.000000
0.000000 0.000000 1.000000
0.000000 0.000000 1.000000
0.000000 0.000000 1.000000
0.000000 0.000000 1.000000
0.000000 0.000000 1.000000
0.000000 0.000000 1.000000
0.000000 0.000000 1.000000
0.000000 0.000000 1.000000
0.000000 0.000000 1.000000
0.000000 0.000000 1.000000
0.000000 0.000000 1.000000
0.000000 0.000000 1.000000
0.000000 0.000000 1.000000
0.000000 0.000000 1.000000
0.000000 0.000000 1.000000
0.000000 0.000000 1.000000
0.000000 0.000000 1.000000
0.000000 0.000000 1.000000
0.000000 0.000000 1.000000
0.000000 0.000000 1.000000
0.000000 0.000000 1.000000
0.000000 0.000000 1.000000
0.000000 0.000000 1.000000
0.000000 0.000000 1.000000
0.000000 0.000000 1.000000
0.000000 0.000000 1.000000
0.000000 0.000000 1.000000
0.000000 0.000000 1.000000
0.000000 0.000000 1.000000
0.000000 0.000000 1.000000
0.000000 0.000000 1.000000
0.000000 0.000000 1.000000
0.000000 0.000000 1.000000
0.000000 0.000000 1.000000
0.000000 0.000000 1.000000
0.000000 0.000000 1.000000
0.000000 0.000000 1.000000
0.000000 0.000000 1.000000
0.000000 0.000000 1.000000
0.000000 0.000000 1.000000
0.000000 0.000000 1.000000
0.000000 0.000000 1.000000
0.000000 0.000000 1.000000
0.000000 0.000000 1.000000
0.000000 0.000000 1.000000
0.000000 0.000000 1.000000
0.000000 0.000000 1.000000
0.000000 0.000000 1.000000
0.000000 0.000000 1.000000
0.000000 0.000000 1.000000
0.000000 0.000000 1.000000
0.000000 0.000000 1.000000
0.000000 0.000000 1.000000
0.000000 0.000000 1.000000
0.000000 0.000000 1.000000
0.000000 0.000000 1.000000
1.000000 -0.000000 0.000000
0.973839 0.227239 0.000000
0.973839 0.227239 0.000000
0.973839 0.227239 0.000000
0.993410 0.114617 0.000001
0.999485 0.028659 -0.014431
1.000000 -0.000000 0.000000
0.973839 0.227239 0.000000
0.999485 0.028659 -0.014431
1.000000 -0.000000 0.000000
0.999485 0.028659 -0.014431
0.987786 -0.144680 -0.057854
0.987786 -0.144680 -0.057854
0.973839 -0.227239 0.000000
1.000000 -0.000000 0.000000
0.973839 0.227239 0.000000
0.898224 0.439539 0.000000
0.898224 0.439539 0.000000
0.898224 0.439539 0.000000
0.973839 0.227239 0.000000
0.973839 0.227239 0.000000
0.973839 0.227239 0.000000
0.973839 0.227239 0.000000
1.000000 -0.000000 -0.000000
1.000000 -0.000000 -0.000000
0.999485 0.028659 0.014431
0.993410 0.114617 0.000001
0.973839 0.227239 0.000000
1.000000 -0.000000 -0.000000
0.993410 0.114617 0.000001
0.987786 -0.144680 -0.057854
0.941308 -0.316782 -0.116566
0.898222 -0.439541 0.000000
0.898222 -0.439541 0.000000
0.973839 -0.227239 0.000000
0.987786 -0.144680 -0.057854
-0.227239 -0.973839 0.000000
-0.000000 -1.000000 0.000000
-0.000000 -0.929836 -0.367975
-0.000000 -0.929836 -0.367975
-0.295553 -0.889310 -0.348965
-0.227239 -0.973839 0.000000
-0.227239 -0.973839 0.000000
-0.295553 -0.889310 -0.348965
-0.544171 -0.783206 -0.300775
-0.544171 -0.783206 -0.300775
-0.439543 -0.898221 0.000000
-0.227239 -0.973839 0.000000
-0.439543 -0.898221 0.000000
-0.544171 -0.783206 -0.300775
-0.728812 -0.641331 -0.239848
-0.728812 -0.641331 -0.239848
-0.625663 -0.780094 0.000000
-0.439543 -0.898221 0.000000
-0.625663 -0.780094 0.000000
-0.728812 -0.641331 -0.239848
-0.857346 -0.483280 -0.177195
-0.857346 -0.483280 -0.177195
-0.780094 -0.625662 0.000000
-0.625663 -0.780094 0.000000
-0.780094 -0.625662 0.000000
-0.857346 -0.483280 -0.177195
-0.941308 -0.316782 -0.116566
-0.941308 -0.316782 -0.116566
-0.898222 -0.439542 0.000000
-0.780094 -0.625662 0.000000
-0.898222 -0.439542 0.000000
-0.941308 -0.316782 -0.116566
-0.987786 -0.144680 -0.057854
-0.987786 -0.144680 -0.057854
-0.973839 -0.227239 0.000000
-0.898222 -0.439542 0.000000
-0.973839 -0.227239 0.000000
-0.987786 -0.144680 -0.057854
-0.999485 0.028660 -0.014431
-0.999485 0.028660 -0.014431
-1.000000 -0.000000 0.000000
-0.973839 -0.227239 0.000000
-1.000000 -0.000000 0.000000
-0.999485 0.028660 -0.014431
-0.993410 0.114617 -0.000001
-1.000000 -0.000000 0.000000
-0.993410 0.114617 -0.000001
-0.973839 0.227239 -0.000000
-1.000000 -0.000000 0.000000
-0.973839 0.227239 -0.000000
-0.973839 0.227239 0.000000
-0.973839 0.227239 0.000000
-0.973839 0.227239 -0.000000
-0.898224 0.439539 0.000000
-0.898224 0.439539 0.000000
-0.898224 0.439539 0.000000
-0.973839 0.227239 0.000000
-0.898224 0.439539 0.000000
-0.898224 0.439539 0.000000
-0.780094 0.625663 0.000000
-0.780094 0.625663 0.000000
-0.780094 0.625663 0.000000
-0.898224 0.439539 0.000000
-0.780094 0.625663 0.000000
-0.780094 0.625663 0.000000
-0.625659 0.780096 0.000000
-0.625659 0.780096 0.000000
-0.625659 0.780096 0.000000
-0.780094 0.625663 0.000000
-0.625659 0.780096 0.000000
-0.625659 0.780096 0.000000
-0.439543 0.898221 0.000000
-0.439543 0.898221 0.000000
-0.439543 0.898221 0.000000
-0.625659 0.780096 0.000000
-0.439543 0.898221 0.000000
-0.439543 0.898221 0.000000
-0.227244 0.973838 0.000000
-0.227244 0.973838 0.000000
-0.227244 0.973838 0.000000
-0.439543 0.898221 0.000000
-0.227244 0.973838 0.000000
-0.227244 0.973838 0.000000
-0.000000 1.000000 0.000000
-0.000000 1.000000 0.000000
0.000000 1.000000 0.000000
-0.227244 0.973838 0.000000
0.000000 1.000000 0.000000
-0.000000 1.000000 0.000000
0.227244 0.973838 0.000000
0.227244 0.973838 0.000000
0.227244 0.973838 0.000000
0.000000 1.000000 0.000000
0.227244 0.973838 0.000000
0.227244 0.973838 0.000000
0.439543 0.898221 0.000000
0.439543 0.898221 0.000000
0.439543 0.898221 0.000000
0.227244 0.973838 0.000000
0.439543 0.898221 0.000000
0.439543 0.898221 0.000000
0.625659 0.780096 0.000000
0.625659 0.780096 0.000000
0.625659 0.780096 0.000000
0.439543 0.898221 0.000000
0.625659 0.780096 0.000000
0.625659 0.780096 0.000000
0.780094 0.625663 0.000000
0.780094 0.625663 0.000000
0.780094 0.625663 0.000000
0.625659 0.780096 0.000000
0.780094 0.625663 0.000000
0.780094 0.625663 0.000000
0.898224 0.439539 0.000000
0.898224 0.439539 0.000000
0.898224 0.439539 0.000000
0.780094 0.625663 0.000000
0.898222 -0.439541 0.000000
0.941308 -0.316782 -0.116566
0.857346 -0.483280 -0.177195
0.857346 -0.483280 -0.177195
0.780094 -0.625662 0.000000
0.898222 -0.439541 0.000000
0.780094 -0.625662 0.000000
0.857346 -0.483280 -0.177195
0.728811 -0.641333 -0.239848
0.728811 -0.641333 -0.239848
0.625662 -0.780094 0.000000
0.780094 -0.625662 0.000000
0.625662 -0.780094 0.000000
0.728811 -0.641333 -0.239848
0.544173 -0.783205 -0.300774
0.544173 -0.783205 -0.300774
0.439543 -0.898221 0.000000
0.625662 -0.780094 0.000000
0.439543 -0.898221 0.000000
0.544173 -0.783205 -0.300774
0.295552 -0.889310 -0.348967
0.295552 -0.889310 -0.348967
0.227239 -0.973839 0.000000
0.439543 -0.898221 0.000000
0.227239 -0.973839 0.000000
0.295552 -0.889310 -0.348967
-0.000000 -0.929836 -0.367975
-0.000000 -0.929836 -0.367975
-0.000000 -1.000000 0.000000
0.227239 -0.973839 0.000000
0.973839 0.227239 0.000000
0.898224 0.439539 0.000000
0.898224 0.439539 0.000000
0.898224 0.439539 0.000000
0.973839 0.227239 0.000000
0.973839 0.227239 0.000000
0.999485 0.028659 0.014431
1.000000 -0.000000 -0.000000
0.973839 -0.227239 0.000000
0.973839 -0.227239 0.000000
0.987786 -0.144680 0.057854
0.999485 0.028659 0.014431
-0.999485 0.028659 0.014431
-1.000000 0.000000 0.000000
-0.973839 0.227239 0.000000
-0.999485 0.028659 0.014431
-0.973839 0.227239 0.000000
-0.973839 0.227239 -0.000000
-0.993410 0.114617 -0.000001
-0.999485 0.028659 0.014431
-0.973839 0.227239 -0.000000
-0.973839 0.227239 -0.000000
-0.973839 0.227239 0.000000
-0.898224 0.439539 0.000000
-0.898224 0.439539 0.000000
-0.898224 0.439539 0.000000
-0.973839 0.227239 -0.000000
-0.898224 0.439539 0.000000
-0.898224 0.439539 0.000000
-0.780094 0.625663 0.000000
-0.780094 0.625663 0.000000
-0.780094 0.625663 0.000000
-0.898224 0.439539 0.000000
-0.780094 0.625663 0.000000
-0.780094 0.625663 0.000000
-0.625659 0.780096 0.000000
-0.625659 0.780096 0.000000
-0.625659 0.780096 0.000000
-0.780094 0.625663 0.000000
-0.625659 0.780096 0.000000
-0.625659 0.780096 0.000000
-0.439543 0.898221 0.000000
-0.439543 0.898221 0.000000
-0.439543 0.898221 0.000000
-0.625659 0.780096 0.000000
-0.439543 0.898221 0.000000
-0.439543 0.898221 0.000000
-0.227244 0.973838 0.000000
-0.227244 0.973838 0.000000
-0.227244 0.973838 0.000000
-0.439543 0.898221 0.000000
-0.227244 0.973838 0.000000
-0.227244 0.973838 0.000000
0.000000 1.000000 0.000000
0.000000 1.000000 0.000000
-0.000000 1.000000 0.000000
-0.227244 0.973838 0.000000
-0.000000 1.000000 0.000000
0.000000 1.000000 0.000000
0.227244 0.973838 0.000000
0.227244 0.973838 0.000000
0.227244 0.973838 0.000000
-0.000000 1.000000 0.000000
0.227244 0.973838 0.000000
0.227244 0.973838 0.000000
0.439543 0.898221 0.000000
0.439543 0.898221 0.000000
0.439543 0.898221 0.000000
0.227244 0.973838 0.000000
0.439543 0.898221 0.000000
0.439543 0.898221 0.000000
0.625659 0.780096 0.000000
0.625659 0.780096 0.000000
0.625659 0.780096 0.000000
0.439543 0.898221 0.000000
0.625659 0.780096 0.000000
0.625659 0.780096 0.000000
0.780094 0.625663 0.000000
0.780094 0.625663 0.000000
0.780094 0.625663 0.000000
0.625659 0.780096 0.000000
0.898224 0.439539 0.000000
0.780094 0.625663 0.000000
0.780094 0.625663 0.000000
0.780094 0.625663 0.000000
0.898224 0.439539 0.000000
0.898224 0.439539 0.000000
0.973839 -0.227239 0.000000
0.898223 -0.439541 0.000000
0.941308 -0.316782 0.116566
0.941308 -0.316782 0.116566
0.987786 -0.144680 0.057854
0.973839 -0.227239 0.000000
-0.227239 -0.973839 0.000000
-0.439543 -0.898221 0.000000
-0.544174 -0.783205 0.300774
-0.544174 -0.783205 0.300774
-0.295554 -0.889311 0.348960
-0.227239 -0.973839 0.000000
-0.227239 -0.973839 0.000000
-0.295554 -0.889311 0.348960
0.000001 -0.929836 0.367973
0.000001 -0.929836 0.367973
0.000000 -1.000000 -0.000000
-0.227239 -0.973839 0.000000
0.000000 -1.000000 -0.000000
0.000001 -0.929836 0.367973
0.295552 -0.889312 0.348960
0.295552 -0.889312 0.348960
0.227239 -0.973839 -0.000000
0.000000 -1.000000 -0.000000
0.227239 -0.973839 -0.000000
0.295552 -0.889312 0.348960
0.544173 -0.783205 0.300776
0.544173 -0.783205 0.300776
0.439543 -0.898221 0.000000
0.227239 -0.973839 -0.000000
0.544173 -0.783205 0.300776
0.728813 -0.641329 0.239852
0.625662 -0.780094 0.000000
0.625662 -0.780094 0.000000
0.439543 -0.898221 0.000000
0.544173 -0.783205 0.300776
0.728813 -0.641329 0.239852
0.857345 -0.483281 0.177196
0.780094 -0.625662 0.000000
0.780094 -0.625662 0.000000
0.625662 -0.780094 0.000000
0.728813 -0.641329 0.239852
0.780094 -0.625662 0.000000
0.857345 -0.483281 0.177196
0.941308 -0.316782 0.116566
0.941308 -0.316782 0.116566
0.898223 -0.439541 0.000000
0.780094 -0.625662 0.000000
-0.999485 0.028659 0.014431
-0.987786 -0.144681 0.057854
-0.973839 -0.227239 0.000000
-0.973839 -0.227239 0.000000
-1.000000 0.000000 0.000000
-0.999485 0.028659 0.014431
-0.973839 -0.227239 0.000000
-0.987786 -0.144681 0.057854
-0.941308 -0.316783 0.116565
-0.941308 -0.316783 0.116565
-0.898222 -0.439542 0.000000
-0.973839 -0.227239 0.000000
-0.898222 -0.439542 0.000000
-0.941308 -0.316783 0.116565
-0.857346 -0.483280 0.177196
-0.857346 -0.483280 0.177196
-0.780094 -0.625662 0.000000
-0.898222 -0.439542 0.000000
-0.780094 -0.625662 0.000000
-0.857346 -0.483280 0.177196
-0.728811 -0.641331 0.239852
-0.728811 -0.641331 0.239852
-0.625663 -0.780094 0.000000
-0.780094 -0.625662 0.000000
-0.625663 -0.780094 0.000000
-0.728811 -0.641331 0.239852
-0.544174 -0.783205 0.300774
-0.544174 -0.783205 0.300774
-0.439543 -0.898221 0.000000
-0.625663 -0.780094 0.000000
-0.295553 -0.348965 -0.889310
-0.227239 0.000000 -0.973839
-0.439543 0.000000 -0.898221
-0.439543 0.000000 -0.898221
-0.544174 -0.300784 -0.783201
-0.295553 -0.348965 -0.889310
-0.295553 -0.348965 -0.889310
-0.000000 -0.367975 -0.929836
0.000000 0.000000 -1.000000
0.000000 0.000000 -1.000000
-0.227239 0.000000 -0.973839
-0.295553 -0.348965 -0.889310
-0.000000 -0.367975 -0.929836
0.295552 -0.348966 -0.889310
0.227239 0.000000 -0.973839
0.227239 0.000000 -0.973839
0.000000 0.000000 -1.000000
-0.000000 -0.367975 -0.929836
0.439543 0.000000 -0.898221
0.227239 0.000000 -0.973839
0.295552 -0.348966 -0.889310
0.295552 -0.348966 -0.889310
0.544176 -0.300783 -0.783200
0.439543 0.000000 -0.898221
0.728811 -0.239848 -0.641333
0.625662 0.000000 -0.780094
0.439543 0.000000 -0.898221
0.439543 0.000000 -0.898221
0.544176 -0.300783 -0.783200
0.728811 -0.239848 -0.641333
0.857346 -0.177195 -0.483280
0.780094 0.000000 -0.625662
0.625662 0.000000 -0.780094
0.625662 0.000000 -0.780094
0.728811 -0.239848 -0.641333
0.857346 -0.177195 -0.483280
0.898222 0.000000 -0.439541
0.780094 0.000000 -0.625662
0.857346 -0.177195 -0.483280
0.857346 -0.177195 -0.483280
0.941308 -0.116566 -0.316782
0.898222 0.000000 -0.439541
0.987786 -0.057854 -0.144680
0.973839 0.000000 -0.227239
0.898222 0.000000 -0.439541
0.898222 0.000000 -0.439541
0.941308 -0.116566 -0.316782
0.987786 -0.057854 -0.144680
0.999585 -0.028802 -0.000000
1.000000 0.000000 -0.000000
0.973839 0.000000 -0.227239
0.973839 0.000000 -0.227239
0.987786 -0.057854 -0.144680
0.999585 -0.028802 -0.000000
0.999585 -0.028802 -0.000000
0.987786 -0.057854 0.144680
0.973838 -0.000000 0.227241
0.973838 -0.000000 0.227241
1.000000 0.000000 -0.000000
0.999585 -0.028802 -0.000000
0.941308 -0.116566 0.316782
0.898223 -0.000000 0.439541
0.973838 -0.000000 0.227241
0.973838 -0.000000 0.227241
0.987786 -0.057854 0.144680
0.941308 -0.116566 0.316782
0.857346 -0.177196 0.483280
0.780096 -0.000000 0.625659
0.898223 -0.000000 0.439541
0.898223 -0.000000 0.439541
0.941308 -0.116566 0.316782
0.857346 -0.177196 0.483280
0.728809 -0.239846 0.641335
0.625659 -0.000000 0.780097
0.780096 -0.000000 0.625659
0.780096 -0.000000 0.625659
0.857346 -0.177196 0.483280
0.728809 -0.239846 0.641335
0.544171 -0.300784 0.783203
0.439539 -0.000000 0.898224
0.625659 -0.000000 0.780097
0.625659 -0.000000 0.780097
0.728809 -0.239846 0.641335
0.544171 -0.300784 0.783203
0.295557 -0.348969 0.889307
0.227244 -0.000000 0.973838
0.439539 -0.000000 0.898224
0.439539 -0.000000 0.898224
0.544171 -0.300784 0.783203
0.295557 -0.348969 0.889307
0.000000 -0.000000 1.000000
0.227244 -0.000000 0.973838
0.295557 -0.348969 0.889307
0.295557 -0.348969 0.889307
0.000001 -0.367976 0.929835
0.000000 -0.000000 1.000000
-0.227244 0.000000 0.973838
0.000000 -0.000000 1.000000
0.000001 -0.367976 0.929835
0.000001 -0.367976 0.929835
-0.295559 -0.348969 0.889306
-0.227244 0.000000 0.973838
-0.295559 -0.348969 0.889306
-0.544173 -0.300782 0.783203
-0.439539 0.000000 0.898224
-0.439539 0.000000 0.898224
-0.227244 0.000000 0.973838
-0.295559 -0.348969 0.889306
-0.544173 -0.300782 0.783203
-0.728808 -0.239847 0.641337
-0.625659 0.000000 0.780097
-0.625659 0.000000 0.780097
-0.439539 0.000000 0.898224
-0.544173 -0.300782 0.783203
-0.857347 -0.177196 0.483278
-0.780096 0.000000 0.625659
-0.625659 0.000000 0.780097
-0.625659 0.000000 0.780097
-0.728808 -0.239847 0.641337
-0.857347 -0.177196 0.483278
-0.941309 -0.116566 0.316781
-0.898223 0.000000 0.439540
-0.780096 0.000000 0.625659
-0.780096 0.000000 0.625659
-0.857347 -0.177196 0.483278
-0.941309 -0.116566 0.316781
-0.973839 0.000000 0.227241
-0.898223 0.000000 0.439540
-0.941309 -0.116566 0.316781
-0.941309 -0.116566 0.316781
-0.987786 -0.057854 0.144681
-0.973839 0.000000 0.227241
-0.999585 -0.028802 0.000000
-1.000000 0.000000 -0.000000
-0.973839 0.000000 0.227241
-0.973839 0.000000 0.227241
-0.987786 -0.057854 0.144681
-0.999585 -0.028802 0.000000
-0.987786 -0.057854 -0.144680
-0.973839 0.000000 -0.227239
-1.000000 0.000000 -0.000000
-1.000000 0.000000 -0.000000
-0.999585 -0.028802 0.000000
-0.987786 -0.057854 -0.144680
-0.941308 -0.116566 -0.316782
-0.898222 0.000000 -0.439542
-0.973839 0.000000 -0.227239
-0.973839 0.000000 -0.227239
-0.987786 -0.057854 -0.144680
-0.941308 -0.116566 -0.316782
-0.857346 -0.177195 -0.483280
-0.780094 0.000000 -0.625662
-0.898222 0.000000 -0.439542
-0.898222 0.000000 -0.439542
-0.941308 -0.116566 -0.316782
-0.857346 -0.177195 -0.483280
-0.728812 -0.239848 -0.641332
-0.625663 0.000000 -0.780094
-0.780094 0.000000 -0.625662
-0.780094 0.000000 -0.625662
-0.857346 -0.177195 -0.483280
-0.728812 -0.239848 -0.641332
-0.544174 -0.300784 -0.783201
-0.439543 0.000000 -0.898221
-0.625663 0.000000 -0.780094
-0.625663 0.000000 -0.780094
-0.728812 -0.239848 -0.641332
-0.544174 -0.300784 -0.783201
0.000000 0.000000 -1.000000
0.000000 0.000000 -1.000000
0.000000 0.000000 -1.000000
0.000000 0.000000 -1.000000
0.000000 0.000000 -1.000000
0.000000 0.000000 -1.000000
0.000000 0.000000 -1.000000
0.000000 0.000000 -1.000000
0.000000 0.000000 -1.000000
0.000000 0.000000 -1.000000
0.000000 0.000000 -1.000000
0.000000 0.000000 -1.000000
0.000000 0.000000 -1.000000
0.000000 0.000000 -1.000000
0.000000 0.000000 -1.000000
0.000000 0.000000 -1.000000
0.000000 0.000000 -1.000000
0.000000 0.000000 -1.000000
0.000000 0.000000 -1.000000
0.000000 0.000000 -1.000000
0.000000 0.000000 -1.000000
0.000000 0.000000 -1.000000
0.000000 0.000000 -1.000000
0.000000 0.000000 -1.000000
0.000000 0.000000 -1.000000
0.000000 0.000000 -1.000000
0.000000 0.000000 -1.000000
0.000000 0.000000 -1.000000
0.000000 0.000000 -1.000000
0.000000 0.000000 -1.000000
0.000000 0.000000 -1.000000
0.000000 0.000000 -1.000000
0.000000 0.000000 -1.000000
0.000000 0.000000 -1.000000
0.000000 0.000000 -1.000000
0.000000 0.000000 -1.000000
0.000000 0.000000 -1.000000
0.000000 0.000000 -1.000000
0.000000 0.000000 -1.000000
0.000000 0.000000 -1.000000
0.000000 0.000000 -1.000000
0.000000 0.000000 -1.000000
0.000000 0.000000 -1.000000
0.000000 0.000000 -1.000000
0.000000 0.000000 -1.000000
0.000000 0.000000 -1.000000
0.000000 0.000000 -1.000000
0.000000 0.000000 -1.000000
0.000000 0.000000 -1.000000
0.000000 0.000000 -1.000000
0.000000 0.000000 -1.000000
0.000000 0.000000 -1.000000
0.000000 0.000000 -1.000000
0.000000 0.000000 -1.000000
0.000000 0.000000 -1.000000
0.000000 0.000000 -1.000000
0.000000 0.000000 -1.000000
0.000000 0.000000 -1.000000
0.000000 0.000000 -1.000000
0.000000 0.000000 -1.000000
0.000000 0.000000 -1.000000
0.000000 0.000000 -1.000000
0.000000 0.000000 -1.000000
0.000000 0.000000 -1.000000
0.000000 0.000000 -1.000000
0.000000 0.000000 -1.000000
0.000000 0.000000 -1.000000
0.000000 0.000000 -1.000000
0.000000 0.000000 -1.000000
0.000000 0.000000 -1.000000
0.000000 0.000000 -1.000000
0.000000 0.000000 -1.000000
0.000000 0.000000 -1.000000
0.000000 0.000000 -1.000000
0.000000 0.000000 -1.000000
0.000000 0.000000 -1.000000
0.000000 0.000000 -1.000000
0.000000 0.000000 -1.000000
0.000000 0.000000 1.000000
0.000000 0.000000 1.000000
0.000000 0.000000 1.000000
0.000000 0.000000 1.000000
0.000000 0.000000 1.000000
0.000000 0.000000 1.000000
0.000000 0.000000 1.000000
0.000000 0.000000 1.000000
0.000000 0.000000 1.000000
0.000000 0.000000 1.000000
0.000000 0.000000 1.000000
0.000000 0.000000 1.000000
0.000000 0.000000 1.000000
0.000000 0.000000 1.000000
0.000000 0.000000 1.000000
0.000000 0.000000 1.000000
0.000000 0.000000 1.000000
0.000000 0.000000 1.000000
0.000000 0.000000 1.000000
0.000000 0.000000 1.000000
0.000000 0.000000 1.000000
0.000000 0.000000 1.000000
0.000000 0.000000 1.000000
0.000000 0.000000 1.000000
0.000000 0.000000 1.000000
0.000000 0.000000 1.000000
0.000000 0.000000 1.000000
0.000000 0.000000 1.000000
0.000000 0.000000 1.000000
0.000000 0.000000 1.000000
0.000000 0.000000 1.000000
0.000000 0.000000 1.000000
0.000000 0.000000 1.000000
0.000000 0.000000 1.000000
0.000000 0.000000 1.000000
0.000000 0.000000 1.000000
0.000000 0.000000 1.000000
0.000000 0.000000 1.000000
0.000000 0.000000 1.000000
0.000000 0.000000 1.000000
0.000000 0.000000 1.000000
0.000000 0.000000 1.000000
0.000000 0.000000 1.000000
0.000000 0.000000 1.000000
0.000000 0.000000 1.000000
0.000000 0.000000 1.000000
0.000000 0.000000 1.000000
0.000000 0.000000 1.000000
0.000000 0.000000 1.000000
0.000000 0.000000 1.000000
0.000000 0.000000 1.000000
0.000000 0.000000 1.000000
0.000000 0.000000 1.000000
0.000000 0.000000 1.000000
0.000000 0.000000 1.000000
0.000000 0.000000 1.000000
0.000000 0.000000 1.000000
0.000000 0.000000 1.000000
0.000000 0.000000 1.000000
0.000000 0.000000 1.000000
0.000000 0.000000 1.000000
0.000000 0.000000 1.000000
0.000000 0.000000 1.000000
0.000000 0.000000 1.000000
0.000000 0.000000 1.000000
0.000000 0.000000 1.000000
0.000000 0.000000 1.000000
0.000000 0.000000 1.000000
0.000000 0.000000 1.000000
0.000000 0.000000 1.000000
0.000000 0.000000 1.000000
0.000000 0.000000 1.000000
0.000000 0.000000 1.000000
0.000000 0.000000 1.000000
0.000000 0.000000 1.000000
0.000000 0.000000 1.000000
0.000000 0.000000 1.000000
0.000000 0.000000 1.000000
0.000000 -1.000000 0.000000
0.000000 -1.000000 0.000000
0.000000 -1.000000 0.000000
0.000000 -1.000000 0.000000
0.000000 -1.000000 0.000000
0.000000 -1.000000 0.000000
0.000000 -1.000000 0.000000
0.000000 -1.000000 0.000000
0.000000 -1.000000 0.000000
0.000000 -1.000000 0.000000
0.000000 -1.000000 0.000000
0.000000 -1.000000 0.000000
0.000000 -1.000000 0.000000
0.000000 -1.000000 0.000000
0.000000 -1.000000 0.000000
0.000000 -1.000000 0.000000
0.000000 -1.000000 0.000000
0.000000 -1.000000 0.000000
0.000000 -1.000000 0.000000
0.000000 -1.000000 0.000000
0.000000 -1.000000 0.000000
0.000000 -1.000000 0.000000
0.000000 -1.000000 0.000000
0.000000 -1.000000 0.000000
0.000000 -1.000000 0.000000
0.000000 -1.000000 0.000000
0.000000 -1.000000 0.000000
0.000000 -1.000000 0.000000
0.000000 -1.000000 0.000000
0.000000 -1.000000 0.000000
0.000000 -1.000000 0.000000
0.000000 -1.000000 0.000000
0.000000 -1.000000 0.000000
0.000000 -1.000000 0.000000
0.000000 -1.000000 0.000000
0.000000 -1.000000 0.000000
0.000000 -1.000000 0.000000
0.000000 -1.000000 0.000000
0.000000 -1.000000 0.000000
0.000000 -1.000000 0.000000
0.000000 -1.000000 0.000000
0.000000 -1.000000 0.000000
0.000000 -1.000000 0.000000
0.000000 -1.000000 0.000000
0.000000 -1.000000 0.000000
0.000000 -1.000000 0.000000
0.000000 -1.000000 0.000000
0.000000 -1.000000 0.000000
0.000000 -1.000000 0.000000
0.000000 -1.000000 0.000000
0.000000 -1.000000 0.000000
0.000000 -1.000000 0.000000
0.000000 -1.000000 0.000000
0.000000 -1.000000 0.000000
0.000000 -1.000000 0.000000
0.000000 -1.000000 0.000000
0.000000 -1.000000 0.000000
0.000000 -1.000000 0.000000
0.000000 -1.000000 0.000000
0.000000 -1.000000 0.000000
0.000000 -1.000000 0.000000
0.000000 -1.000000 0.000000
0.000000 -1.000000 0.000000
0.000000 -1.000000 0.000000
0.000000 -1.000000 0.000000
0.000000 -1.000000 0.000000
0.000000 -1.000000 0.000000
0.000000 -1.000000 0.000000
0.000000 -1.000000 0.000000
0.000000 -1.000000 0.000000
0.000000 -1.000000 0.000000
0.000000 -1.000000 0.000000
0.000000 -1.000000 0.000000
0.000000 -1.000000 0.000000
0.000000 -1.000000 0.000000
0.000000 -1.000000 0.000000
0.000000 -1.000000 0.000000
0.000000 -1.000000 0.000000
0.999485 0.028659 -0.014431
0.993410 0.114617 0.000001
0.999485 0.028659 0.014431
0.999485 0.028659 0.014431
0.999585 -0.028802 -0.000000
0.999485 0.028659 -0.014431
-0.999485 0.028660 -0.014431
-0.999585 -0.028802 0.000000
-0.999485 0.028659 0.014431
-0.999485 0.028659 0.014431
-0.993410 0.114617 -0.000001
-0.999485 0.028660 -0.014431
0.704769 -0.000000 -0.709437
0.704769 -0.000000 -0.709437
0.686351 0.160157 -0.709417
0.686351 0.160157 -0.709417
0.686351 0.160156 -0.709417
0.704769 -0.000000 -0.709437
0.999485 0.028659 -0.014431
0.999585 -0.028802 -0.000000
0.987786 -0.057854 -0.144680
0.987786 -0.057854 -0.144680
0.987786 -0.144680 -0.057854
0.999485 0.028659 -0.014431
0.686352 -0.160156 -0.709416
0.686351 -0.160156 -0.709417
0.704769 -0.000000 -0.709437
0.704769 -0.000000 -0.709437
0.704769 -0.000000 -0.709437
0.686352 -0.160156 -0.709416
0.686351 0.160156 -0.709417
0.686351 0.160157 -0.709417
0.633162 0.309831 -0.709303
0.633162 0.309831 -0.709303
0.633162 0.309832 -0.709303
0.686351 0.160156 -0.709417
0.686334 0.160152 0.709434
0.686333 0.160152 0.709435
0.704751 -0.000000 0.709455
0.704751 -0.000000 0.709455
0.704751 -0.000000 0.709455
0.686334 0.160152 0.709434
0.987786 -0.144680 -0.057854
0.987786 -0.057854 -0.144680
0.941308 -0.116566 -0.316782
0.941308 -0.116566 -0.316782
0.941308 -0.316782 -0.116566
0.987786 -0.144680 -0.057854
0.633160 -0.309835 -0.709303
0.633160 -0.309835 -0.709303
0.686351 -0.160156 -0.709417
0.686351 -0.160156 -0.709417
0.686352 -0.160156 -0.709416
0.633160 -0.309835 -0.709303
-0.160157 -0.686350 -0.709418
-0.160158 -0.686349 -0.709419
0.000002 -0.704772 -0.709434
0.000002 -0.704772 -0.709434
0.000002 -0.704772 -0.709434
-0.160157 -0.686350 -0.709418
-0.000000 -0.929836 -0.367975
-0.000000 -0.367975 -0.929836
-0.295553 -0.348965 -0.889310
-0.295553 -0.348965 -0.889310
-0.295553 -0.889310 -0.348965
-0.000000 -0.929836 -0.367975
-0.295553 -0.889310 -0.348965
-0.295553 -0.348965 -0.889310
-0.544174 -0.300784 -0.783201
-0.544174 -0.300784 -0.783201
-0.544171 -0.783206 -0.300775
-0.295553 -0.889310 -0.348965
-0.309836 -0.633162 -0.709301
-0.309835 -0.633163 -0.709300
-0.160158 -0.686349 -0.709419
-0.160158 -0.686349 -0.709419
-0.160157 -0.686350 -0.709418
-0.309836 -0.633162 -0.709301
-0.544171 -0.783206 -0.300775
-0.544174 -0.300784 -0.783201
-0.728812 -0.239848 -0.641332
-0.728812 -0.239848 -0.641332
-0.728812 -0.641331 -0.239848
-0.544171 -0.783206 -0.300775
-0.441084 -0.549956 -0.709220
-0.441084 -0.549956 -0.709220
-0.309835 -0.633163 -0.709300
-0.309835 -0.633163 -0.709300
-0.309836 -0.633162 -0.709301
-0.441084 -0.549956 -0.709220
-0.728812 -0.641331 -0.239848
-0.728812 -0.239848 -0.641332
-0.857346 -0.177195 -0.483280
-0.857346 -0.177195 -0.483280
-0.857346 -0.483280 -0.177195
-0.728812 -0.641331 -0.239848
-0.549956 -0.441083 -0.709220
-0.549956 -0.441082 -0.709221
-0.441084 -0.549956 -0.709220
-0.441084 -0.549956 -0.709220
-0.441084 -0.549956 -0.709220
-0.549956 -0.441083 -0.709220
-0.857346 -0.483280 -0.177195
-0.857346 -0.177195 -0.483280
-0.941308 -0.116566 -0.316782
-0.941308 -0.116566 -0.316782
-0.941308 -0.316782 -0.116566
-0.857346 -0.483280 -0.177195
-0.633161 -0.309834 -0.709303
-0.633161 -0.309833 -0.709303
-0.549956 -0.441082 -0.709221
-0.549956 -0.441082 -0.709221
-0.549956 -0.441083 -0.709220
-0.633161 -0.309834 -0.709303
-0.941308 -0.316782 -0.116566
-0.941308 -0.116566 -0.316782
-0.987786 -0.057854 -0.144680
-0.987786 -0.057854 -0.144680
-0.987786 -0.144680 -0.057854
-0.941308 -0.316782 -0.116566
-0.686351 -0.160156 -0.709417
-0.686351 -0.160157 -0.709417
-0.633161 -0.309833 -0.709303
-0.633161 -0.309833 -0.709303
-0.633161 -0.309834 -0.709303
-0.686351 -0.160156 -0.709417
-0.987786 -0.144680 -0.057854
-0.987786 -0.057854 -0.144680
-0.999585 -0.028802 0.000000
-0.999585 -0.028802 0.000000
-0.999485 0.028660 -0.014431
-0.987786 -0.144680 -0.057854
-0.704769 0.000000 -0.709437
-0.704769 0.000000 -0.709437
-0.686351 -0.160157 -0.709417
-0.686351 -0.160157 -0.709417
-0.686351 -0.160156 -0.709417
-0.704769 0.000000 -0.709437
-0.686351 0.160156 -0.709417
-0.686351 0.160156 -0.709417
-0.704769 0.000000 -0.709437
-0.704769 0.000000 -0.709437
-0.704769 0.000000 -0.709437
-0.686351 0.160156 -0.709417
-0.633161 0.309834 -0.709303
-0.633161 0.309833 -0.709303
-0.686351 0.160156 -0.709417
-0.686351 0.160156 -0.709417
-0.686351 0.160156 -0.709417
-0.633161 0.309834 -0.709303
-0.549956 0.441082 -0.709221
-0.549955 0.441082 -0.709222
-0.633161 0.309833 -0.709303
-0.633161 0.309833 -0.709303
-0.633161 0.309834 -0.709303
-0.549956 0.441082 -0.709221
-0.441077 0.549955 -0.709226
-0.441078 0.549955 -0.709225
-0.549955 0.441082 -0.709222
-0.549955 0.441082 -0.709222
-0.549956 0.441082 -0.709221
-0.441077 0.549955 -0.709226
-0.309838 0.633160 -0.709301
-0.309838 0.633159 -0.709302
-0.441078 0.549955 -0.709225
-0.441078 0.549955 -0.709225
-0.441077 0.549955 -0.709226
-0.309838 0.633160 -0.709301
-0.160154 0.686343 -0.709426
-0.160151 0.686341 -0.709428
-0.309838 0.633159 -0.709302
-0.309838 0.633159 -0.709302
-0.309838 0.633160 -0.709301
-0.160154 0.686343 -0.709426
0.000001 0.704755 -0.709450
0.000001 0.704755 -0.709450
-0.160151 0.686341 -0.709428
-0.160151 0.686341 -0.709428
-0.160154 0.686343 -0.709426
0.000001 0.704755 -0.709450
0.160156 0.686339 -0.709428
0.160155 0.686342 -0.709426
0.000001 0.704755 -0.709450
0.000001 0.704755 -0.709450
0.000001 0.704755 -0.709450
0.160156 0.686339 -0.709428
0.309833 0.633162 -0.709302
0.309832 0.633163 -0.709301
0.160155 0.686342 -0.709426
0.160155 0.686342 -0.709426
0.160156 0.686339 -0.709428
0.309833 0.633162 -0.709302
0.441080 0.549953 -0.709225
0.441081 0.549951 -0.709225
0.309832 0.633163 -0.709301
0.309832 0.633163 -0.709301
0.309833 0.633162 -0.709302
0.441080 0.549953 -0.709225
0.549954 0.441084 -0.709222
0.549953 0.441085 -0.709221
0.441081 0.549951 -0.709225
0.441081 0.549951 -0.709225
0.441080 0.549953 -0.709225
0.549954 0.441084 -0.709222
0.633162 0.309832 -0.709303
0.633162 0.309831 -0.709303
0.549953 0.441085 -0.709221
0.549953 0.441085 -0.709221
0.549954 0.441084 -0.709222
0.633162 0.309832 -0.709303
0.941308 -0.316782 -0.116566
0.941308 -0.116566 -0.316782
0.857346 -0.177195 -0.483280
0.857346 -0.177195 -0.483280
0.857346 -0.483280 -0.177195
0.941308 -0.316782 -0.116566
0.549956 -0.441082 -0.709221
0.549957 -0.441082 -0.709221
0.633160 -0.309835 -0.709303
0.633160 -0.309835 -0.709303
0.633160 -0.309835 -0.709303
0.549956 -0.441082 -0.709221
0.857346 -0.483280 -0.177195
0.857346 -0.177195 -0.483280
0.728811 -0.239848 -0.641333
0.728811 -0.239848 -0.641333
0.728811 -0.641333 -0.239848
0.857346 -0.483280 -0.177195
0.441084 -0.549956 -0.709220
0.441085 -0.549956 -0.709220
0.549957 -0.441082 -0.709221
0.549957 -0.441082 -0.709221
0.549956 -0.441082 -0.709221
0.441084 -0.549956 -0.709220
0.728811 -0.641333 -0.239848
0.728811 -0.239848 -0.641333
0.544176 -0.300783 -0.783200
0.544176 -0.300783 -0.783200
0.544173 -0.783205 -0.300774
0.728811 -0.641333 -0.239848
0.309837 -0.633162 -0.709300
0.309836 -0.633162 -0.709301
0.441085 -0.549956 -0.709220
0.441085 -0.549956 -0.709220
0.441084 -0.549956 -0.709220
0.309837 -0.633162 -0.709300
0.544173 -0.783205 -0.300774
0.544176 -0.300783 -0.783200
0.295552 -0.348966 -0.889310
0.295552 -0.348966 -0.889310
0.295552 -0.889310 -0.348967
0.544173 -0.783205 -0.300774
0.160154 -0.686350 -0.709419
0.160155 -0.686350 -0.709418
0.309836 -0.633162 -0.709301
0.309836 -0.633162 -0.709301
0.309837 -0.633162 -0.709300
0.160154 -0.686350 -0.709419
0.295552 -0.889310 -0.348967
0.295552 -0.348966 -0.889310
-0.000000 -0.367975 -0.929836
-0.000000 -0.367975 -0.929836
-0.000000 -0.929836 -0.367975
0.295552 -0.889310 -0.348967
0.000002 -0.704772 -0.709434
0.000002 -0.704772 -0.709434
0.160155 -0.686350 -0.709418
0.160155 -0.686350 -0.709418
0.160154 -0.686350 -0.709419
0.000002 -0.704772 -0.709434
0.633145 0.309826 0.709321
0.633145 0.309825 0.709321
0.686333 0.160152 0.709435
0.686333 0.160152 0.709435
0.686334 0.160152 0.709434
0.633145 0.309826 0.709321
0.704751 -0.000000 0.709455
0.704751 -0.000000 0.709455
0.686333 -0.160153 0.709434
0.686333 -0.160153 0.709434
0.686333 -0.160152 0.709435
0.704751 -0.000000 0.709455
0.987786 -0.144680 0.057854
0.987786 -0.057854 0.144680
0.999585 -0.028802 -0.000000
0.999585 -0.028802 -0.000000
0.999485 0.028659 0.014431
0.987786 -0.144680 0.057854
-0.704751 -0.000000 0.709455
-0.704751 -0.000000 0.709455
-0.686334 0.160153 0.709434
-0.686334 0.160153 0.709434
-0.686333 0.160152 0.709435
-0.704751 -0.000000 0.709455
-0.686333 0.160152 0.709435
-0.686334 0.160153 0.709434
-0.633146 0.309823 0.709321
-0.633146 0.309823 0.709321
-0.633145 0.309824 0.709321
-0.686333 0.160152 0.709435
-0.633145 0.309824 0.709321
-0.633146 0.309823 0.709321
-0.549939 0.441074 0.709239
-0.549939 0.441074 0.709239
-0.549940 0.441073 0.709240
-0.633145 0.309824 0.709321
-0.549940 0.441073 0.709240
-0.549939 0.441074 0.709239
-0.441070 0.549937 0.709243
-0.441070 0.549937 0.709243
-0.441069 0.549939 0.709243
-0.549940 0.441073 0.709240
-0.441069 0.549939 0.709243
-0.441070 0.549937 0.709243
-0.309824 0.633147 0.709319
-0.309824 0.633147 0.709319
-0.309825 0.633146 0.709320
-0.441069 0.549939 0.709243
-0.309825 0.633146 0.709320
-0.309824 0.633147 0.709319
-0.160151 0.686325 0.709444
-0.160151 0.686325 0.709444
-0.160152 0.686322 0.709446
-0.309825 0.633146 0.709320
-0.160152 0.686322 0.709446
-0.160151 0.686325 0.709444
-0.000001 0.704737 0.709468
-0.000001 0.704737 0.709468
-0.000001 0.704737 0.709468
-0.160152 0.686322 0.709446
-0.000001 0.704737 0.709468
-0.000001 0.704737 0.709468
0.160147 0.686323 0.709446
0.160147 0.686323 0.709446
0.160150 0.686325 0.709444
-0.000001 0.704737 0.709468
0.160150 0.686325 0.709444
0.160147 0.686323 0.709446
0.309830 0.633143 0.709320
0.309830 0.633143 0.709320
0.309830 0.633144 0.709319
0.160150 0.686325 0.709444
0.309830 0.633144 0.709319
0.309830 0.633143 0.709320
0.441066 0.549941 0.709243
0.441066 0.549941 0.709243
0.441065 0.549941 0.709243
0.309830 0.633144 0.709319
0.441065 0.549941 0.709243
0.441066 0.549941 0.709243
0.549941 0.441071 0.709240
0.549941 0.441071 0.709240
0.549942 0.441071 0.709239
0.441065 0.549941 0.709243
0.549942 0.441071 0.709239
0.549941 0.441071 0.709240
0.633145 0.309825 0.709321
0.633145 0.309825 0.709321
0.633145 0.309826 0.709321
0.549942 0.441071 0.709239
0.686333 -0.160152 0.709435
0.686333 -0.160153 0.709434
0.633145 -0.309825 0.709321
0.633145 -0.309825 0.709321
0.633144 -0.309826 0.709321
0.686333 -0.160152 0.709435
0.941308 -0.316782 0.116566
0.941308 -0.116566 0.316782
0.987786 -0.057854 0.144680
0.987786 -0.057854 0.144680
0.987786 -0.144680 0.057854
0.941308 -0.316782 0.116566
-0.160150 -0.686332 0.709437
-0.160150 -0.686332 0.709436
-0.309828 -0.633146 0.709318
-0.309828 -0.633146 0.709318
-0.309829 -0.633146 0.709318
-0.160150 -0.686332 0.709437
-0.544174 -0.783205 0.300774
-0.544173 -0.300782 0.783203
-0.295559 -0.348969 0.889306
-0.295559 -0.348969 0.889306
-0.295554 -0.889311 0.348960
-0.544174 -0.783205 0.300774
-0.295554 -0.889311 0.348960
-0.295559 -0.348969 0.889306
0.000001 -0.367976 0.929835
0.000001 -0.367976 0.929835
0.000001 -0.929836 0.367973
-0.295554 -0.889311 0.348960
-0.000002 -0.704754 0.709452
-0.000002 -0.704754 0.709452
-0.160150 -0.686332 0.709436
-0.160150 -0.686332 0.709436
-0.160150 -0.686332 0.709437
-0.000002 -0.704754 0.709452
0.000001 -0.929836 0.367973
0.000001 -0.367976 0.929835
0.295557 -0.348969 0.889307
0.295557 -0.348969 0.889307
0.295552 -0.889312 0.348960
0.000001 -0.929836 0.367973
0.160153 -0.686332 0.709436
0.160153 -0.686331 0.709436
-0.000002 -0.704754 0.709452
-0.000002 -0.704754 0.709452
-0.000002 -0.704754 0.709452
0.160153 -0.686332 0.709436
0.295552 -0.889312 0.348960
0.295557 -0.348969 0.889307
0.544171 -0.300784 0.783203
0.544171 -0.300784 0.783203
0.544173 -0.783205 0.300776
0.295552 -0.889312 0.348960
0.309828 -0.633146 0.709318
0.309828 -0.633147 0.709318
0.160153 -0.686331 0.709436
0.160153 -0.686331 0.709436
0.160153 -0.686332 0.709436
0.309828 -0.633146 0.709318
0.544173 -0.783205 0.300776
0.544171 -0.300784 0.783203
0.728809 -0.239846 0.641335
0.728809 -0.239846 0.641335
0.728813 -0.641329 0.239852
0.544173 -0.783205 0.300776
0.441073 -0.549942 0.709238
0.441073 -0.549942 0.709238
0.309828 -0.633147 0.709318
0.309828 -0.633147 0.709318
0.309828 -0.633146 0.709318
0.441073 -0.549942 0.709238
0.728813 -0.641329 0.239852
0.728809 -0.239846 0.641335
0.857346 -0.177196 0.483280
0.857346 -0.177196 0.483280
0.857345 -0.483281 0.177196
0.728813 -0.641329 0.239852
0.549942 -0.441072 0.709238
0.549942 -0.441071 0.709239
0.441073 -0.549942 0.709238
0.441073 -0.549942 0.709238
0.441073 -0.549942 0.709238
0.549942 -0.441072 0.709238
0.857345 -0.483281 0.177196
0.857346 -0.177196 0.483280
0.941308 -0.116566 0.316782
0.941308 -0.116566 0.316782
0.941308 -0.316782 0.116566
0.857345 -0.483281 0.177196
0.633144 -0.309826 0.709321
0.633145 -0.309825 0.709321
0.549942 -0.441071 0.709239
0.549942 -0.441071 0.709239
0.549942 -0.441072 0.709238
0.633144 -0.309826 0.709321
-0.999485 0.028659 0.014431
-0.999585 -0.028802 0.000000
-0.987786 -0.057854 0.144681
-0.987786 -0.057854 0.144681
-0.987786 -0.144681 0.057854
-0.999485 0.028659 0.014431
-0.686334 -0.160152 0.709434
-0.686333 -0.160152 0.709435
-0.704751 -0.000000 0.709455
-0.704751 -0.000000 0.709455
-0.704751 -0.000000 0.709455
-0.686334 -0.160152 0.709434
-0.987786 -0.144681 0.057854
-0.987786 -0.057854 0.144681
-0.941309 -0.116566 0.316781
-0.941309 -0.116566 0.316781
-0.941308 -0.316783 0.116565
-0.987786 -0.144681 0.057854
-0.633144 -0.309828 0.709321
-0.633144 -0.309827 0.709321
-0.686333 -0.160152 0.709435
-0.686333 -0.160152 0.709435
-0.686334 -0.160152 0.709434
-0.633144 -0.309828 0.709321
-0.941308 -0.316783 0.116565
-0.941309 -0.116566 0.316781
-0.857347 -0.177196 0.483278
-0.857347 -0.177196 0.483278
-0.857346 -0.483280 0.177196
-0.941308 -0.316783 0.116565
-0.549942 -0.441071 0.709239
-0.549943 -0.441071 0.709238
-0.633144 -0.309827 0.709321
-0.633144 -0.309827 0.709321
-0.633144 -0.309828 0.709321
-0.549942 -0.441071 0.709239
-0.857346 -0.483280 0.177196
-0.857347 -0.177196 0.483278
-0.728808 -0.239847 0.641337
-0.728808 -0.239847 0.641337
-0.728811 -0.641331 0.239852
-0.857346 -0.483280 0.177196
-0.441073 -0.549942 0.709238
-0.441073 -0.549942 0.709238
-0.549943 -0.441071 0.709238
-0.549943 -0.441071 0.709238
-0.549942 -0.441071 0.709239
-0.441073 -0.549942 0.709238
-0.728811 -0.641331 0.239852
-0.728808 -0.239847 0.641337
-0.544173 -0.300782 0.783203
-0.544173 -0.300782 0.783203
-0.544174 -0.783205 0.300774
-0.728811 -0.641331 0.239852
-0.309829 -0.633146 0.709318
-0.309828 -0.633146 0.709318
-0.441073 -0.549942 0.709238
-0.441073 -0.549942 0.709238
-0.441073 -0.549942 0.709238
-0.309829 -0.633146 0.709318
-0.160154 -0.709419 -0.686350
-0.160155 -0.709418 -0.686350
-0.309836 -0.709300 -0.633162
-0.309836 -0.709300 -0.633162
-0.309837 -0.709300 -0.633162
-0.160154 -0.709419 -0.686350
-0.000002 -0.709434 -0.704772
-0.000002 -0.709434 -0.704772
-0.160155 -0.709418 -0.686350
-0.160155 -0.709418 -0.686350
-0.160154 -0.709419 -0.686350
-0.000002 -0.709434 -0.704772
0.160157 -0.709418 -0.686350
0.160158 -0.709419 -0.686349
-0.000002 -0.709434 -0.704772
-0.000002 -0.709434 -0.704772
-0.000002 -0.709434 -0.704772
0.160157 -0.709418 -0.686350
0.309836 -0.709301 -0.633162
0.309836 -0.709300 -0.633163
0.160158 -0.709419 -0.686349
0.160158 -0.709419 -0.686349
0.160157 -0.709418 -0.686350
0.309836 -0.709301 -0.633162
0.441084 -0.709220 -0.549956
0.441084 -0.709220 -0.549956
0.309836 -0.709300 -0.633163
0.309836 -0.709300 -0.633163
0.309836 -0.709301 -0.633162
0.441084 -0.709220 -0.549956
0.549956 -0.709221 -0.441083
0.549956 -0.709220 -0.441083
0.441084 -0.709220 -0.549956
0.441084 -0.709220 -0.549956
0.441084 -0.709220 -0.549956
0.549956 -0.709221 -0.441083
0.633163 -0.709300 -0.309836
0.633163 -0.709300 -0.309837
0.549956 -0.709220 -0.441083
0.549956 -0.709220 -0.441083
0.549956 -0.709221 -0.441083
0.633163 -0.709300 -0.309836
0.686352 -0.709416 -0.160156
0.686351 -0.709416 -0.160156
0.633163 -0.709300 -0.309837
0.633163 -0.709300 -0.309837
0.633163 -0.709300 -0.309836
0.686352 -0.709416 -0.160156
0.704769 -0.709437 -0.000000
0.704769 -0.709437 -0.000000
0.686351 -0.709416 -0.160156
0.686351 -0.709416 -0.160156
0.686352 -0.709416 -0.160156
0.704769 -0.709437 -0.000000
0.686351 -0.709416 0.160157
0.686351 -0.709416 0.160157
0.704769 -0.709437 -0.000000
0.704769 -0.709437 -0.000000
0.704769 -0.709437 -0.000000
0.686351 -0.709416 0.160157
0.633164 -0.709299 0.309835
0.633163 -0.709300 0.309836
0.686351 -0.709416 0.160157
0.686351 -0.709416 0.160157
0.686351 -0.709416 0.160157
0.633164 -0.709299 0.309835
0.549957 -0.709220 0.441082
0.549957 -0.709220 0.441082
0.633163 -0.709300 0.309836
0.633163 -0.709300 0.309836
0.633164 -0.709299 0.309835
0.549957 -0.709220 0.441082
0.441082 -0.709220 0.549958
0.441082 -0.709220 0.549958
0.549957 -0.709220 0.441082
0.549957 -0.709220 0.441082
0.549957 -0.709220 0.441082
0.441082 -0.709220 0.549958
0.309834 -0.709300 0.633164
0.309835 -0.709299 0.633165
0.441082 -0.709220 0.549958
0.441082 -0.709220 0.549958
0.441082 -0.709220 0.549958
0.309834 -0.709300 0.633164
0.160162 -0.709412 0.686355
0.160163 -0.709411 0.686356
0.309835 -0.709299 0.633165
0.309835 -0.709299 0.633165
0.309834 -0.709300 0.633164
0.160162 -0.709412 0.686355
-0.000000 -0.709433 0.704773
-0.000001 -0.709433 0.704773
0.160163 -0.709411 0.686356
0.160163 -0.709411 0.686356
0.160162 -0.709412 0.686355
-0.000000 -0.709433 0.704773
-0.160160 -0.709411 0.686356
-0.160160 -0.709412 0.686355
-0.000001 -0.709433 0.704773
-0.000001 -0.709433 0.704773
-0.000000 -0.709433 0.704773
-0.160160 -0.709411 0.686356
-0.309836 -0.709299 0.633164
-0.309836 -0.709300 0.633163
-0.160160 -0.709412 0.686355
-0.160160 -0.709412 0.686355
-0.160160 -0.709411 0.686356
-0.309836 -0.709299 0.633164
-0.441081 -0.709220 0.549958
-0.441081 -0.709220 0.549959
-0.309836 -0.709300 0.633163
-0.309836 -0.709300 0.633163
-0.309836 -0.709299 0.633164
-0.441081 -0.709220 0.549958
-0.549958 -0.709221 0.441081
-0.549958 -0.709221 0.441081
-0.441081 -0.709220 0.549959
-0.441081 -0.709220 0.549959
-0.441081 -0.709220 0.549958
-0.549958 -0.709221 0.441081
-0.633163 -0.709300 0.309835
-0.633163 -0.709300 0.309836
-0.549958 -0.709221 0.441081
-0.549958 -0.709221 0.441081
-0.549958 -0.709221 0.441081
-0.633163 -0.709300 0.309835
-0.686351 -0.709416 0.160157
-0.686351 -0.709416 0.160157
-0.633163 -0.709300 0.309836
-0.633163 -0.709300 0.309836
-0.633163 -0.709300 0.309835
-0.686351 -0.709416 0.160157
-0.704769 -0.709437 -0.000000
-0.704769 -0.709437 -0.000000
-0.686351 -0.709416 0.160157
-0.686351 -0.709416 0.160157
-0.686351 -0.709416 0.160157
-0.704769 -0.709437 -0.000000
-0.686351 -0.709417 -0.160156
-0.686352 -0.709416 -0.160156
-0.704769 -0.709437 -0.000000
-0.704769 -0.709437 -0.000000
-0.704769 -0.709437 -0.000000
-0.686351 -0.709417 -0.160156
-0.633164 -0.709299 -0.309836
-0.633163 -0.709300 -0.309836
-0.686352 -0.709416 -0.160156
-0.686352 -0.709416 -0.160156
-0.686351 -0.709417 -0.160156
-0.633164 -0.709299 -0.309836
-0.549956 -0.709220 -0.441084
-0.549955 -0.709221 -0.441084
-0.633163 -0.709300 -0.309836
-0.633163 -0.709300 -0.309836
-0.633164 -0.709299 -0.309836
-0.549956 -0.709220 -0.441084
-0.441084 -0.709220 -0.549956
-0.441085 -0.709220 -0.549956
-0.549955 -0.709221 -0.441084
-0.549955 -0.709221 -0.441084
-0.549956 -0.709220 -0.441084
-0.441084 -0.709220 -0.549956
-0.309837 -0.709300 -0.633162
-0.309836 -0.709300 -0.633162
-0.441085 -0.709220 -0.549956
-0.441085 -0.709220 -0.549956
-0.441084 -0.709220 -0.549956
-0.309837 -0.709300 -0.633162
0.000000 0.000000 -1.000000
-0.227239 0.000000 -0.973839
-0.227238 0.000001 -0.973839
-0.227238 0.000001 -0.973839
-0.114612 0.000004 -0.993410
-0.028658 -0.014430 -0.999485
0.000000 0.000000 -1.000000
-0.227238 0.000001 -0.973839
-0.028658 -0.014430 -0.999485
0.000000 0.000000 -1.000000
-0.028658 -0.014430 -0.999485
0.144679 -0.057854 -0.987786
0.144679 -0.057854 -0.987786
0.227239 0.000000 -0.973839
0.000000 0.000000 -1.000000
-0.227239 0.000000 -0.973839
-0.439543 0.000000 -0.898221
-0.439543 0.000000 -0.898221
-0.439543 0.000000 -0.898221
-0.227238 0.000001 -0.973839
-0.227239 0.000000 -0.973839
-0.227238 0.000001 -0.973839
-0.227239 0.000000 -0.973839
0.000000 -0.000000 -1.000000
0.000000 -0.000000 -1.000000
-0.028661 0.014430 -0.999485
-0.114612 0.000004 -0.993410
-0.227238 0.000001 -0.973839
0.000000 -0.000000 -1.000000
-0.114612 0.000004 -0.993410
0.144679 -0.057854 -0.987786
0.316784 -0.116566 -0.941308
0.439543 0.000000 -0.898221
0.439543 0.000000 -0.898221
0.227239 0.000000 -0.973839
0.144679 -0.057854 -0.987786
0.973839 0.000000 0.227239
1.000000 0.000000 0.000000
0.929835 -0.367977 0.000000
0.929835 -0.367977 0.000000
0.889310 -0.348965 0.295552
0.973839 0.000000 0.227239
0.973839 0.000000 0.227239
0.889310 -0.348965 0.295552
0.783203 -0.300779 0.544173
0.783203 -0.300779 0.544173
0.898223 0.000000 0.439541
0.973839 0.000000 0.227239
0.898223 0.000000 0.439541
0.783203 -0.300779 0.544173
0.641332 -0.239848 0.728811
0.641332 -0.239848 0.728811
0.780095 0.000000 0.625662
0.898223 0.000000 0.439541
0.780095 0.000000 0.625662
0.641332 -0.239848 0.728811
0.483281 -0.177196 0.857345
0.483281 -0.177196 0.857345
0.625663 0.000000 0.780094
0.780095 0.000000 0.625662
0.625663 0.000000 0.780094
0.483281 -0.177196 0.857345
0.316785 -0.116566 0.941308
0.316785 -0.116566 0.941308
0.439543 0.000000 0.898221
0.625663 0.000000 0.780094
0.439543 0.000000 0.898221
0.316785 -0.116566 0.941308
0.144673 -0.057852 0.987787
0.144673 -0.057852 0.987787
0.227243 0.000001 0.973838
0.439543 0.000000 0.898221
0.227243 0.000001 0.973838
0.144673 -0.057852 0.987787
-0.028649 -0.014428 0.999485
-0.028649 -0.014428 0.999485
0.000001 0.000001 1.000000
0.227243 0.000001 0.973838
0.000001 0.000001 1.000000
-0.028649 -0.014428 0.999485
-0.114602 0.000006 0.993411
0.000001 0.000001 1.000000
-0.114602 0.000006 0.993411
-0.227236 0.000001 0.973840
0.000001 0.000001 1.000000
-0.227236 0.000001 0.973840
-0.227244 0.000000 0.973838
-0.227244 0.000000 0.973838
-0.227236 0.000001 0.973840
-0.439543 0.000000 0.898222
-0.439543 0.000000 0.898222
-0.439543 0.000000 0.898222
-0.227244 0.000000 0.973838
-0.439543 0.000000 0.898222
-0.439543 0.000000 0.898222
-0.625662 0.000000 0.780094
-0.625662 0.000000 0.780094
-0.625663 0.000000 0.780094
-0.439543 0.000000 0.898222
-0.625663 0.000000 0.780094
-0.625662 0.000000 0.780094
-0.780094 0.000000 0.625662
-0.780094 0.000000 0.625662
-0.780094 0.000000 0.625662
-0.625663 0.000000 0.780094
-0.780094 0.000000 0.625662
-0.780094 0.000000 0.625662
-0.898222 0.000000 0.439542
-0.898222 0.000000 0.439542
-0.898222 0.000000 0.439542
-0.780094 0.000000 0.625662
-0.898222 0.000000 0.439542
-0.898222 0.000000 0.439542
-0.973839 0.000000 0.227239
-0.973839 0.000000 0.227239
-0.973839 0.000000 0.227239
-0.898222 0.000000 0.439542
-0.973839 0.000000 0.227239
-0.973839 0.000000 0.227239
-1.000000 0.000000 -0.000000
-1.000000 0.000000 -0.000000
-1.000000 0.000000 -0.000000
-0.973839 0.000000 0.227239
-1.000000 0.000000 -0.000000
-1.000000 0.000000 -0.000000
-0.973839 0.000000 -0.227239
-0.973839 0.000000 -0.227239
-0.973839 0.000000 -0.227239
-1.000000 0.000000 -0.000000
-0.973839 0.000000 -0.227239
-0.973839 0.000000 -0.227239
-0.898222 0.000000 -0.439541
-0.898222 0.000000 -0.439541
-0.898222 0.000000 -0.439541
-0.973839 0.000000 -0.227239
-0.898222 0.000000 -0.439541
-0.898222 0.000000 -0.439541
-0.780094 0.000000 -0.625662
-0.780094 0.000000 -0.625662
-0.780094 0.000000 -0.625662
-0.898222 0.000000 -0.439541
-0.780094 0.000000 -0.625662
-0.780094 0.000000 -0.625662
-0.625663 0.000000 -0.780094
-0.625663 0.000000 -0.780094
-0.625663 0.000000 -0.780094
-0.780094 0.000000 -0.625662
-0.625663 0.000000 -0.780094
-0.625663 0.000000 -0.780094
-0.439543 0.000000 -0.898221
-0.439543 0.000000 -0.898221
-0.439543 0.000000 -0.898221
-0.625663 0.000000 -0.780094
0.439543 0.000000 -0.898221
0.316784 -0.116566 -0.941308
0.483281 -0.177196 -0.857345
0.483281 -0.177196 -0.857345
0.625662 0.000000 -0.780094
0.439543 0.000000 -0.898221
0.625662 0.000000 -0.780094
0.483281 -0.177196 -0.857345
0.641332 -0.239848 -0.728811
0.641332 -0.239848 -0.728811
0.780094 0.000000 -0.625662
0.625662 0.000000 -0.780094
0.780094 0.000000 -0.625662
0.641332 -0.239848 -0.728811
0.783203 -0.300779 -0.544173
0.783203 -0.300779 -0.544173
0.898222 0.000000 -0.439542
0.780094 0.000000 -0.625662
0.898222 0.000000 -0.439542
0.783203 -0.300779 -0.544173
0.889310 -0.348965 -0.295552
0.889310 -0.348965 -0.295552
0.973839 0.000000 -0.227239
0.898222 0.000000 -0.439542
0.973839 0.000000 -0.227239
0.889310 -0.348965 -0.295552
0.929835 -0.367977 0.000000
0.929835 -0.367977 0.000000
1.000000 0.000000 0.000000
0.973839 0.000000 -0.227239
-0.227238 0.000001 -0.973839
-0.439543 0.000000 -0.898221
-0.439543 0.000000 -0.898221
-0.439543 0.000000 -0.898221
-0.227239 0.000000 -0.973839
-0.227238 0.000001 -0.973839
-0.028661 0.014430 -0.999485
0.000000 -0.000000 -1.000000
0.227239 0.000000 -0.973839
0.227239 0.000000 -0.973839
0.144678 0.057854 -0.987786
-0.028661 0.014430 -0.999485
-0.028654 0.014430 0.999485
-0.000000 0.000000 1.000000
-0.227234 0.000000 0.973840
-0.028654 0.014430 0.999485
-0.227234 0.000000 0.973840
-0.227236 0.000001 0.973840
-0.114602 0.000006 0.993411
-0.028654 0.014430 0.999485
-0.227236 0.000001 0.973840
-0.227236 0.000001 0.973840
-0.227234 0.000000 0.973840
-0.439543 0.000000 0.898222
-0.439543 0.000000 0.898222
-0.439543 0.000000 0.898222
-0.227236 0.000001 0.973840
-0.439543 0.000000 0.898222
-0.439543 0.000000 0.898222
-0.625662 0.000000 0.780094
-0.625662 0.000000 0.780094
-0.625662 0.000000 0.780094
-0.439543 0.000000 0.898222
-0.625662 0.000000 0.780094
-0.625662 0.000000 0.780094
-0.780094 0.000000 0.625662
-0.780094 0.000000 0.625662
-0.780094 0.000000 0.625662
-0.625662 0.000000 0.780094
-0.780094 0.000000 0.625662
-0.780094 0.000000 0.625662
-0.898222 0.000000 0.439542
-0.898222 0.000000 0.439542
-0.898222 0.000000 0.439542
-0.780094 0.000000 0.625662
-0.898222 0.000000 0.439542
-0.898222 0.000000 0.439542
-0.973839 0.000000 0.227239
-0.973839 0.000000 0.227239
-0.973839 0.000000 0.227239
-0.898222 0.000000 0.439542
-0.973839 0.000000 0.227239
-0.973839 0.000000 0.227239
-1.000000 0.000000 -0.000000
-1.000000 0.000000 -0.000000
-1.000000 0.000000 -0.000000
-0.973839 0.000000 0.227239
-1.000000 0.000000 -0.000000
-1.000000 0.000000 -0.000000
-0.973839 0.000000 -0.227239
-0.973839 0.000000 -0.227239
-0.973839 0.000000 -0.227239
-1.000000 0.000000 -0.000000
-0.973839 0.000000 -0.227239
-0.973839 0.000000 -0.227239
-0.898222 0.000000 -0.439541
-0.898222 0.000000 -0.439541
-0.898222 0.000000 -0.439541
-0.973839 0.000000 -0.227239
-0.898222 0.000000 -0.439541
-0.898222 0.000000 -0.439541
-0.780094 0.000000 -0.625662
-0.780094 0.000000 -0.625662
-0.780094 0.000000 -0.625662
-0.898222 0.000000 -0.439541
-0.780094 0.000000 -0.625662
-0.780094 0.000000 -0.625662
-0.625663 0.000000 -0.780094
-0.625663 0.000000 -0.780094
-0.625663 0.000000 -0.780094
-0.780094 0.000000 -0.625662
-0.439543 0.000000 -0.898221
-0.625663 0.000000 -0.780094
-0.625663 0.000000 -0.780094
-0.625663 0.000000 -0.780094
-0.439543 0.000000 -0.898221
-0.439543 0.000000 -0.898221
0.227239 0.000000 -0.973839
0.439543 0.000000 -0.898221
0.316785 0.116566 -0.941308
0.316785 0.116566 -0.941308
0.144678 0.057854 -0.987786
0.227239 0.000000 -0.973839
0.973838 0.000000 0.227241
0.898223 0.000000 0.439540
0.783204 0.300779 0.544172
0.783204 0.300779 0.544172
0.889310 0.348964 0.295554
0.973838 0.000000 0.227241
0.973838 0.000000 0.227241
0.889310 0.348964 0.295554
0.929835 0.367976 -0.000000
0.929835 0.367976 -0.000000
1.000000 0.000000 0.000000
0.973838 0.000000 0.227241
1.000000 0.000000 0.000000
0.929835 0.367976 -0.000000
0.889310 0.348964 -0.295552
0.889310 0.348964 -0.295552
0.973839 0.000000 -0.227239
1.000000 0.000000 0.000000
0.973839 0.000000 -0.227239
0.889310 0.348964 -0.295552
0.783203 0.300779 -0.544173
0.783203 0.300779 -0.544173
0.898222 0.000000 -0.439542
0.973839 0.000000 -0.227239
0.783203 0.300779 -0.544173
0.641332 0.239848 -0.728811
0.780094 0.000000 -0.625662
0.780094 0.000000 -0.625662
0.898222 0.000000 -0.439542
0.783203 0.300779 -0.544173
0.641332 0.239848 -0.728811
0.483281 0.177196 -0.857345
0.625663 0.000000 -0.780094
0.625663 0.000000 -0.780094
0.780094 0.000000 -0.625662
0.641332 0.239848 -0.728811
0.625663 0.000000 -0.780094
0.483281 0.177196 -0.857345
0.316785 0.116566 -0.941308
0.316785 0.116566 -0.941308
0.439543 0.000000 -0.898221
0.625663 0.000000 -0.780094
-0.028654 0.014430 0.999485
0.144673 0.057852 0.987787
0.227234 -0.000000 0.973840
0.227234 -0.000000 0.973840
-0.000000 0.000000 1.000000
-0.028654 0.014430 0.999485
0.227234 -0.000000 0.973840
0.144673 0.057852 0.987787
0.316785 0.116566 0.941308
0.316785 0.116566 0.941308
0.439543 0.000000 0.898221
0.227234 -0.000000 0.973840
0.439543 0.000000 0.898221
0.316785 0.116566 0.941308
0.483281 0.177196 0.857345
0.483281 0.177196 0.857345
0.625663 0.000000 0.780094
0.439543 0.000000 0.898221
0.625663 0.000000 0.780094
0.483281 0.177196 0.857345
0.641334 0.239849 0.728809
0.641334 0.239849 0.728809
0.780096 0.000000 0.625659
0.625663 0.000000 0.780094
0.780096 0.000000 0.625659
0.641334 0.239849 0.728809
0.783204 0.300779 0.544172
0.783204 0.300779 0.544172
0.898223 0.000000 0.439540
0.780096 0.000000 0.625659
0.348965 -0.889310 0.295552
0.000000 -0.973839 0.227240
0.000000 -0.898223 0.439541
0.000000 -0.898223 0.439541
0.300779 -0.783203 0.544173
0.348965 -0.889310 0.295552
0.348965 -0.889310 0.295552
0.367976 -0.929835 0.000000
0.000000 -1.000000 0.000001
0.000000 -1.000000 0.000001
0.000000 -0.973839 0.227240
0.348965 -0.889310 0.295552
0.367976 -0.929835 0.000000
0.348965 -0.889310 -0.295552
-0.000000 -0.973839 -0.227240
-0.000000 -0.973839 -0.227240
0.000000 -1.000000 0.000001
0.367976 -0.929835 0.000000
-0.000000 -0.898222 -0.439542
-0.000000 -0.973839 -0.227240
0.348965 -0.889310 -0.295552
0.348965 -0.889310 -0.295552
0.300779 -0.783203 -0.544174
-0.000000 -0.898222 -0.439542
0.239848 -0.641332 -0.728811
-0.000000 -0.780095 -0.625662
-0.000000 -0.898222 -0.439542
-0.000000 -0.898222 -0.439542
0.300779 -0.783203 -0.544174
0.239848 -0.641332 -0.728811
0.177196 -0.483281 -0.857345
0.000000 -0.625663 -0.780094
-0.000000 -0.780095 -0.625662
-0.000000 -0.780095 -0.625662
0.239848 -0.641332 -0.728811
0.177196 -0.483281 -0.857345
-0.000000 -0.439543 -0.898221
0.000000 -0.625663 -0.780094
0.177196 -0.483281 -0.857345
0.177196 -0.483281 -0.857345
0.116566 -0.316784 -0.941308
-0.000000 -0.439543 -0.898221
0.057854 -0.144678 -0.987786
-0.000000 -0.227239 -0.973839
-0.000000 -0.439543 -0.898221
-0.000000 -0.439543 -0.898221
0.116566 -0.316784 -0.941308
0.057854 -0.144678 -0.987786
0.028801 0.000000 -0.999585
0.000000 0.000000 -1.000000
-0.000000 -0.227239 -0.973839
-0.000000 -0.227239 -0.973839
0.057854 -0.144678 -0.987786
0.028801 0.000000 -0.999585
0.028801 0.000000 -0.999585
0.057854 0.144679 -0.987786
0.000000 0.227239 -0.973839
0.000000 0.227239 -0.973839
0.000000 0.000000 -1.000000
0.028801 0.000000 -0.999585
0.116566 0.316784 -0.941308
0.000000 0.439543 -0.898222
0.000000 0.227239 -0.973839
0.000000 0.227239 -0.973839
0.057854 0.144679 -0.987786
0.116566 0.316784 -0.941308
0.177196 0.483281 -0.857346
0.000000 0.625663 -0.780094
0.000000 0.439543 -0.898222
0.000000 0.439543 -0.898222
0.116566 0.316784 -0.941308
0.177196 0.483281 -0.857346
0.239849 0.641332 -0.728811
0.000000 0.780095 -0.625662
0.000000 0.625663 -0.780094
0.000000 0.625663 -0.780094
0.177196 0.483281 -0.857346
0.239849 0.641332 -0.728811
0.300779 0.783203 -0.544173
0.000000 0.898223 -0.439541
0.000000 0.780095 -0.625662
0.000000 0.780095 -0.625662
0.239849 0.641332 -0.728811
0.300779 0.783203 -0.544173
0.348965 0.889310 -0.295553
0.000000 0.973839 -0.227240
0.000000 0.898223 -0.439541
0.000000 0.898223 -0.439541
0.300779 0.783203 -0.544173
0.348965 0.889310 -0.295553
0.000000 1.000000 -0.000001
0.000000 0.973839 -0.227240
0.348965 0.889310 -0.295553
0.348965 0.889310 -0.295553
0.367977 0.929835 -0.000001
0.000000 1.000000 -0.000001
0.000000 0.973839 0.227240
0.000000 1.000000 -0.000001
0.367977 0.929835 -0.000001
0.367977 0.929835 -0.000001
0.348964 0.889310 0.295554
0.000000 0.973839 0.227240
0.348964 0.889310 0.295554
0.300779 0.783204 0.544172
-0.000000 0.898222 0.439542
-0.000000 0.898222 0.439542
0.000000 0.973839 0.227240
0.348964 0.889310 0.295554
0.300779 0.783204 0.544172
0.239849 0.641334 0.728809
-0.000000 0.780095 0.625661
-0.000000 0.780095 0.625661
-0.000000 0.898222 0.439542
0.300779 0.783204 0.544172
0.177197 0.483280 0.857346
0.000000 0.625663 0.780094
-0.000000 0.780095 0.625661
-0.000000 0.780095 0.625661
0.239849 0.641334 0.728809
0.177197 0.483280 0.857346
0.116566 0.316784 0.941308
0.000000 0.439543 0.898221
0.000000 0.625663 0.780094
0.000000 0.625663 0.780094
0.177197 0.483280 0.857346
0.116566 0.316784 0.941308
0.000000 0.227234 0.973840
0.000000 0.439543 0.898221
0.116566 0.316784 0.941308
0.116566 0.316784 0.941308
0.057852 0.144673 0.987787
0.000000 0.227234 0.973840
0.028798 -0.000000 0.999585
0.000000 -0.000000 1.000000
0.000000 0.227234 0.973840
0.000000 0.227234 0.973840
0.057852 0.144673 0.987787
0.028798 -0.000000 0.999585
0.057852 -0.144673 0.987787
-0.000000 -0.227233 0.973840
0.000000 -0.000000 1.000000
0.000000 -0.000000 1.000000
0.028798 -0.000000 0.999585
0.057852 -0.144673 0.987787
0.116566 -0.316784 0.941308
-0.000000 -0.439543 0.898222
-0.000000 -0.227233 0.973840
-0.000000 -0.227233 0.973840
0.057852 -0.144673 0.987787
0.116566 -0.316784 0.941308
0.177196 -0.483281 0.857346
-0.000000 -0.625663 0.780094
-0.000000 -0.439543 0.898222
-0.000000 -0.439543 0.898222
0.116566 -0.316784 0.941308
0.177196 -0.483281 0.857346
0.239848 -0.641332 0.728811
-0.000000 -0.780095 0.625662
-0.000000 -0.625663 0.780094
-0.000000 -0.625663 0.780094
0.177196 -0.483281 0.857346
0.239848 -0.641332 0.728811
0.300779 -0.783203 0.544173
0.000000 -0.898223 0.439541
-0.000000 -0.780095 0.625662
-0.000000 -0.780095 0.625662
0.239848 -0.641332 0.728811
0.300779 -0.783203 0.544173
0.000000 -1.000000 0.000000
0.000000 -1.000000 0.000000
0.000000 -1.000000 0.000000
0.000000 -1.000000 0.000000
0.000000 -1.000000 0.000000
0.000000 -1.000000 0.000000
0.000000 -1.000000 0.000000
0.000000 -1.000000 0.000000
0.000000 -1.000000 0.000000
0.000000 -1.000000 0.000000
0.000000 -1.000000 0.000000
0.000000 -1.000000 0.000000
0.000000 -1.000000 0.000000
0.000000 -1.000000 0.000000
0.000000 -1.000000 0.000000
0.000000 -1.000000 0.000000
0.000000 -1.000000 0.000000
0.000000 -1.000000 0.000000
0.000000 -1.000000 0.000000
0.000000 -1.000000 0.000000
0.000000 -1.000000 0.000000
0.000000 -1.000000 0.000000
0.000000 -1.000000 0.000000
0.000000 -1.000000 0.000000
0.000000 -1.000000 0.000000
0.000000 -1.000000 0.000000
0.000000 -1.000000 0.000000
0.000000 -1.000000 0.000000
0.000000 -1.000000 0.000000
0.000000 -1.000000 0.000000
0.000000 -1.000000 0.000000
0.000000 -1.000000 0.000000
0.000000 -1.000000 0.000000
0.000000 -1.000000 0.000000
0.000000 -1.000000 0.000000
0.000000 -1.000000 0.000000
0.000000 -1.000000 0.000000
0.000000 -1.000000 0.000000
0.000000 -1.000000 0.000000
0.000000 -1.000000 0.000000
0.000000 -1.000000 0.000000
0.000000 -1.000000 0.000000
0.000000 -1.000000 0.000000
0.000000 -1.000000 0.000000
0.000000 -1.000000 0.000000
0.000000 -1.000000 0.000000
0.000000 -1.000000 0.000000
0.000000 -1.000000 0.000000
0.000000 -1.000000 0.000000
0.000000 -1.000000 0.000000
0.000000 -1.000000 0.000000
0.000000 -1.000000 0.000000
0.000000 -1.000000 0.000000
0.000000 -1.000000 0.000000
0.000000 -1.000000 0.000000
0.000000 -1.000000 0.000000
0.000000 -1.000000 0.000000
0.000000 -1.000000 0.000000
0.000000 -1.000000 0.000000
0.000000 -1.000000 0.000000
0.000000 -1.000000 0.000000
0.000000 -1.000000 0.000000
0.000000 -1.000000 0.000000
0.000000 -1.000000 0.000000
0.000000 -1.000000 0.000000
0.000000 -1.000000 0.000000
0.000000 -1.000000 0.000000
0.000000 -1.000000 0.000000
0.000000 -1.000000 0.000000
0.000000 -1.000000 0.000000
0.000000 -1.000000 0.000000
0.000000 -1.000000 0.000000
0.000000 -1.000000 0.000000
0.000000 -1.000000 0.000000
0.000000 -1.000000 0.000000
0.000000 -1.000000 0.000000
0.000000 -1.000000 0.000000
0.000000 -1.000000 0.000000
0.000000 1.000000 0.000000
0.000000 1.000000 0.000000
0.000000 1.000000 0.000000
0.000000 1.000000 0.000000
0.000000 1.000000 0.000000
0.000000 1.000000 0.000000
0.000000 1.000000 0.000000
0.000000 1.000000 0.000000
0.000000 1.000000 0.000000
0.000000 1.000000 0.000000
0.000000 1.000000 0.000000
0.000000 1.000000 0.000000
0.000000 1.000000 0.000000
0.000000 1.000000 0.000000
0.000000 1.000000 0.000000
0.000000 1.000000 0.000000
0.000000 1.000000 0.000000
0.000000 1.000000 0.000000
0.000000 1.000000 0.000000
0.000000 1.000000 0.000000
0.000000 1.000000 0.000000
0.000000 1.000000 0.000000
0.000000 1.000000 0.000000
0.000000 1.000000 0.000000
0.000000 1.000000 0.000000
0.000000 1.000000 0.000000
0.000000 1.000000 0.000000
0.000000 1.000000 0.000000
0.000000 1.000000 0.000000
0.000000 1.000000 0.000000
0.000000 1.000000 0.000000
0.000000 1.000000 0.000000
0.000000 1.000000 0.000000
0.000000 1.000000 0.000000
0.000000 1.000000 0.000000
0.000000 1.000000 0.000000
0.000000 1.000000 0.000000
0.000000 1.000000 0.000000
0.000000 1.000000 0.000000
0.000000 1.000000 0.000000
0.000000 1.000000 0.000000
0.000000 1.000000 0.000000
0.000000 1.000000 0.000000
0.000000 1.000000 0.000000
0.000000 1.000000 0.000000
0.000000 1.000000 0.000000
0.000000 1.000000 0.000000
0.000000 1.000000 0.000000
0.000000 1.000000 0.000000
0.000000 1.000000 0.000000
0.000000 1.000000 0.000000
0.000000 1.000000 0.000000
0.000000 1.000000 0.000000
0.000000 1.000000 0.000000
0.000000 1.000000 0.000000
0.000000 1.000000 0.000000
0.000000 1.000000 0.000000
0.000000 1.000000 0.000000
0.000000 1.000000 0.000000
0.000000 1.000000 0.000000
0.000000 1.000000 0.000000
0.000000 1.000000 0.000000
0.000000 1.000000 0.000000
0.000000 1.000000 0.000000
0.000000 1.000000 0.000000
0.000000 1.000000 0.000000
0.000000 1.000000 0.000000
0.000000 1.000000 0.000000
0.000000 1.000000 0.000000
0.000000 1.000000 0.000000
0.000000 1.000000 0.000000
0.000000 1.000000 0.000000
0.000000 1.000000 0.000000
0.000000 1.000000 0.000000
0.000000 1.000000 0.000000
0.000000 1.000000 0.000000
0.000000 1.000000 0.000000
0.000000 1.000000 0.000000
1.000000 -0.000003 0.000000
1.000000 0.000006 0.000002
1.000000 -0.000000 0.000000
1.000000 -0.000000 0.000000
1.000000 0.000000 0.000000
1.000000 0.000000 0.000000
1.000000 0.000000 0.000000
1.000000 0.000000 0.000000
1.000000 -0.000000 -0.000000
1.000000 -0.000000 0.000000
1.000000 0.000000 0.000000
1.000000 -0.000000 -0.000000
1.000000 -0.000000 -0.000000
1.000000 0.000000 0.000000
1.000000 0.000000 0.000000
1.000000 0.000000 0.000000
1.000000 0.000000 0.000000
1.000000 0.000000 -0.000000
1.000000 -0.000000 -0.000000
1.000000 0.000000 0.000000
1.000000 0.000000 -0.000000
1.000000 0.000000 -0.000000
1.000000 0.000000 0.000000
1.000000 0.000002 -0.000001
1.000000 0.000002 -0.000001
1.000000 0.000006 -0.000002
1.000000 0.000001 -0.000000
1.000000 0.000000 -0.000000
1.000000 0.000002 -0.000001
1.000000 0.000001 -0.000000
1.000000 -0.000000 -0.000000
1.000000 0.000000 -0.000000
1.000000 0.000001 -0.000000
1.000000 0.000001 -0.000000
1.000000 0.000006 0.000002
1.000000 0.000002 0.000001
1.000000 0.000002 0.000001
1.000000 0.000000 0.000000
1.000000 0.000000 0.000000
1.000000 0.000001 -0.000000
1.000000 0.000002 0.000001
1.000000 0.000000 0.000000
1.000000 0.000000 0.000000
1.000000 0.000000 0.000000
1.000000 0.000000 0.000000
1.000000 0.000000 0.000000
1.000000 0.000000 0.000000
1.000000 -0.000000 0.000000
1.000000 0.000000 0.000000
1.000000 0.000000 0.000000
1.000000 -0.000000 0.000000
1.000000 0.000001 -0.000000
1.000000 0.000000 0.000000
1.000000 -0.000000 0.000000
1.000000 -0.000000 0.000000
1.000000 0.000000 0.000000
1.000000 0.000000 0.000000
1.000000 0.000000 0.000000
1.000000 0.000000 0.000000
1.000000 -0.000000 -0.000000
1.000000 -0.000000 0.000000
1.000000 0.000000 0.000000
1.000000 -0.000000 -0.000000
1.000000 0.000001 -0.000000
1.000000 -0.000000 0.000000
1.000000 -0.000000 -0.000000
1.000000 -0.000000 -0.000000
1.000000 0.000001 -0.000000
1.000000 -0.000000 -0.000000
1.000000 -0.000000 0.000000
1.000000 -0.000000 -0.000000
1.000000 -0.000000 -0.000000
1.000000 -0.000003 0.000000
1.000000 -0.000000 0.000000
1.000000 -0.000000 -0.000000
1.000000 0.000006 -0.000002
1.000000 -0.000003 0.000000
1.000000 -0.000000 -0.000000
-0.028658 -0.014430 -0.999485
-0.114612 0.000004 -0.993410
-0.028661 0.014430 -0.999485
-0.028661 0.014430 -0.999485
0.028801 0.000000 -0.999585
-0.028658 -0.014430 -0.999485
-0.028649 -0.014428 0.999485
0.028798 -0.000000 0.999585
-0.028654 0.014430 0.999485
-0.028654 0.014430 0.999485
-0.114602 0.000006 0.993411
-0.028649 -0.014428 0.999485
-0.000002 -0.709439 -0.704767
-0.000002 -0.709439 -0.704767
-0.160154 -0.709423 -0.686346
-0.160154 -0.709423 -0.686346
-0.160153 -0.709423 -0.686345
-0.000002 -0.709439 -0.704767
-0.028658 -0.014430 -0.999485
0.028801 0.000000 -0.999585
0.057854 -0.144678 -0.987786
0.057854 -0.144678 -0.987786
0.144679 -0.057854 -0.987786
-0.028658 -0.014430 -0.999485
0.160156 -0.709423 -0.686345
0.160157 -0.709423 -0.686345
-0.000002 -0.709439 -0.704767
-0.000002 -0.709439 -0.704767
-0.000002 -0.709439 -0.704767
0.160156 -0.709423 -0.686345
-0.160153 -0.709423 -0.686345
-0.160154 -0.709423 -0.686346
-0.309834 -0.709305 -0.633158
-0.309834 -0.709305 -0.633158
-0.309835 -0.709304 -0.633158
-0.160153 -0.709423 -0.686345
-0.160156 0.709421 -0.686347
-0.160157 0.709422 -0.686346
0.000002 0.709437 -0.704769
0.000002 0.709437 -0.704769
0.000002 0.709437 -0.704769
-0.160156 0.709421 -0.686347
0.144679 -0.057854 -0.987786
0.057854 -0.144678 -0.987786
0.116566 -0.316784 -0.941308
0.116566 -0.316784 -0.941308
0.316784 -0.116566 -0.941308
0.144679 -0.057854 -0.987786
0.309834 -0.709305 -0.633158
0.309834 -0.709304 -0.633159
0.160157 -0.709423 -0.686345
0.160157 -0.709423 -0.686345
0.160156 -0.709423 -0.686345
0.309834 -0.709305 -0.633158
0.686347 -0.709421 0.160156
0.686347 -0.709421 0.160156
0.704764 -0.709441 0.000000
0.704764 -0.709441 0.000000
0.704764 -0.709442 0.000000
0.686347 -0.709421 0.160156
0.929835 -0.367977 0.000000
0.367976 -0.929835 0.000000
0.348965 -0.889310 0.295552
0.348965 -0.889310 0.295552
0.889310 -0.348965 0.295552
0.929835 -0.367977 0.000000
0.889310 -0.348965 0.295552
0.348965 -0.889310 0.295552
0.300779 -0.783203 0.544173
0.300779 -0.783203 0.544173
0.783203 -0.300779 0.544173
0.889310 -0.348965 0.295552
0.633157 -0.709306 0.309835
0.633158 -0.709305 0.309834
0.686347 -0.709421 0.160156
0.686347 -0.709421 0.160156
0.686347 -0.709421 0.160156
0.633157 -0.709306 0.309835
0.783203 -0.300779 0.544173
0.300779 -0.783203 0.544173
0.239848 -0.641332 0.728811
0.239848 -0.641332 0.728811
0.641332 -0.239848 0.728811
0.783203 -0.300779 0.544173
0.549954 -0.709224 0.441081
0.549955 -0.709223 0.441080
0.633158 -0.709305 0.309834
0.633158 -0.709305 0.309834
0.633157 -0.709306 0.309835
0.549954 -0.709224 0.441081
0.641332 -0.239848 0.728811
0.239848 -0.641332 0.728811
0.177196 -0.483281 0.857346
0.177196 -0.483281 0.857346
0.483281 -0.177196 0.857345
0.641332 -0.239848 0.728811
0.441083 -0.709222 0.549954
0.441083 -0.709222 0.549954
0.549955 -0.709223 0.441080
0.549955 -0.709223 0.441080
0.549954 -0.709224 0.441081
0.441083 -0.709222 0.549954
0.483281 -0.177196 0.857345
0.177196 -0.483281 0.857346
0.116566 -0.316784 0.941308
0.116566 -0.316784 0.941308
0.316785 -0.116566 0.941308
0.483281 -0.177196 0.857345
0.309836 -0.709302 0.633160
0.309833 -0.709304 0.633159
0.441083 -0.709222 0.549954
0.441083 -0.709222 0.549954
0.441083 -0.709222 0.549954
0.309836 -0.709302 0.633160
0.316785 -0.116566 0.941308
0.116566 -0.316784 0.941308
0.057852 -0.144673 0.987787
0.057852 -0.144673 0.987787
0.144673 -0.057852 0.987787
0.316785 -0.116566 0.941308
0.160153 -0.709428 0.686340
0.160150 -0.709431 0.686338
0.309833 -0.709304 0.633159
0.309833 -0.709304 0.633159
0.309836 -0.709302 0.633160
0.160153 -0.709428 0.686340
0.144673 -0.057852 0.987787
0.057852 -0.144673 0.987787
0.028798 -0.000000 0.999585
0.028798 -0.000000 0.999585
-0.028649 -0.014428 0.999485
0.144673 -0.057852 0.987787
-0.000001 -0.709453 0.704753
-0.000001 -0.709453 0.704753
0.160150 -0.709431 0.686338
0.160150 -0.709431 0.686338
0.160153 -0.709428 0.686340
-0.000001 -0.709453 0.704753
-0.160155 -0.709431 0.686337
-0.160154 -0.709428 0.686340
-0.000001 -0.709453 0.704753
-0.000001 -0.709453 0.704753
-0.000001 -0.709453 0.704753
-0.160155 -0.709431 0.686337
-0.309832 -0.709304 0.633160
-0.309830 -0.709302 0.633163
-0.160154 -0.709428 0.686340
-0.160154 -0.709428 0.686340
-0.160155 -0.709431 0.686337
-0.309832 -0.709304 0.633160
-0.441083 -0.709222 0.549955
-0.441083 -0.709222 0.549954
-0.309830 -0.709302 0.633163
-0.309830 -0.709302 0.633163
-0.309832 -0.709304 0.633160
-0.441083 -0.709222 0.549955
-0.549955 -0.709223 0.441082
-0.549954 -0.709223 0.441081
-0.441083 -0.709222 0.549954
-0.441083 -0.709222 0.549954
-0.441083 -0.709222 0.549955
-0.549955 -0.709223 0.441082
-0.633158 -0.709305 0.309834
-0.633158 -0.709305 0.309833
-0.549954 -0.709223 0.441081
-0.549954 -0.709223 0.441081
-0.549955 -0.709223 0.441082
-0.633158 -0.709305 0.309834
-0.686347 -0.709421 0.160156
-0.686347 -0.709421 0.160156
-0.633158 -0.709305 0.309833
-0.633158 -0.709305 0.309833
-0.633158 -0.709305 0.309834
-0.686347 -0.709421 0.160156
-0.704764 -0.709442 -0.000000
-0.704764 -0.709441 -0.000000
-0.686347 -0.709421 0.160156
-0.686347 -0.709421 0.160156
-0.686347 -0.709421 0.160156
-0.704764 -0.709442 -0.000000
-0.686347 -0.709421 -0.160155
-0.686347 -0.709421 -0.160155
-0.704764 -0.709441 -0.000000
-0.704764 -0.709441 -0.000000
-0.704764 -0.709442 -0.000000
-0.686347 -0.709421 -0.160155
-0.633156 -0.709307 -0.309833
-0.633156 -0.709307 -0.309833
-0.686347 -0.709421 -0.160155
-0.686347 -0.709421 -0.160155
-0.686347 -0.709421 -0.160155
-0.633156 -0.709307 -0.309833
-0.549953 -0.709226 -0.441079
-0.549954 -0.709225 -0.441079
-0.633156 -0.709307 -0.309833
-0.633156 -0.709307 -0.309833
-0.633156 -0.709307 -0.309833
-0.549953 -0.709226 -0.441079
-0.441082 -0.709225 -0.549953
-0.441082 -0.709224 -0.549953
-0.549954 -0.709225 -0.441079
-0.549954 -0.709225 -0.441079
-0.549953 -0.709226 -0.441079
-0.441082 -0.709225 -0.549953
-0.309835 -0.709304 -0.633158
-0.309834 -0.709305 -0.633158
-0.441082 -0.709224 -0.549953
-0.441082 -0.709224 -0.549953
-0.441082 -0.709225 -0.549953
-0.309835 -0.709304 -0.633158
0.316784 -0.116566 -0.941308
0.116566 -0.316784 -0.941308
0.177196 -0.483281 -0.857345
0.177196 -0.483281 -0.857345
0.483281 -0.177196 -0.857345
0.316784 -0.116566 -0.941308
0.441081 -0.709224 -0.549953
0.441082 -0.709224 -0.549953
0.309834 -0.709304 -0.633159
0.309834 -0.709304 -0.633159
0.309834 -0.709305 -0.633158
0.441081 -0.709224 -0.549953
0.483281 -0.177196 -0.857345
0.177196 -0.483281 -0.857345
0.239848 -0.641332 -0.728811
0.239848 -0.641332 -0.728811
0.641332 -0.239848 -0.728811
0.483281 -0.177196 -0.857345
0.549953 -0.709225 -0.441080
0.549953 -0.709226 -0.441079
0.441082 -0.709224 -0.549953
0.441082 -0.709224 -0.549953
0.441081 -0.709224 -0.549953
0.549953 -0.709225 -0.441080
0.641332 -0.239848 -0.728811
0.239848 -0.641332 -0.728811
0.300779 -0.783203 -0.544174
0.300779 -0.783203 -0.544174
0.783203 -0.300779 -0.544173
0.641332 -0.239848 -0.728811
0.633156 -0.709307 -0.309832
0.633157 -0.709307 -0.309831
0.549953 -0.709226 -0.441079
0.549953 -0.709226 -0.441079
0.549953 -0.709225 -0.441080
0.633156 -0.709307 -0.309832
0.783203 -0.300779 -0.544173
0.300779 -0.783203 -0.544174
0.348965 -0.889310 -0.295552
0.348965 -0.889310 -0.295552
0.889310 -0.348965 -0.295552
0.783203 -0.300779 -0.544173
0.686347 -0.709421 -0.160155
0.686347 -0.709421 -0.160156
0.633157 -0.709307 -0.309831
0.633157 -0.709307 -0.309831
0.633156 -0.709307 -0.309832
0.686347 -0.709421 -0.160155
0.889310 -0.348965 -0.295552
0.348965 -0.889310 -0.295552
0.367976 -0.929835 0.000000
0.367976 -0.929835 0.000000
0.929835 -0.367977 0.000000
0.889310 -0.348965 -0.295552
0.704764 -0.709442 0.000000
0.704764 -0.709441 0.000000
0.686347 -0.709421 -0.160156
0.686347 -0.709421 -0.160156
0.686347 -0.709421 -0.160155
0.704764 -0.709442 0.000000
-0.309834 0.709304 -0.633159
-0.309834 0.709303 -0.633160
-0.160157 0.709422 -0.686346
-0.160157 0.709422 -0.686346
-0.160156 0.709421 -0.686347
-0.309834 0.709304 -0.633159
0.000002 0.709437 -0.704769
0.000002 0.709437 -0.704769
0.160154 0.709421 -0.686347
0.160154 0.709421 -0.686347
0.160153 0.709422 -0.686347
0.000002 0.709437 -0.704769
0.144678 0.057854 -0.987786
0.057854 0.144679 -0.987786
0.028801 0.000000 -0.999585
0.028801 0.000000 -0.999585
-0.028661 0.014430 -0.999485
0.144678 0.057854 -0.987786
-0.000004 0.709440 0.704766
-0.000004 0.709440 0.704766
-0.160146 0.709429 0.686341
-0.160146 0.709429 0.686341
-0.160146 0.709429 0.686341
-0.000004 0.709440 0.704766
-0.160146 0.709429 0.686341
-0.160146 0.709429 0.686341
-0.309833 0.709306 0.633158
-0.309833 0.709306 0.633158
-0.309835 0.709303 0.633160
-0.160146 0.709429 0.686341
-0.309835 0.709303 0.633160
-0.309833 0.709306 0.633158
-0.441083 0.709223 0.549954
-0.441083 0.709223 0.549954
-0.441082 0.709223 0.549954
-0.309835 0.709303 0.633160
-0.441082 0.709223 0.549954
-0.441083 0.709223 0.549954
-0.549955 0.709224 0.441080
-0.549955 0.709224 0.441080
-0.549954 0.709225 0.441080
-0.441082 0.709223 0.549954
-0.549954 0.709225 0.441080
-0.549955 0.709224 0.441080
-0.633157 0.709306 0.309833
-0.633157 0.709306 0.309833
-0.633157 0.709306 0.309834
-0.549954 0.709225 0.441080
-0.633157 0.709306 0.309834
-0.633157 0.709306 0.309833
-0.686348 0.709420 0.160156
-0.686348 0.709420 0.160156
-0.686348 0.709420 0.160155
-0.633157 0.709306 0.309834
-0.686348 0.709420 0.160155
-0.686348 0.709420 0.160156
-0.704765 0.709440 -0.000000
-0.704765 0.709440 -0.000000
-0.704765 0.709440 -0.000000
-0.686348 0.709420 0.160155
-0.704765 0.709440 -0.000000
-0.704765 0.709440 -0.000000
-0.686348 0.709420 -0.160155
-0.686348 0.709420 -0.160155
-0.686348 0.709420 -0.160155
-0.704765 0.709440 -0.000000
-0.686348 0.709420 -0.160155
-0.686348 0.709420 -0.160155
-0.633160 0.709303 -0.309835
-0.633160 0.709303 -0.309835
-0.633160 0.709303 -0.309834
-0.686348 0.709420 -0.160155
-0.633160 0.709303 -0.309834
-0.633160 0.709303 -0.309835
-0.549954 0.709224 -0.441081
-0.549954 0.709224 -0.441081
-0.549954 0.709224 -0.441081
-0.633160 0.709303 -0.309834
-0.549954 0.709224 -0.441081
-0.549954 0.709224 -0.441081
-0.441082 0.709223 -0.549953
-0.441082 0.709223 -0.549953
-0.441082 0.709223 -0.549954
-0.549954 0.709224 -0.441081
-0.441082 0.709223 -0.549954
-0.441082 0.709223 -0.549953
-0.309834 0.709303 -0.633160
-0.309834 0.709303 -0.633160
-0.309834 0.709304 -0.633159
-0.441082 0.709223 -0.549954
0.160153 0.709422 -0.686347
0.160154 0.709421 -0.686347
0.309835 0.709304 -0.633159
0.309835 0.709304 -0.633159
0.309835 0.709303 -0.633159
0.160153 0.709422 -0.686347
0.316785 0.116566 -0.941308
0.116566 0.316784 -0.941308
0.057854 0.144679 -0.987786
0.057854 0.144679 -0.987786
0.144678 0.057854 -0.987786
0.316785 0.116566 -0.941308
0.686348 0.709420 0.160156
0.686348 0.709420 0.160157
0.633160 0.709303 0.309834
0.633160 0.709303 0.309834
0.633160 0.709303 0.309833
0.686348 0.709420 0.160156
0.783204 0.300779 0.544172
0.300779 0.783204 0.544172
0.348964 0.889310 0.295554
0.348964 0.889310 0.295554
0.889310 0.348964 0.295554
0.783204 0.300779 0.544172
0.889310 0.348964 0.295554
0.348964 0.889310 0.295554
0.367977 0.929835 -0.000001
0.367977 0.929835 -0.000001
0.929835 0.367976 -0.000000
0.889310 0.348964 0.295554
0.704765 0.709440 0.000000
0.704765 0.709440 0.000000
0.686348 0.709420 0.160157
0.686348 0.709420 0.160157
0.686348 0.709420 0.160156
0.704765 0.709440 0.000000
0.929835 0.367976 -0.000000
0.367977 0.929835 -0.000001
0.348965 0.889310 -0.295553
0.348965 0.889310 -0.295553
0.889310 0.348964 -0.295552
0.929835 0.367976 -0.000000
0.686348 0.709420 -0.160155
0.686348 0.709420 -0.160155
0.704765 0.709440 0.000000
0.704765 0.709440 0.000000
0.704765 0.709440 0.000000
0.686348 0.709420 -0.160155
0.889310 0.348964 -0.295552
0.348965 0.889310 -0.295553
0.300779 0.783203 -0.544173
0.300779 0.783203 -0.544173
0.783203 0.300779 -0.544173
0.889310 0.348964 -0.295552
0.633161 0.709303 -0.309834
0.633160 0.709303 -0.309835
0.686348 0.709420 -0.160155
0.686348 0.709420 -0.160155
0.686348 0.709420 -0.160155
0.633161 0.709303 -0.309834
0.783203 0.300779 -0.544173
0.300779 0.783203 -0.544173
0.239849 0.641332 -0.728811
0.239849 0.641332 -0.728811
0.641332 0.239848 -0.728811
0.783203 0.300779 -0.544173
0.549953 0.709224 -0.441082
0.549953 0.709224 -0.441082
0.633160 0.709303 -0.309835
0.633160 0.709303 -0.309835
0.633161 0.709303 -0.309834
0.549953 0.709224 -0.441082
0.641332 0.239848 -0.728811
0.239849 0.641332 -0.728811
0.177196 0.483281 -0.857346
0.177196 0.483281 -0.857346
0.483281 0.177196 -0.857345
0.641332 0.239848 -0.728811
0.441082 0.709223 -0.549953
0.441083 0.709223 -0.549953
0.549953 0.709224 -0.441082
0.549953 0.709224 -0.441082
0.549953 0.709224 -0.441082
0.441082 0.709223 -0.549953
0.483281 0.177196 -0.857345
0.177196 0.483281 -0.857346
0.116566 0.316784 -0.941308
0.116566 0.316784 -0.941308
0.316785 0.116566 -0.941308
0.483281 0.177196 -0.857345
0.309835 0.709303 -0.633159
0.309835 0.709304 -0.633159
0.441083 0.709223 -0.549953
0.441083 0.709223 -0.549953
0.441082 0.709223 -0.549953
0.309835 0.709303 -0.633159
-0.028654 0.014430 0.999485
0.028798 -0.000000 0.999585
0.057852 0.144673 0.987787
0.057852 0.144673 0.987787
0.144673 0.057852 0.987787
-0.028654 0.014430 0.999485
0.160153 0.709429 0.686339
0.160154 0.709429 0.686339
-0.000004 0.709440 0.704766
-0.000004 0.709440 0.704766
-0.000004 0.709440 0.704766
0.160153 0.709429 0.686339
0.144673 0.057852 0.987787
0.057852 0.144673 0.987787
0.116566 0.316784 0.941308
0.116566 0.316784 0.941308
0.316785 0.116566 0.941308
0.144673 0.057852 0.987787
0.309832 0.709306 0.633159
0.309830 0.709303 0.633162
0.160154 0.709429 0.686339
0.160154 0.709429 0.686339
0.160153 0.709429 0.686339
0.309832 0.709306 0.633159
0.316785 0.116566 0.941308
0.116566 0.316784 0.941308
0.177197 0.483280 0.857346
0.177197 0.483280 0.857346
0.483281 0.177196 0.857345
0.316785 0.116566 0.941308
0.441082 0.709223 0.549954
0.441082 0.709223 0.549953
0.309830 0.709303 0.633162
0.309830 0.709303 0.633162
0.309832 0.709306 0.633159
0.441082 0.709223 0.549954
0.483281 0.177196 0.857345
0.177197 0.483280 0.857346
0.239849 0.641334 0.728809
0.239849 0.641334 0.728809
0.641334 0.239849 0.728809
0.483281 0.177196 0.857345
0.549955 0.709224 0.441079
0.549955 0.709224 0.441079
0.441082 0.709223 0.549953
0.441082 0.709223 0.549953
0.441082 0.709223 0.549954
0.549955 0.709224 0.441079
0.641334 0.239849 0.728809
0.239849 0.641334 0.728809
0.300779 0.783204 0.544172
0.300779 0.783204 0.544172
0.783204 0.300779 0.544172
0.641334 0.239849 0.728809
0.633160 0.709303 0.309833
0.633160 0.709303 0.309834
0.549955 0.709224 0.441079
0.549955 0.709224 0.441079
0.549955 0.709224 0.441079
0.633160 0.709303 0.309833
0.709420 -0.686348 0.160156
0.709419 -0.686348 0.160157
0.709306 -0.633158 0.309832
0.709306 -0.633158 0.309832
0.709306 -0.633158 0.309832
0.709420 -0.686348 0.160156
0.709440 -0.704765 0.000000
0.709441 -0.704765 -0.000000
0.709419 -0.686348 0.160157
0.709419 -0.686348 0.160157
0.709420 -0.686348 0.160156
0.709440 -0.704765 0.000000
0.709420 -0.686348 -0.160154
0.709420 -0.686348 -0.160155
0.709441 -0.704765 -0.000000
0.709441 -0.704765 -0.000000
0.709440 -0.704765 0.000000
0.709420 -0.686348 -0.160154
0.709305 -0.633158 -0.309834
0.709305 -0.633158 -0.309833
0.709420 -0.686348 -0.160155
0.709420 -0.686348 -0.160155
0.709420 -0.686348 -0.160154
0.709305 -0.633158 -0.309834
0.709224 -0.549954 -0.441080
0.709224 -0.549954 -0.441080
0.709305 -0.633158 -0.309833
0.709305 -0.633158 -0.309833
0.709305 -0.633158 -0.309834
0.709224 -0.549954 -0.441080
0.709223 -0.441082 -0.549953
0.709223 -0.441083 -0.549953
0.709224 -0.549954 -0.441080
0.709224 -0.549954 -0.441080
0.709224 -0.549954 -0.441080
0.709223 -0.441082 -0.549953
0.709303 -0.309836 -0.633159
0.709304 -0.309835 -0.633159
0.709223 -0.441083 -0.549953
0.709223 -0.441083 -0.549953
0.709223 -0.441082 -0.549953
0.709303 -0.309836 -0.633159
0.709422 -0.160154 -0.686346
0.709421 -0.160154 -0.686347
0.709304 -0.309835 -0.633159
0.709304 -0.309835 -0.633159
0.709303 -0.309836 -0.633159
0.709422 -0.160154 -0.686346
0.709438 -0.000002 -0.704768
0.709438 -0.000002 -0.704768
0.709421 -0.160154 -0.686347
0.709421 -0.160154 -0.686347
0.709422 -0.160154 -0.686346
0.709438 -0.000002 -0.704768
0.709421 0.160156 -0.686347
0.709422 0.160157 -0.686346
0.709438 -0.000002 -0.704768
0.709438 -0.000002 -0.704768
0.709438 -0.000002 -0.704768
0.709421 0.160156 -0.686347
0.709304 0.309834 -0.633159
0.709304 0.309834 -0.633160
0.709422 0.160157 -0.686346
0.709422 0.160157 -0.686346
0.709421 0.160156 -0.686347
0.709304 0.309834 -0.633159
0.709223 0.441082 -0.549954
0.709223 0.441082 -0.549954
0.709304 0.309834 -0.633160
0.709304 0.309834 -0.633160
0.709304 0.309834 -0.633159
0.709223 0.441082 -0.549954
0.709224 0.549954 -0.441081
0.709224 0.549954 -0.441081
0.709223 0.441082 -0.549954
0.709223 0.441082 -0.549954
0.709223 0.441082 -0.549954
0.709224 0.549954 -0.441081
0.709303 0.633160 -0.309834
0.709303 0.633160 -0.309835
0.709224 0.549954 -0.441081
0.709224 0.549954 -0.441081
0.709224 0.549954 -0.441081
0.709303 0.633160 -0.309834
0.709420 0.686348 -0.160155
0.709420 0.686348 -0.160155
0.709303 0.633160 -0.309835
0.709303 0.633160 -0.309835
0.709303 0.633160 -0.309834
0.709420 0.686348 -0.160155
0.709441 0.704765 -0.000000
0.709441 0.704765 -0.000000
0.709420 0.686348 -0.160155
0.709420 0.686348 -0.160155
0.709420 0.686348 -0.160155
0.709441 0.704765 -0.000000
0.709420 0.686348 0.160156
0.709420 0.686347 0.160156
0.709441 0.704765 -0.000000
0.709441 0.704765 -0.000000
0.709441 0.704765 -0.000000
0.709420 0.686348 0.160156
0.709306 0.633157 0.309834
0.709306 0.633157 0.309833
0.709420 0.686347 0.160156
0.709420 0.686347 0.160156
0.709420 0.686348 0.160156
0.709306 0.633157 0.309834
0.709225 0.549954 0.441080
0.709224 0.549955 0.441080
0.709306 0.633157 0.309833
0.709306 0.633157 0.309833
0.709306 0.633157 0.309834
0.709225 0.549954 0.441080
0.709223 0.441082 0.549953
0.709223 0.441082 0.549953
0.709224 0.549955 0.441080
0.709224 0.549955 0.441080
0.709225 0.549954 0.441080
0.709223 0.441082 0.549953
0.709304 0.309835 0.633159
0.709306 0.309832 0.633158
0.709223 0.441082 0.549953
0.709223 0.441082 0.549953
0.709223 0.441082 0.549953
0.709304 0.309835 0.633159
0.709429 0.160146 0.686341
0.709428 0.160146 0.686342
0.709306 0.309832 0.633158
0.709306 0.309832 0.633158
0.709304 0.309835 0.633159
0.709429 0.160146 0.686341
0.709439 0.000004 0.704767
0.709439 0.000005 0.704767
0.709428 0.160146 0.686342
0.709428 0.160146 0.686342
0.709429 0.160146 0.686341
0.709439 0.000004 0.704767
0.709428 -0.160153 0.686340
0.709429 -0.160154 0.686339
0.709439 0.000005 0.704767
0.709439 0.000005 0.704767
0.709439 0.000004 0.704767
0.709428 -0.160153 0.686340
0.709306 -0.309831 0.633159
0.709304 -0.309830 0.633162
0.709429 -0.160154 0.686339
0.709429 -0.160154 0.686339
0.709428 -0.160153 0.686340
0.709306 -0.309831 0.633159
0.709223 -0.441082 0.549954
0.709223 -0.441082 0.549954
0.709304 -0.309830 0.633162
0.709304 -0.309830 0.633162
0.709306 -0.309831 0.633159
0.709223 -0.441082 0.549954
0.709224 -0.549954 0.441081
0.709225 -0.549954 0.441080
0.709223 -0.441082 0.549954
0.709223 -0.441082 0.549954
0.709223 -0.441082 0.549954
0.709224 -0.549954 0.441081
0.709306 -0.633158 0.309832
0.709306 -0.633158 0.309832
0.709225 -0.549954 0.441080
0.709225 -0.549954 0.441080
0.709224 -0.549954 0.441081
0.709306 -0.633158 0.309832
-0.000000 0.973839 -0.227239
-0.000000 1.000000 0.000000
-0.000000 1.000000 -0.000000
-0.000000 1.000000 -0.000000
-0.000000 0.973839 -0.227239
-0.000000 0.973839 -0.227239
-0.000000 0.898223 -0.439540
-0.000000 0.973839 -0.227239
-0.000000 0.973839 -0.227239
-0.000000 0.973839 -0.227239
-0.000000 0.898222 -0.439541
-0.000000 0.898223 -0.439540
-0.000000 0.780093 -0.625663
-0.000000 0.898223 -0.439540
-0.000000 0.898222 -0.439541
-0.000000 0.898222 -0.439541
-0.000000 0.780093 -0.625664
-0.000000 0.780093 -0.625663
-0.000000 0.625658 -0.780097
-0.000000 0.780093 -0.625663
-0.000000 0.780093 -0.625664
-0.000000 0.780093 -0.625664
-0.000000 0.625658 -0.780097
-0.000000 0.625658 -0.780097
-0.000000 0.439539 -0.898223
-0.000000 0.625658 -0.780097
-0.000000 0.625658 -0.780097
-0.000000 0.625658 -0.780097
-0.000000 0.439539 -0.898223
-0.000000 0.439539 -0.898223
-0.000000 0.227242 -0.973838
-0.000000 0.439539 -0.898223
-0.000000 0.439539 -0.898223
-0.000000 0.439539 -0.898223
-0.000000 0.227242 -0.973838
-0.000000 0.227242 -0.973838
-0.000000 0.000000 -1.000000
-0.000000 0.227242 -0.973838
-0.000000 0.227242 -0.973838
-0.000000 0.227242 -0.973838
0.000000 -0.000000 -1.000000
-0.000000 0.000000 -1.000000
0.000000 -0.227242 -0.973838
-0.000000 0.000000 -1.000000
0.000000 -0.000000 -1.000000
0.000000 -0.000000 -1.000000
0.000000 -0.227242 -0.973838
0.000000 -0.227242 -0.973838
0.000000 -0.439539 -0.898223
0.000000 -0.227242 -0.973838
0.000000 -0.227242 -0.973838
0.000000 -0.227242 -0.973838
0.000000 -0.439540 -0.898223
0.000000 -0.439539 -0.898223
0.000000 -0.625659 -0.780097
0.000000 -0.439539 -0.898223
0.000000 -0.439540 -0.898223
0.000000 -0.439540 -0.898223
0.000000 -0.625658 -0.780097
0.000000 -0.625659 -0.780097
0.000000 -0.780096 -0.625660
0.000000 -0.625659 -0.780097
0.000000 -0.625658 -0.780097
0.000000 -0.625658 -0.780097
0.000000 -0.780095 -0.625661
0.000000 -0.780096 -0.625660
0.000000 -0.898223 -0.439539
0.000000 -0.780096 -0.625660
0.000000 -0.780095 -0.625661
0.000000 -0.780095 -0.625661
0.000000 -0.898223 -0.439539
0.000000 -0.898223 -0.439539
0.000000 -0.973838 -0.227242
0.000000 -0.898223 -0.439539
0.000000 -0.898223 -0.439539
0.000000 -0.898223 -0.439539
0.000000 -0.973839 -0.227241
0.000000 -0.973838 -0.227242
0.000000 -1.000000 -0.000000
0.000000 -0.973838 -0.227242
0.000000 -0.973839 -0.227241
0.000000 -0.973839 -0.227241
0.000000 -1.000000 0.000000
0.000000 -1.000000 -0.000000
0.000000 -0.973839 0.227239
0.000000 -1.000000 -0.000000
0.000000 -1.000000 0.000000
0.000000 -1.000000 0.000000
0.000000 -0.973839 0.227239
0.000000 -0.973839 0.227239
0.000000 -0.898223 0.439541
0.000000 -0.973839 0.227239
0.000000 -0.973839 0.227239
0.000000 -0.973839 0.227239
0.000000 -0.898223 0.439541
0.000000 -0.898223 0.439541
0.000000 -0.780093 0.625664
0.000000 -0.898223 0.439541
0.000000 -0.898223 0.439541
0.000000 -0.898223 0.439541
0.000000 -0.780093 0.625664
0.000000 -0.780093 0.625664
0.000000 -0.625659 0.780097
0.000000 -0.780093 0.625664
0.000000 -0.780093 0.625664
0.000000 -0.780093 0.625664
0.000000 -0.625658 0.780097
0.000000 -0.625659 0.780097
0.000000 -0.439540 0.898223
0.000000 -0.625659 0.780097
0.000000 -0.625658 0.780097
0.000000 -0.625658 0.780097
0.000000 -0.439540 0.898223
0.000000 -0.439540 0.898223
0.000000 -0.227242 0.973838
0.000000 -0.439540 0.898223
0.000000 -0.439540 0.898223
0.000000 -0.439540 0.898223
0.000000 -0.227242 0.973838
0.000000 -0.227242 0.973838
0.000000 -0.000000 1.000000
0.000000 -0.227242 0.973838
0.000000 -0.227242 0.973838
0.000000 -0.227242 0.973838
-0.000000 -0.000000 1.000000
0.000000 -0.000000 1.000000
-0.000000 0.227242 0.973838
0.000000 -0.000000 1.000000
-0.000000 -0.000000 1.000000
-0.000000 -0.000000 1.000000
-0.000000 0.227242 0.973838
-0.000000 0.227242 0.973838
-0.000000 0.439540 0.898223
-0.000000 0.227242 0.973838
-0.000000 0.227242 0.973838
-0.000000 0.227242 0.973838
-0.000000 0.439540 0.898223
-0.000000 0.439540 0.898223
-0.000000 0.625658 0.780097
-0.000000 0.439540 0.898223
-0.000000 0.439540 0.898223
-0.000000 0.439540 0.898223
-0.000000 0.625658 0.780097
-0.000000 0.625658 0.780097
-0.000000 0.780096 0.625661
-0.000000 0.625658 0.780097
-0.000000 0.625658 0.780097
-0.000000 0.625658 0.780097
-0.000000 0.780095 0.625661
-0.000000 0.780096 0.625661
-0.000000 0.898224 0.439538
-0.000000 0.780096 0.625661
-0.000000 0.780095 0.625661
-0.000000 0.780095 0.625661
-0.000000 0.898223 0.439539
-0.000000 0.898224 0.439538
-0.000000 0.973839 0.227241
-0.000000 0.898224 0.439538
-0.000000 0.898223 0.439539
-0.000000 0.898223 0.439539
-0.000000 0.973839 0.227241
-0.000000 0.973839 0.227241
-0.000000 1.000000 0.000000
-0.000000 0.973839 0.227241
-0.000000 0.973839 0.227241
-0.000000 0.973839 0.227241
-0.000000 1.000000 -0.000000
-0.000000 1.000000 0.000000
1.000000 0.000000 0.000000
1.000000 0.000000 0.000000
1.000000 0.000000 0.000000
1.000000 0.000000 0.000000
1.000000 0.000000 0.000000
1.000000 0.000000 0.000000
1.000000 0.000000 0.000000
1.000000 0.000000 0.000000
1.000000 0.000000 0.000000
1.000000 0.000000 0.000000
1.000000 0.000000 0.000000
1.000000 0.000000 0.000000
1.000000 0.000000 0.000000
1.000000 0.000000 0.000000
1.000000 0.000000 0.000000
1.000000 0.000000 0.000000
1.000000 0.000000 0.000000
1.000000 0.000000 0.000000
1.000000 0.000000 0.000000
1.000000 0.000000 0.000000
1.000000 0.000000 0.000000
1.000000 0.000000 0.000000
1.000000 0.000000 0.000000
1.000000 0.000000 0.000000
1.000000 0.000000 0.000000
1.000000 0.000000 0.000000
1.000000 0.000000 0.000000
1.000000 0.000000 0.000000
1.000000 0.000000 0.000000
1.000000 0.000000 0.000000
1.000000 0.000000 0.000000
1.000000 0.000000 0.000000
1.000000 0.000000 0.000000
1.000000 0.000000 0.000000
1.000000 0.000000 0.000000
1.000000 0.000000 0.000000
1.000000 0.000000 0.000000
1.000000 0.000000 0.000000
1.000000 0.000000 0.000000
1.000000 0.000000 0.000000
1.000000 0.000000 0.000000
1.000000 0.000000 0.000000
1.000000 0.000000 0.000000
1.000000 0.000000 0.000000
1.000000 0.000000 0.000000
1.000000 0.000000 0.000000
1.000000 0.000000 0.000000
1.000000 0.000000 0.000000
1.000000 0.000000 0.000000
1.000000 0.000000 0.000000
1.000000 0.000000 0.000000
1.000000 0.000000 0.000000
1.000000 0.000000 0.000000
1.000000 0.000000 0.000000
1.000000 0.000000 0.000000
1.000000 0.000000 0.000000
1.000000 0.000000 0.000000
1.000000 0.000000 0.000000
1.000000 0.000000 0.000000
1.000000 0.000000 0.000000
1.000000 0.000000 0.000000
1.000000 0.000000 0.000000
1.000000 0.000000 0.000000
1.000000 0.000000 0.000000
1.000000 0.000000 0.000000
1.000000 0.000000 0.000000
1.000000 0.000000 0.000000
1.000000 0.000000 0.000000
1.000000 0.000000 0.000000
1.000000 0.000000 0.000000
1.000000 0.000000 0.000000
1.000000 0.000000 0.000000
1.000000 0.000000 0.000000
1.000000 0.000000 0.000000
1.000000 0.000000 0.000000
1.000000 0.000000 0.000000
1.000000 0.000000 0.000000
1.000000 0.000000 0.000000
-1.000000 0.000000 0.000000
-1.000000 0.000000 0.000000
-1.000000 0.000000 0.000000
-1.000000 0.000000 0.000000
-1.000000 0.000000 0.000000
-1.000000 0.000000 0.000000
-1.000000 0.000000 0.000000
-1.000000 0.000000 0.000000
-1.000000 0.000000 0.000000
-1.000000 0.000000 0.000000
-1.000000 0.000000 0.000000
-1.000000 0.000000 0.000000
-1.000000 0.000000 0.000000
-1.000000 0.000000 0.000000
-1.000000 0.000000 0.000000
-1.000000 0.000000 0.000000
-1.000000 0.000000 0.000000
-1.000000 0.000000 0.000000
-1.000000 0.000000 0.000000
-1.000000 0.000000 0.000000
-1.000000 0.000000 0.000000
-1.000000 0.000000 0.000000
-1.000000 0.000000 0.000000
-1.000000 0.000000 0.000000
-1.000000 0.000000 0.000000
-1.000000 0.000000 0.000000
-1.000000 0.000000 0.000000
-1.000000 0.000000 0.000000
-1.000000 0.000000 0.000000
-1.000000 0.000000 0.000000
-1.000000 0.000000 0.000000
-1.000000 0.000000 0.000000
-1.000000 0.000000 0.000000
-1.000000 0.000000 0.000000
-1.000000 0.000000 0.000000
-1.000000 0.000000 0.000000
-1.000000 0.000000 0.000000
-1.000000 0.000000 0.000000
-1.000000 0.000000 0.000000
-1.000000 0.000000 0.000000
-1.000000 0.000000 0.000000
-1.000000 0.000000 0.000000
-1.000000 0.000000 0.000000
-1.000000 0.000000 0.000000
-1.000000 0.000000 0.000000
-1.000000 0.000000 0.000000
-1.000000 0.000000 0.000000
-1.000000 0.000000 0.000000
-1.000000 0.000000 0.000000
-1.000000 0.000000 0.000000
-1.000000 0.000000 0.000000
-1.000000 0.000000 0.000000
-1.000000 0.000000 0.000000
-1.000000 0.000000 0.000000
-1.000000 0.000000 0.000000
-1.000000 0.000000 0.000000
-1.000000 0.000000 0.000000
-1.000000 0.000000 0.000000
-1.000000 0.000000 0.000000
-1.000000 0.000000 0.000000
-1.000000 0.000000 0.000000
-1.000000 0.000000 0.000000
-1.000000 0.000000 0.000000
-1.000000 0.000000 0.000000
-1.000000 0.000000 0.000000
-1.000000 0.000000 0.000000
-1.000000 0.000000 0.000000
-1.000000 0.000000 0.000000
-1.000000 0.000000 0.000000
-1.000000 0.000000 0.000000
-1.000000 0.000000 0.000000
-1.000000 0.000000 0.000000
-1.000000 0.000000 0.000000
-1.000000 0.000000 0.000000
-1.000000 0.000000 0.000000
-1.000000 0.000000 0.000000
-1.000000 0.000000 0.000000
-1.000000 0.000000 0.000000
0.973839 -0.000000 -0.227239
1.000000 -0.000000 -0.000000
1.000000 0.000000 0.000000
1.000000 0.000000 0.000000
0.973839 -0.000000 -0.227241
0.973839 -0.000000 -0.227239
0.898223 -0.000000 -0.439541
0.973839 -0.000000 -0.227239
0.973839 -0.000000 -0.227241
0.973839 -0.000000 -0.227241
0.898224 -0.000000 -0.439539
0.898223 -0.000000 -0.439541
0.780093 -0.000000 -0.625664
0.898223 -0.000000 -0.439541
0.898224 -0.000000 -0.439539
0.898224 -0.000000 -0.439539
0.780095 -0.000000 -0.625661
0.780093 -0.000000 -0.625664
0.625659 -0.000000 -0.780097
0.780093 -0.000000 -0.625664
0.780095 -0.000000 -0.625661
0.780095 -0.000000 -0.625661
0.625659 -0.000000 -0.780097
0.625659 -0.000000 -0.780097
0.439545 -0.000000 -0.898221
0.625659 -0.000000 -0.780097
0.625659 -0.000000 -0.780097
0.625659 -0.000000 -0.780097
0.439539 -0.000000 -0.898223
0.439545 -0.000000 -0.898221
0.227242 -0.000000 -0.973838
0.439545 -0.000000 -0.898221
0.439539 -0.000000 -0.898223
0.439539 -0.000000 -0.898223
0.227242 -0.000000 -0.973838
0.227242 -0.000000 -0.973838
-0.000000 -0.000000 -1.000000
0.227242 -0.000000 -0.973838
0.227242 -0.000000 -0.973838
0.227242 -0.000000 -0.973838
0.000000 -0.000000 -1.000000
-0.000000 -0.000000 -1.000000
-0.227242 -0.000000 -0.973838
-0.000000 -0.000000 -1.000000
0.000000 -0.000000 -1.000000
0.000000 -0.000000 -1.000000
-0.227242 -0.000000 -0.973838
-0.227242 -0.000000 -0.973838
-0.439545 -0.000000 -0.898220
-0.227242 -0.000000 -0.973838
-0.227242 -0.000000 -0.973838
-0.227242 -0.000000 -0.973838
-0.439539 -0.000000 -0.898223
-0.439545 -0.000000 -0.898220
-0.625659 -0.000000 -0.780097
-0.439545 -0.000000 -0.898220
-0.439539 -0.000000 -0.898223
-0.439539 -0.000000 -0.898223
-0.625659 -0.000000 -0.780097
-0.625659 -0.000000 -0.780097
-0.780093 -0.000000 -0.625664
-0.625659 -0.000000 -0.780097
-0.625659 -0.000000 -0.780097
-0.625659 -0.000000 -0.780097
-0.780095 -0.000000 -0.625661
-0.780093 -0.000000 -0.625664
-0.898223 -0.000000 -0.439540
-0.780093 -0.000000 -0.625664
-0.780095 -0.000000 -0.625661
-0.780095 -0.000000 -0.625661
-0.898224 -0.000000 -0.439539
-0.898223 -0.000000 -0.439540
-0.973839 -0.000000 -0.227239
-0.898223 -0.000000 -0.439540
-0.898224 -0.000000 -0.439539
-0.898224 -0.000000 -0.439539
-0.973839 -0.000000 -0.227241
-0.973839 -0.000000 -0.227239
-1.000000 0.000000 0.000000
-0.973839 -0.000000 -0.227239
-0.973839 -0.000000 -0.227241
-0.973839 -0.000000 -0.227241
-1.000000 -0.000000 -0.000000
-1.000000 0.000000 0.000000
-0.973839 0.000000 0.227241
-1.000000 0.000000 0.000000
-1.000000 -0.000000 -0.000000
-1.000000 -0.000000 -0.000000
-0.973839 0.000000 0.227241
-0.973839 0.000000 0.227241
-0.898223 0.000000 0.439539
-0.973839 0.000000 0.227241
-0.973839 0.000000 0.227241
-0.973839 0.000000 0.227241
-0.898224 0.000000 0.439539
-0.898223 0.000000 0.439539
-0.780095 0.000000 0.625661
-0.898223 0.000000 0.439539
-0.898224 0.000000 0.439539
-0.898224 0.000000 0.439539
-0.780095 0.000000 0.625661
-0.780095 0.000000 0.625661
-0.625659 0.000000 0.780097
-0.780095 0.000000 0.625661
-0.780095 0.000000 0.625661
-0.780095 0.000000 0.625661
-0.625659 0.000000 0.780097
-0.625659 0.000000 0.780097
-0.439539 0.000000 0.898223
-0.625659 0.000000 0.780097
-0.625659 0.000000 0.780097
-0.625659 0.000000 0.780097
-0.439545 0.000000 0.898220
-0.439539 0.000000 0.898223
-0.227242 0.000000 0.973838
-0.439539 0.000000 0.898223
-0.439545 0.000000 0.898220
-0.439545 0.000000 0.898220
-0.227236 0.000000 0.973840
-0.227242 0.000000 0.973838
0.000000 0.000000 1.000000
-0.227242 0.000000 0.973838
-0.227236 0.000000 0.973840
-0.227236 0.000000 0.973840
-0.000000 0.000000 1.000000
0.000000 0.000000 1.000000
0.227242 0.000000 0.973838
0.000000 0.000000 1.000000
-0.000000 0.000000 1.000000
-0.000000 0.000000 1.000000
0.227235 0.000000 0.973840
0.227242 0.000000 0.973838
0.439540 0.000000 0.898223
0.227242 0.000000 0.973838
0.227235 0.000000 0.973840
0.227235 0.000000 0.973840
0.439545 0.000000 0.898221
0.439540 0.000000 0.898223
0.625659 0.000000 0.780097
0.439540 0.000000 0.898223
0.439545 0.000000 0.898221
0.439545 0.000000 0.898221
0.625659 0.000000 0.780097
0.625659 0.000000 0.780097
0.780095 0.000000 0.625661
0.625659 0.000000 0.780097
0.625659 0.000000 0.780097
0.625659 0.000000 0.780097
0.780095 0.000000 0.625661
0.780095 0.000000 0.625661
0.898224 0.000000 0.439539
0.780095 0.000000 0.625661
0.780095 0.000000 0.625661
0.780095 0.000000 0.625661
0.898223 0.000000 0.439539
0.898224 0.000000 0.439539
0.973839 0.000000 0.227241
0.898224 0.000000 0.439539
0.898223 0.000000 0.439539
0.898223 0.000000 0.439539
0.973838 0.000000 0.227242
0.973839 0.000000 0.227241
1.000000 -0.000000 -0.000000
0.973839 0.000000 0.227241
0.973838 0.000000 0.227242
0.973838 0.000000 0.227242
1.000000 0.000000 0.000000
1.000000 -0.000000 -0.000000
0.000000 -1.000000 0.000000
0.000000 -1.000000 0.000000
0.000000 -1.000000 0.000000
0.000000 -1.000000 0.000000
0.000000 -1.000000 0.000000
0.000000 -1.000000 0.000000
0.000000 -1.000000 0.000000
0.000000 -1.000000 0.000000
0.000000 -1.000000 0.000000
0.000000 -1.000000 0.000000
0.000000 -1.000000 0.000000
0.000000 -1.000000 0.000000
0.000000 -1.000000 0.000000
0.000000 -1.000000 0.000000
0.000000 -1.000000 0.000000
0.000000 -1.000000 0.000000
0.000000 -1.000000 0.000000
0.000000 -1.000000 0.000000
0.000000 -1.000000 0.000000
0.000000 -1.000000 0.000000
0.000000 -1.000000 0.000000
0.000000 -1.000000 0.000000
0.000000 -1.000000 0.000000
0.000000 -1.000000 0.000000
0.000000 -1.000000 0.000000
0.000000 -1.000000 0.000000
0.000000 -1.000000 0.000000
0.000000 -1.000000 0.000000
0.000000 -1.000000 0.000000
0.000000 -1.000000 0.000000
0.000000 -1.000000 0.000000
0.000000 -1.000000 0.000000
0.000000 -1.000000 0.000000
0.000000 -1.000000 0.000000
0.000000 -1.000000 0.000000
0.000000 -1.000000 0.000000
0.000000 -1.000000 0.000000
0.000000 -1.000000 0.000000
0.000000 -1.000000 0.000000
0.000000 -1.000000 0.000000
0.000000 -1.000000 0.000000
0.000000 -1.000000 0.000000
0.000000 -1.000000 0.000000
0.000000 -1.000000 0.000000
0.000000 -1.000000 0.000000
0.000000 -1.000000 0.000000
0.000000 -1.000000 0.000000
0.000000 -1.000000 0.000000
0.000000 -1.000000 0.000000
0.000000 -1.000000 0.000000
0.000000 -1.000000 0.000000
0.000000 -1.000000 0.000000
0.000000 -1.000000 0.000000
0.000000 -1.000000 0.000000
0.000000 -1.000000 0.000000
0.000000 -1.000000 0.000000
0.000000 -1.000000 0.000000
0.000000 -1.000000 0.000000
0.000000 -1.000000 0.000000
0.000000 -1.000000 0.000000
0.000000 -1.000000 0.000000
0.000000 -1.000000 0.000000
0.000000 -1.000000 0.000000
0.000000 -1.000000 0.000000
0.000000 -1.000000 0.000000
0.000000 -1.000000 0.000000
0.000000 -1.000000 0.000000
0.000000 -1.000000 0.000000
0.000000 -1.000000 0.000000
0.000000 -1.000000 0.000000
0.000000 -1.000000 0.000000
0.000000 -1.000000 0.000000
0.000000 -1.000000 0.000000
0.000000 -1.000000 0.000000
0.000000 -1.000000 0.000000
0.000000 -1.000000 0.000000
0.000000 -1.000000 0.000000
0.000000 -1.000000 0.000000
0.000000 1.000000 0.000000
0.000000 1.000000 0.000000
0.000000 1.000000 0.000000
0.000000 1.000000 0.000000
0.000000 1.000000 0.000000
0.000000 1.000000 0.000000
0.000000 1.000000 0.000000
0.000000 1.000000 0.000000
0.000000 1.000000 0.000000
0.000000 1.000000 0.000000
0.000000 1.000000 0.000000
0.000000 1.000000 0.000000
0.000000 1.000000 0.000000
0.000000 1.000000 0.000000
0.000000 1.000000 0.000000
0.000000 1.000000 0.000000
0.000000 1.000000 0.000000
0.000000 1.000000 0.000000
0.000000 1.000000 0.000000
0.000000 1.000000 0.000000
0.000000 1.000000 0.000000
0.000000 1.000000 0.000000
0.000000 1.000000 0.000000
0.000000 1.000000 0.000000
0.000000 1.000000 0.000000
0.000000 1.000000 0.000000
0.000000 1.000000 0.000000
0.000000 1.000000 0.000000
0.000000 1.000000 0.000000
0.000000 1.000000 0.000000
0.000000 1.000000 0.000000
0.000000 1.000000 0.000000
0.000000 1.000000 0.000000
0.000000 1.000000 0.000000
0.000000 1.000000 0.000000
0.000000 1.000000 0.000000
0.000000 1.000000 0.000000
0.000000 1.000000 0.000000
0.000000 1.000000 0.000000
0.000000 1.000000 0.000000
0.000000 1.000000 0.000000
0.000000 1.000000 0.000000
0.000000 1.000000 0.000000
0.000000 1.000000 0.000000
0.000000 1.000000 0.000000
0.000000 1.000000 0.000000
0.000000 1.000000 0.000000
0.000000 1.000000 0.000000
0.000000 1.000000 0.000000
0.000000 1.000000 0.000000
0.000000 1.000000 0.000000
0.000000 1.000000 0.000000
0.000000 1.000000 0.000000
0.000000 1.000000 0.000000
0.000000 1.000000 0.000000
0.000000 1.000000 0.000000
0.000000 1.000000 0.000000
0.000000 1.000000 0.000000
0.000000 1.000000 0.000000
0.000000 1.000000 0.000000
0.000000 1.000000 0.000000
0.000000 1.000000 0.000000
0.000000 1.000000 0.000000
0.000000 1.000000 0.000000
0.000000 1.000000 0.000000
0.000000 1.000000 0.000000
0.000000 1.000000 0.000000
0.000000 1.000000 0.000000
0.000000 1.000000 0.000000
0.000000 1.000000 0.000000
0.000000 1.000000 0.000000
0.000000 1.000000 0.000000
0.000000 1.000000 0.000000
0.000000 1.000000 0.000000
0.000000 1.000000 0.000000
0.000000 1.000000 0.000000
0.000000 1.000000 0.000000
0.000000 1.000000 0.000000
0.000000 -0.000000 -1.000000
-0.227240 -0.000000 -0.973839
-0.227240 -0.000000 -0.973839
-0.227240 -0.000000 -0.973839
-0.114617 0.000000 -0.993410
-0.028659 -0.014431 -0.999485
0.000000 -0.000000 -1.000000
-0.227240 -0.000000 -0.973839
-0.028659 -0.014431 -0.999485
0.000000 -0.000000 -1.000000
-0.028659 -0.014431 -0.999485
0.144680 -0.057854 -0.987786
0.144680 -0.057854 -0.987786
0.227240 -0.000000 -0.973839
0.000000 -0.000000 -1.000000
-0.227240 -0.000000 -0.973839
-0.439541 -0.000000 -0.898222
-0.439541 -0.000000 -0.898222
-0.439541 -0.000000 -0.898222
-0.227240 -0.000000 -0.973839
-0.227240 -0.000000 -0.973839
-0.227240 -0.000000 -0.973839
-0.227240 -0.000000 -0.973839
0.000000 -0.000000 -1.000000
0.000000 -0.000000 -1.000000
-0.028659 0.014431 -0.999485
-0.114617 0.000000 -0.993410
-0.227240 -0.000000 -0.973839
0.000000 -0.000000 -1.000000
-0.114617 0.000000 -0.993410
0.144680 -0.057854 -0.987786
0.316782 -0.116565 -0.941308
0.439540 -0.000000 -0.898223
0.439540 -0.000000 -0.898223
0.227240 -0.000000 -0.973839
0.144680 -0.057854 -0.987786
0.973839 0.000000 0.227240
1.000000 0.000000 0.000000
0.929835 -0.367977 0.000000
0.929835 -0.367977 0.000000
0.889310 -0.348964 0.295553
0.973839 0.000000 0.227240
0.973839 0.000000 0.227240
0.889310 -0.348964 0.295553
0.783204 -0.300779 0.544172
0.783204 -0.300779 0.544172
0.898223 0.000000 0.439540
0.973839 0.000000 0.227240
0.898223 0.000000 0.439540
0.783204 -0.300779 0.544172
0.641333 -0.239848 0.728810
0.641333 -0.239848 0.728810
0.780095 0.000000 0.625661
0.898223 0.000000 0.439540
0.780095 0.000000 0.625661
0.641333 -0.239848 0.728810
0.483279 -0.177196 0.857346
0.483279 -0.177196 0.857346
0.625661 0.000000 0.780095
0.780095 0.000000 0.625661
0.625661 0.000000 0.780095
0.483279 -0.177196 0.857346
0.316783 -0.116565 0.941308
0.316783 -0.116565 0.941308
0.439541 0.000000 0.898223
0.625661 0.000000 0.780095
0.439541 0.000000 0.898223
0.316783 -0.116565 0.941308
0.144680 -0.057854 0.987786
0.144680 -0.057854 0.987786
0.227240 0.000000 0.973839
0.439541 0.000000 0.898223
0.227240 0.000000 0.973839
0.144680 -0.057854 0.987786
-0.028659 -0.014431 0.999485
-0.028659 -0.014431 0.999485
0.000000 0.000000 1.000000
0.227240 0.000000 0.973839
0.000000 0.000000 1.000000
-0.028659 -0.014431 0.999485
-0.114617 -0.000000 0.993410
0.000000 0.000000 1.000000
-0.114617 -0.000000 0.993410
-0.227240 0.000000 0.973839
0.000000 0.000000 1.000000
-0.227240 0.000000 0.973839
-0.227240 0.000000 0.973839
-0.227240 0.000000 0.973839
-0.227240 0.000000 0.973839
-0.439540 0.000000 0.898223
-0.439540 0.000000 0.898223
-0.439540 0.000000 0.898223
-0.227240 0.000000 0.973839
-0.439540 0.000000 0.898223
-0.439540 0.000000 0.898223
-0.625661 0.000000 0.780095
-0.625661 0.000000 0.780095
-0.625661 0.000000 0.780095
-0.439540 0.000000 0.898223
-0.625661 0.000000 0.780095
-0.625661 0.000000 0.780095
-0.780095 0.000000 0.625661
-0.780095 0.000000 0.625661
-0.780095 0.000000 0.625661
-0.625661 0.000000 0.780095
-0.780095 0.000000 0.625661
-0.780095 0.000000 0.625661
-0.898223 0.000000 0.439541
-0.898223 0.000000 0.439541
-0.898223 0.000000 0.439541
-0.780095 0.000000 0.625661
-0.898223 0.000000 0.439541
-0.898223 0.000000 0.439541
-0.973839 0.000000 0.227240
-0.973839 0.000000 0.227240
-0.973839 0.000000 0.227240
-0.898223 0.000000 0.439541
-0.973839 0.000000 0.227240
-0.973839 0.000000 0.227240
-1.000000 -0.000000 -0.000000
-1.000000 -0.000000 -0.000000
-1.000000 -0.000000 -0.000000
-0.973839 0.000000 0.227240
-1.000000 -0.000000 -0.000000
-1.000000 -0.000000 -0.000000
-0.973839 -0.000000 -0.227240
-0.973839 -0.000000 -0.227240
-0.973839 -0.000000 -0.227240
-1.000000 -0.000000 -0.000000
-0.973839 -0.000000 -0.227240
-0.973839 -0.000000 -0.227240
-0.898223 -0.000000 -0.439540
-0.898223 -0.000000 -0.439540
-0.898223 -0.000000 -0.439540
-0.973839 -0.000000 -0.227240
-0.898223 -0.000000 -0.439540
-0.898223 -0.000000 -0.439540
-0.780095 -0.000000 -0.625661
-0.780095 -0.000000 -0.625661
-0.780095 -0.000000 -0.625661
-0.898223 -0.000000 -0.439540
-0.780095 -0.000000 -0.625661
-0.780095 -0.000000 -0.625661
-0.625661 -0.000000 -0.780095
-0.625661 -0.000000 -0.780095
-0.625661 -0.000000 -0.780095
-0.780095 -0.000000 -0.625661
-0.625661 -0.000000 -0.780095
-0.625661 -0.000000 -0.780095
-0.439541 -0.000000 -0.898222
-0.439541 -0.000000 -0.898222
-0.439541 -0.000000 -0.898222
-0.625661 -0.000000 -0.780095
0.439540 -0.000000 -0.898223
0.316782 -0.116565 -0.941308
0.483279 -0.177196 -0.857346
0.483279 -0.177196 -0.857346
0.625661 -0.000000 -0.780095
0.439540 -0.000000 -0.898223
0.625661 -0.000000 -0.780095
0.483279 -0.177196 -0.857346
0.641333 -0.239849 -0.728810
0.641333 -0.239849 -0.728810
0.780095 -0.000000 -0.625661
0.625661 -0.000000 -0.780095
0.780095 -0.000000 -0.625661
0.641333 -0.239849 -0.728810
0.783204 -0.300779 -0.544173
0.783204 -0.300779 -0.544173
0.898223 -0.000000 -0.439541
0.780095 -0.000000 -0.625661
0.898223 -0.000000 -0.439541
0.783204 -0.300779 -0.544173
0.889310 -0.348965 -0.295553
0.889310 -0.348965 -0.295553
0.973839 -0.000000 -0.227240
0.898223 -0.000000 -0.439541
0.973839 -0.000000 -0.227240
0.889310 -0.348965 -0.295553
0.929835 -0.367977 0.000000
0.929835 -0.367977 0.000000
1.000000 0.000000 0.000000
0.973839 -0.000000 -0.227240
-0.227240 -0.000000 -0.973839
-0.439541 -0.000000 -0.898222
-0.439541 -0.000000 -0.898223
-0.439541 -0.000000 -0.898223
-0.227240 -0.000000 -0.973839
-0.227240 -0.000000 -0.973839
-0.028659 0.014431 -0.999485
0.000000 -0.000000 -1.000000
0.227240 -0.000000 -0.973839
0.227240 -0.000000 -0.973839
0.144680 0.057854 -0.987786
-0.028659 0.014431 -0.999485
-0.028659 0.014431 0.999485
-0.000000 0.000000 1.000000
-0.227240 0.000000 0.973839
-0.028659 0.014431 0.999485
-0.227240 0.000000 0.973839
-0.227240 0.000000 0.973839
-0.114617 -0.000000 0.993410
-0.028659 0.014431 0.999485
-0.227240 0.000000 0.973839
-0.227240 0.000000 0.973839
-0.227240 0.000000 0.973839
-0.439540 0.000000 0.898223
-0.439540 0.000000 0.898223
-0.439540 0.000000 0.898223
-0.227240 0.000000 0.973839
-0.439540 0.000000 0.898223
-0.439540 0.000000 0.898223
-0.625661 0.000000 0.780095
-0.625661 0.000000 0.780095
-0.625661 0.000000 0.780095
-0.439540 0.000000 0.898223
-0.625661 0.000000 0.780095
-0.625661 0.000000 0.780095
-0.780095 0.000000 0.625661
-0.780095 0.000000 0.625661
-0.780095 0.000000 0.625661
-0.625661 0.000000 0.780095
-0.780095 0.000000 0.625661
-0.780095 0.000000 0.625661
-0.898223 0.000000 0.439541
-0.898223 0.000000 0.439541
-0.898223 0.000000 0.439541
-0.780095 0.000000 0.625661
-0.898223 0.000000 0.439541
-0.898223 0.000000 0.439541
-0.973839 0.000000 0.227240
-0.973839 0.000000 0.227240
-0.973839 0.000000 0.227240
-0.898223 0.000000 0.439541
-0.973839 0.000000 0.227240
-0.973839 0.000000 0.227240
-1.000000 -0.000000 -0.000000
-1.000000 -0.000000 -0.000000
-1.000000 -0.000000 -0.000000
-0.973839 0.000000 0.227240
-1.000000 -0.000000 -0.000000
-1.000000 -0.000000 -0.000000
-0.973839 -0.000000 -0.227240
-0.973839 -0.000000 -0.227240
-0.973839 -0.000000 -0.227240
-1.000000 -0.000000 -0.000000
-0.973839 -0.000000 -0.227240
-0.973839 -0.000000 -0.227240
-0.898223 -0.000000 -0.439540
-0.898223 -0.000000 -0.439540
-0.898223 -0.000000 -0.439540
-0.973839 -0.000000 -0.227240
-0.898223 -0.000000 -0.439540
-0.898223 -0.000000 -0.439540
-0.780095 -0.000000 -0.625661
-0.780095 -0.000000 -0.625661
-0.780095 -0.000000 -0.625661
-0.898223 -0.000000 -0.439540
-0.780095 -0.000000 -0.625661
-0.780095 -0.000000 -0.625661
-0.625661 -0.000000 -0.780095
-0.625661 -0.000000 -0.780095
-0.625661 -0.000000 -0.780095
-0.780095 -0.000000 -0.625661
-0.439541 -0.000000 -0.898222
-0.625661 -0.000000 -0.780095
-0.625661 -0.000000 -0.780095
-0.625661 -0.000000 -0.780095
-0.439541 -0.000000 -0.898223
-0.439541 -0.000000 -0.898222
0.227240 -0.000000 -0.973839
0.439540 -0.000000 -0.898223
0.316783 0.116565 -0.941308
0.316783 0.116565 -0.941308
0.144680 0.057854 -0.987786
0.227240 -0.000000 -0.973839
0.973839 0.000000 0.227240
0.898223 0.000000 0.439540
0.783204 0.300779 0.544172
0.783204 0.300779 0.544172
0.889310 0.348964 0.295553
0.973839 0.000000 0.227240
0.973839 0.000000 0.227240
0.889310 0.348964 0.295553
0.929835 0.367976 -0.000000
0.929835 0.367976 -0.000000
1.000000 0.000000 0.000000
0.973839 0.000000 0.227240
1.000000 0.000000 0.000000
0.929835 0.367976 -0.000000
0.889310 0.348964 -0.295553
0.889310 0.348964 -0.295553
0.973839 -0.000000 -0.227240
1.000000 0.000000 0.000000
0.973839 -0.000000 -0.227240
0.889310 0.348964 -0.295553
0.783204 0.300779 -0.544172
0.783204 0.300779 -0.544172
0.898223 -0.000000 -0.439541
0.973839 -0.000000 -0.227240
0.783204 0.300779 -0.544172
0.641333 0.239848 -0.728810
0.780095 -0.000000 -0.625661
0.780095 -0.000000 -0.625661
0.898223 -0.000000 -0.439541
0.783204 0.300779 -0.544172
0.641333 0.239848 -0.728810
0.483279 0.177196 -0.857347
0.625661 -0.000000 -0.780095
0.625661 -0.000000 -0.780095
0.780095 -0.000000 -0.625661
0.641333 0.239848 -0.728810
0.625661 -0.000000 -0.780095
0.483279 0.177196 -0.857347
0.316783 0.116565 -0.941308
0.316783 0.116565 -0.941308
0.439540 -0.000000 -0.898223
0.625661 -0.000000 -0.780095
-0.028659 0.014431 0.999485
0.144680 0.057854 0.987786
0.227240 0.000000 0.973839
0.227240 0.000000 0.973839
-0.000000 0.000000 1.000000
-0.028659 0.014431 0.999485
0.227240 0.000000 0.973839
0.144680 0.057854 0.987786
0.316783 0.116565 0.941308
0.316783 0.116565 0.941308
0.439541 0.000000 0.898223
0.227240 0.000000 0.973839
0.439541 0.000000 0.898223
0.316783 0.116565 0.941308
0.483279 0.177196 0.857346
0.483279 0.177196 0.857346
0.625661 0.000000 0.780095
0.439541 0.000000 0.898223
0.625661 0.000000 0.780095
0.483279 0.177196 0.857346
0.641333 0.239849 0.728810
0.641333 0.239849 0.728810
0.780095 0.000000 0.625661
0.625661 0.000000 0.780095
0.780095 0.000000 0.625661
0.641333 0.239849 0.728810
0.783204 0.300779 0.544172
0.783204 0.300779 0.544172
0.898223 0.000000 0.439540
0.780095 0.000000 0.625661
0.348965 -0.889310 0.295553
0.000000 -0.973839 0.227240
0.000000 -0.898223 0.439540
0.000000 -0.898223 0.439540
0.300779 -0.783204 0.544172
0.348965 -0.889310 0.295553
0.348965 -0.889310 0.295553
0.367976 -0.929835 0.000000
-0.000000 -1.000000 0.000001
-0.000000 -1.000000 0.000001
0.000000 -0.973839 0.227240
0.348965 -0.889310 0.295553
0.367976 -0.929835 0.000000
0.348964 -0.889310 -0.295553
-0.000000 -0.973839 -0.227240
-0.000000 -0.973839 -0.227240
-0.000000 -1.000000 0.000001
0.367976 -0.929835 0.000000
-0.000000 -0.898223 -0.439541
-0.000000 -0.973839 -0.227240
0.348964 -0.889310 -0.295553
0.348964 -0.889310 -0.295553
0.300779 -0.783204 -0.544173
-0.000000 -0.898223 -0.439541
0.239849 -0.641333 -0.728810
-0.000000 -0.780095 -0.625660
-0.000000 -0.898223 -0.439541
-0.000000 -0.898223 -0.439541
0.300779 -0.783204 -0.544173
0.239849 -0.641333 -0.728810
0.177196 -0.483279 -0.857347
-0.000000 -0.625661 -0.780095
-0.000000 -0.780095 -0.625660
-0.000000 -0.780095 -0.625660
0.239849 -0.641333 -0.728810
0.177196 -0.483279 -0.857347
-0.000000 -0.439541 -0.898223
-0.000000 -0.625661 -0.780095
0.177196 -0.483279 -0.857347
0.177196 -0.483279 -0.857347
0.116565 -0.316782 -0.941308
-0.000000 -0.439541 -0.898223
0.057854 -0.144680 -0.987786
-0.000000 -0.227240 -0.973839
-0.000000 -0.439541 -0.898223
-0.000000 -0.439541 -0.898223
0.116565 -0.316782 -0.941308
0.057854 -0.144680 -0.987786
0.028802 -0.000000 -0.999585
0.000000 0.000000 -1.000000
-0.000000 -0.227240 -0.973839
-0.000000 -0.227240 -0.973839
0.057854 -0.144680 -0.987786
0.028802 -0.000000 -0.999585
0.028802 -0.000000 -0.999585
0.057854 0.144680 -0.987786
0.000000 0.227240 -0.973839
0.000000 0.227240 -0.973839
0.000000 0.000000 -1.000000
0.028802 -0.000000 -0.999585
0.116566 0.316782 -0.941308
-0.000000 0.439540 -0.898223
0.000000 0.227240 -0.973839
0.000000 0.227240 -0.973839
0.057854 0.144680 -0.987786
0.116566 0.316782 -0.941308
0.177196 0.483279 -0.857347
0.000000 0.625661 -0.780095
-0.000000 0.439540 -0.898223
-0.000000 0.439540 -0.898223
0.116566 0.316782 -0.941308
0.177196 0.483279 -0.857347
0.239849 0.641333 -0.728811
0.000000 0.780095 -0.625661
0.000000 0.625661 -0.780095
0.000000 0.625661 -0.780095
0.177196 0.483279 -0.857347
0.239849 0.641333 -0.728811
0.300779 0.783204 -0.544172
0.000000 0.898223 -0.439540
0.000000 0.780095 -0.625661
0.000000 0.780095 -0.625661
0.239849 0.641333 -0.728811
0.300779 0.783204 -0.544172
0.348965 0.889310 -0.295553
0.000000 0.973839 -0.227240
0.000000 0.898223 -0.439540
0.000000 0.898223 -0.439540
0.300779 0.783204 -0.544172
0.348965 0.889310 -0.295553
0.000000 1.000000 -0.000001
0.000000 0.973839 -0.227240
0.348965 0.889310 -0.295553
0.348965 0.889310 -0.295553
0.367977 0.929835 -0.000001
0.000000 1.000000 -0.000001
0.000000 0.973839 0.227240
0.000000 1.000000 -0.000001
0.367977 0.929835 -0.000001
0.367977 0.929835 -0.000001
0.348965 0.889310 0.295553
0.000000 0.973839 0.227240
0.348965 0.889310 0.295553
0.300779 0.783204 0.544172
0.000000 0.898223 0.439541
0.000000 0.898223 0.439541
0.000000 0.973839 0.227240
0.348965 0.889310 0.295553
0.300779 0.783204 0.544172
0.239849 0.641333 0.728810
0.000000 0.780095 0.625661
0.000000 0.780095 0.625661
0.000000 0.898223 0.439541
0.300779 0.783204 0.544172
0.177196 0.483279 0.857346
0.000000 0.625661 0.780095
0.000000 0.780095 0.625661
0.000000 0.780095 0.625661
0.239849 0.641333 0.728810
0.177196 0.483279 0.857346
0.116566 0.316782 0.941308
0.000000 0.439541 0.898223
0.000000 0.625661 0.780095
0.000000 0.625661 0.780095
0.177196 0.483279 0.857346
0.116566 0.316782 0.941308
0.000000 0.227240 0.973839
0.000000 0.439541 0.898223
0.116566 0.316782 0.941308
0.116566 0.316782 0.941308
0.057854 0.144680 0.987786
0.000000 0.227240 0.973839
0.028802 0.000000 0.999585
0.000000 0.000000 1.000000
0.000000 0.227240 0.973839
0.000000 0.227240 0.973839
0.057854 0.144680 0.987786
0.028802 0.000000 0.999585
0.057854 -0.144680 0.987786
-0.000000 -0.227240 0.973839
0.000000 0.000000 1.000000
0.000000 0.000000 1.000000
0.028802 0.000000 0.999585
0.057854 -0.144680 0.987786
0.116566 -0.316782 0.941308
-0.000000 -0.439541 0.898223
-0.000000 -0.227240 0.973839
-0.000000 -0.227240 0.973839
0.057854 -0.144680 0.987786
0.116566 -0.316782 0.941308
0.177196 -0.483279 0.857347
-0.000000 -0.625661 0.780095
-0.000000 -0.439541 0.898223
-0.000000 -0.439541 0.898223
0.116566 -0.316782 0.941308
0.177196 -0.483279 0.857347
0.239849 -0.641333 0.728811
-0.000000 -0.780095 0.625661
-0.000000 -0.625661 0.780095
-0.000000 -0.625661 0.780095
0.177196 -0.483279 0.857347
0.239849 -0.641333 0.728811
0.300779 -0.783204 0.544172
0.000000 -0.898223 0.439540
-0.000000 -0.780095 0.625661
-0.000000 -0.780095 0.625661
0.239849 -0.641333 0.728811
0.300779 -0.783204 0.544172
0.000000 -1.000000 0.000000
0.000000 -1.000000 0.000000
0.000000 -1.000000 0.000000
0.000000 -1.000000 0.000000
0.000000 -1.000000 0.000000
0.000000 -1.000000 0.000000
0.000000 -1.000000 0.000000
0.000000 -1.000000 0.000000
0.000000 -1.000000 0.000000
0.000000 -1.000000 0.000000
0.000000 -1.000000 0.000000
0.000000 -1.000000 0.000000
0.000000 -1.000000 0.000000
0.000000 -1.000000 0.000000
0.000000 -1.000000 0.000000
0.000000 -1.000000 0.000000
0.000000 -1.000000 0.000000
0.000000 -1.000000 0.000000
0.000000 -1.000000 0.000000
0.000000 -1.000000 0.000000
0.000000 -1.000000 0.000000
0.000000 -1.000000 0.000000
0.000000 -1.000000 0.000000
0.000000 -1.000000 0.000000
0.000000 -1.000000 0.000000
0.000000 -1.000000 0.000000
0.000000 -1.000000 0.000000
0.000000 -1.000000 0.000000
0.000000 -1.000000 0.000000
0.000000 -1.000000 0.000000
0.000000 -1.000000 0.000000
0.000000 -1.000000 0.000000
0.000000 -1.000000 0.000000
0.000000 -1.000000 0.000000
0.000000 -1.000000 0.000000
0.000000 -1.000000 0.000000
0.000000 -1.000000 0.000000
0.000000 -1.000000 0.000000
0.000000 -1.000000 0.000000
0.000000 -1.000000 0.000000
0.000000 -1.000000 0.000000
0.000000 -1.000000 0.000000
0.000000 -1.000000 0.000000
0.000000 -1.000000 0.000000
0.000000 -1.000000 0.000000
0.000000 -1.000000 0.000000
0.000000 -1.000000 0.000000
0.000000 -1.000000 0.000000
0.000000 -1.000000 0.000000
0.000000 -1.000000 0.000000
0.000000 -1.000000 0.000000
0.000000 -1.000000 0.000000
0.000000 -1.000000 0.000000
0.000000 -1.000000 0.000000
0.000000 -1.000000 0.000000
0.000000 -1.000000 0.000000
0.000000 -1.000000 0.000000
0.000000 -1.000000 0.000000
0.000000 -1.000000 0.000000
0.000000 -1.000000 0.000000
0.000000 -1.000000 0.000000
0.000000 -1.000000 0.000000
0.000000 -1.000000 0.000000
0.000000 -1.000000 0.000000
0.000000 -1.000000 0.000000
0.000000 -1.000000 0.000000
0.000000 -1.000000 0.000000
0.000000 -1.000000 0.000000
0.000000 -1.000000 0.000000
0.000000 -1.000000 0.000000
0.000000 -1.000000 0.000000
0.000000 -1.000000 0.000000
0.000000 -1.000000 0.000000
0.000000 -1.000000 0.000000
0.000000 -1.000000 0.000000
0.000000 -1.000000 0.000000
0.000000 -1.000000 0.000000
0.000000 -1.000000 0.000000
0.000000 1.000000 0.000000
0.000000 1.000000 0.000000
0.000000 1.000000 0.000000
0.000000 1.000000 0.000000
0.000000 1.000000 0.000000
0.000000 1.000000 0.000000
0.000000 1.000000 0.000000
0.000000 1.000000 0.000000
0.000000 1.000000 0.000000
0.000000 1.000000 0.000000
0.000000 1.000000 0.000000
0.000000 1.000000 0.000000
0.000000 1.000000 0.000000
0.000000 1.000000 0.000000
0.000000 1.000000 0.000000
0.000000 1.000000 0.000000
0.000000 1.000000 0.000000
0.000000 1.000000 0.000000
0.000000 1.000000 0.000000
0.000000 1.000000 0.000000
0.000000 1.000000 0.000000
0.000000 1.000000 0.000000
0.000000 1.000000 0.000000
0.000000 1.000000 0.000000
0.000000 1.000000 0.000000
0.000000 1.000000 0.000000
0.000000 1.000000 0.000000
0.000000 1.000000 0.000000
0.000000 1.000000 0.000000
0.000000 1.000000 0.000000
0.000000 1.000000 0.000000
0.000000 1.000000 0.000000
0.000000 1.000000 0.000000
0.000000 1.000000 0.000000
0.000000 1.000000 0.000000
0.000000 1.000000 0.000000
0.000000 1.000000 0.000000
0.000000 1.000000 0.000000
0.000000 1.000000 0.000000
0.000000 1.000000 0.000000
0.000000 1.000000 0.000000
0.000000 1.000000 0.000000
0.000000 1.000000 0.000000
0.000000 1.000000 0.000000
0.000000 1.000000 0.000000
0.000000 1.000000 0.000000
0.000000 1.000000 0.000000
0.000000 1.000000 0.000000
0.000000 1.000000 0.000000
0.000000 1.000000 0.000000
0.000000 1.000000 0.000000
0.000000 1.000000 0.000000
0.000000 1.000000 0.000000
0.000000 1.000000 0.000000
0.000000 1.000000 0.000000
0.000000 1.000000 0.000000
0.000000 1.000000 0.000000
0.000000 1.000000 0.000000
0.000000 1.000000 0.000000
0.000000 1.000000 0.000000
0.000000 1.000000 0.000000
0.000000 1.000000 0.000000
0.000000 1.000000 0.000000
0.000000 1.000000 0.000000
0.000000 1.000000 0.000000
0.000000 1.000000 0.000000
0.000000 1.000000 0.000000
0.000000 1.000000 0.000000
0.000000 1.000000 0.000000
0.000000 1.000000 0.000000
0.000000 1.000000 0.000000
0.000000 1.000000 0.000000
0.000000 1.000000 0.000000
0.000000 1.000000 0.000000
0.000000 1.000000 0.000000
0.000000 1.000000 0.000000
0.000000 1.000000 0.000000
0.000000 1.000000 0.000000
1.000000 -0.000003 0.000000
1.000000 0.000006 0.000002
1.000000 -0.000000 0.000000
1.000000 -0.000000 0.000000
1.000000 0.000000 0.000000
1.000000 0.000000 0.000000
1.000000 0.000000 0.000000
1.000000 0.000000 0.000000
1.000000 -0.000000 -0.000000
1.000000 -0.000000 0.000000
1.000000 0.000000 0.000000
1.000000 -0.000000 -0.000000
1.000000 -0.000000 -0.000000
1.000000 0.000000 0.000000
1.000000 0.000000 0.000000
1.000000 0.000000 0.000000
1.000000 0.000000 0.000000
1.000000 0.000000 -0.000000
1.000000 -0.000000 -0.000000
1.000000 0.000000 0.000000
1.000000 0.000000 -0.000000
1.000000 0.000000 -0.000000
1.000000 0.000000 0.000000
1.000000 0.000002 -0.000001
1.000000 0.000002 -0.000001
1.000000 0.000006 -0.000002
1.000000 0.000001 -0.000000
1.000000 0.000000 -0.000000
1.000000 0.000002 -0.000001
1.000000 0.000001 -0.000000
1.000000 -0.000000 -0.000000
1.000000 0.000000 -0.000000
1.000000 0.000001 -0.000000
1.000000 0.000001 -0.000000
1.000000 0.000006 0.000002
1.000000 0.000002 0.000001
1.000000 0.000002 0.000001
1.000000 0.000000 0.000000
1.000000 0.000000 0.000000
1.000000 0.000001 -0.000000
1.000000 0.000002 0.000001
1.000000 0.000000 0.000000
1.000000 0.000000 0.000000
1.000000 0.000000 0.000000
1.000000 0.000000 0.000000
1.000000 0.000000 0.000000
1.000000 0.000000 0.000000
1.000000 -0.000000 0.000000
1.000000 0.000000 0.000000
1.000000 0.000000 0.000000
1.000000 -0.000000 0.000000
1.000000 0.000001 -0.000000
1.000000 0.000000 0.000000
1.000000 -0.000000 0.000000
1.000000 -0.000000 0.000000
1.000000 0.000000 0.000000
1.000000 0.000000 0.000000
1.000000 0.000000 0.000000
1.000000 0.000000 0.000000
1.000000 -0.000000 -0.000000
1.000000 -0.000000 0.000000
1.000000 0.000000 0.000000
1.000000 -0.000000 -0.000000
1.000000 0.000001 -0.000000
1.000000 -0.000000 0.000000
1.000000 -0.000000 -0.000000
1.000000 -0.000000 -0.000000
1.000000 0.000001 -0.000000
1.000000 -0.000000 -0.000000
1.000000 -0.000000 0.000000
1.000000 -0.000000 -0.000000
1.000000 -0.000000 -0.000000
1.000000 -0.000003 0.000000
1.000000 -0.000000 0.000000
1.000000 -0.000000 -0.000000
1.000000 0.000006 -0.000002
1.000000 -0.000003 0.000000
1.000000 -0.000000 -0.000000
-0.028659 -0.014431 -0.999485
-0.114617 0.000000 -0.993410
-0.028659 0.014431 -0.999485
-0.028659 0.014431 -0.999485
0.028802 -0.000000 -0.999585
-0.028659 -0.014431 -0.999485
-0.028659 -0.014431 0.999485
0.028802 0.000000 0.999585
-0.028659 0.014431 0.999485
-0.028659 0.014431 0.999485
-0.114617 -0.000000 0.993410
-0.028659 -0.014431 0.999485
0.000000 -0.709442 -0.704764
0.000000 -0.709442 -0.704764
-0.160155 -0.709422 -0.686346
-0.160155 -0.709422 -0.686346
-0.160155 -0.709421 -0.686346
0.000000 -0.709442 -0.704764
-0.028659 -0.014431 -0.999485
0.028802 -0.000000 -0.999585
0.057854 -0.144680 -0.987786
0.057854 -0.144680 -0.987786
0.144680 -0.057854 -0.987786
-0.028659 -0.014431 -0.999485
0.160155 -0.709421 -0.686347
0.160155 -0.709421 -0.686347
0.000000 -0.709442 -0.704764
0.000000 -0.709442 -0.704764
0.000000 -0.709442 -0.704764
0.160155 -0.709421 -0.686347
-0.160155 -0.709421 -0.686346
-0.160155 -0.709422 -0.686346
-0.309833 -0.709305 -0.633158
-0.309833 -0.709305 -0.633158
-0.309833 -0.709305 -0.633158
-0.160155 -0.709421 -0.686346
-0.160155 0.709420 -0.686348
-0.160156 0.709420 -0.686348
0.000000 0.709440 -0.704766
0.000000 0.709440 -0.704766
0.000000 0.709439 -0.704766
-0.160155 0.709420 -0.686348
0.144680 -0.057854 -0.987786
0.057854 -0.144680 -0.987786
0.116565 -0.316782 -0.941308
0.116565 -0.316782 -0.941308
0.316782 -0.116565 -0.941308
0.144680 -0.057854 -0.987786
0.309833 -0.709305 -0.633158
0.309833 -0.709305 -0.633158
0.160155 -0.709421 -0.686347
0.160155 -0.709421 -0.686347
0.160155 -0.709421 -0.686347
0.309833 -0.709305 -0.633158
0.686346 -0.709421 0.160156
0.686347 -0.709421 0.160156
0.704764 -0.709442 0.000000
0.704764 -0.709442 0.000000
0.704764 -0.709442 0.000000
0.686346 -0.709421 0.160156
0.929835 -0.367977 0.000000
0.367976 -0.929835 0.000000
0.348965 -0.889310 0.295553
0.348965 -0.889310 0.295553
0.889310 -0.348964 0.295553
0.929835 -0.367977 0.000000
0.889310 -0.348964 0.295553
0.348965 -0.889310 0.295553
0.300779 -0.783204 0.544172
0.300779 -0.783204 0.544172
0.783204 -0.300779 0.544172
0.889310 -0.348964 0.295553
0.633160 -0.709304 0.309834
0.633160 -0.709303 0.309834
0.686347 -0.709421 0.160156
0.686347 -0.709421 0.160156
0.686346 -0.709421 0.160156
0.633160 -0.709304 0.309834
0.783204 -0.300779 0.544172
0.300779 -0.783204 0.544172
0.239849 -0.641333 0.728811
0.239849 -0.641333 0.728811
0.641333 -0.239848 0.728810
0.783204 -0.300779 0.544172
0.549955 -0.709223 0.441081
0.549955 -0.709223 0.441081
0.633160 -0.709303 0.309834
0.633160 -0.709303 0.309834
0.633160 -0.709304 0.309834
0.549955 -0.709223 0.441081
0.641333 -0.239848 0.728810
0.239849 -0.641333 0.728811
0.177196 -0.483279 0.857347
0.177196 -0.483279 0.857347
0.483279 -0.177196 0.857346
0.641333 -0.239848 0.728810
0.441081 -0.709223 0.549955
0.441081 -0.709223 0.549955
0.549955 -0.709223 0.441081
0.549955 -0.709223 0.441081
0.549955 -0.709223 0.441081
0.441081 -0.709223 0.549955
0.483279 -0.177196 0.857346
0.177196 -0.483279 0.857347
0.116566 -0.316782 0.941308
0.116566 -0.316782 0.941308
0.316783 -0.116565 0.941308
0.483279 -0.177196 0.857346
0.309834 -0.709303 0.633160
0.309834 -0.709303 0.633160
0.441081 -0.709223 0.549955
0.441081 -0.709223 0.549955
0.441081 -0.709223 0.549955
0.309834 -0.709303 0.633160
0.316783 -0.116565 0.941308
0.116566 -0.316782 0.941308
0.057854 -0.144680 0.987786
0.057854 -0.144680 0.987786
0.144680 -0.057854 0.987786
0.316783 -0.116565 0.941308
0.160156 -0.709419 0.686349
0.160156 -0.709419 0.686349
0.309834 -0.709303 0.633160
0.309834 -0.709303 0.633160
0.309834 -0.709303 0.633160
0.160156 -0.709419 0.686349
0.144680 -0.057854 0.987786
0.057854 -0.144680 0.987786
0.028802 0.000000 0.999585
0.028802 0.000000 0.999585
-0.028659 -0.014431 0.999485
0.144680 -0.057854 0.987786
-0.000000 -0.709439 0.704767
-0.000000 -0.709439 0.704766
0.160156 -0.709419 0.686349
0.160156 -0.709419 0.686349
0.160156 -0.709419 0.686349
-0.000000 -0.709439 0.704767
-0.160156 -0.709419 0.686349
-0.160156 -0.709419 0.686349
-0.000000 -0.709439 0.704766
-0.000000 -0.709439 0.704766
-0.000000 -0.709439 0.704767
-0.160156 -0.709419 0.686349
-0.309834 -0.709303 0.633161
-0.309834 -0.709303 0.633160
-0.160156 -0.709419 0.686349
-0.160156 -0.709419 0.686349
-0.160156 -0.709419 0.686349
-0.309834 -0.709303 0.633161
-0.441081 -0.709223 0.549955
-0.441081 -0.709223 0.549955
-0.309834 -0.709303 0.633160
-0.309834 -0.709303 0.633160
-0.309834 -0.709303 0.633161
-0.441081 -0.709223 0.549955
-0.549955 -0.709223 0.441081
-0.549955 -0.709223 0.441081
-0.441081 -0.709223 0.549955
-0.441081 -0.709223 0.549955
-0.441081 -0.709223 0.549955
-0.549955 -0.709223 0.441081
-0.633160 -0.709303 0.309835
-0.633160 -0.709303 0.309834
-0.549955 -0.709223 0.441081
-0.549955 -0.709223 0.441081
-0.549955 -0.709223 0.441081
-0.633160 -0.709303 0.309835
-0.686347 -0.709421 0.160156
-0.686347 -0.709421 0.160155
-0.633160 -0.709303 0.309834
-0.633160 -0.709303 0.309834
-0.633160 -0.709303 0.309835
-0.686347 -0.709421 0.160156
-0.704764 -0.709442 -0.000000
-0.704764 -0.709442 -0.000000
-0.686347 -0.709421 0.160155
-0.686347 -0.709421 0.160155
-0.686347 -0.709421 0.160156
-0.704764 -0.709442 -0.000000
-0.686347 -0.709421 -0.160155
-0.686347 -0.709421 -0.160155
-0.704764 -0.709442 -0.000000
-0.704764 -0.709442 -0.000000
-0.704764 -0.709442 -0.000000
-0.686347 -0.709421 -0.160155
-0.633158 -0.709305 -0.309833
-0.633158 -0.709306 -0.309833
-0.686347 -0.709421 -0.160155
-0.686347 -0.709421 -0.160155
-0.686347 -0.709421 -0.160155
-0.633158 -0.709305 -0.309833
-0.549953 -0.709225 -0.441080
-0.549953 -0.709225 -0.441080
-0.633158 -0.709306 -0.309833
-0.633158 -0.709306 -0.309833
-0.633158 -0.709305 -0.309833
-0.549953 -0.709225 -0.441080
-0.441080 -0.709225 -0.549953
-0.441080 -0.709225 -0.549953
-0.549953 -0.709225 -0.441080
-0.549953 -0.709225 -0.441080
-0.549953 -0.709225 -0.441080
-0.441080 -0.709225 -0.549953
-0.309833 -0.709305 -0.633158
-0.309833 -0.709305 -0.633158
-0.441080 -0.709225 -0.549953
-0.441080 -0.709225 -0.549953
-0.441080 -0.709225 -0.549953
-0.309833 -0.709305 -0.633158
0.316782 -0.116565 -0.941308
0.116565 -0.316782 -0.941308
0.177196 -0.483279 -0.857347
0.177196 -0.483279 -0.857347
0.483279 -0.177196 -0.857346
0.316782 -0.116565 -0.941308
0.441080 -0.709225 -0.549953
0.441080 -0.709225 -0.549953
0.309833 -0.709305 -0.633158
0.309833 -0.709305 -0.633158
0.309833 -0.709305 -0.633158
0.441080 -0.709225 -0.549953
0.483279 -0.177196 -0.857346
0.177196 -0.483279 -0.857347
0.239849 -0.641333 -0.728810
0.239849 -0.641333 -0.728810
0.641333 -0.239849 -0.728810
0.483279 -0.177196 -0.857346
0.549953 -0.709225 -0.441080
0.549953 -0.709225 -0.441080
0.441080 -0.709225 -0.549953
0.441080 -0.709225 -0.549953
0.441080 -0.709225 -0.549953
0.549953 -0.709225 -0.441080
0.641333 -0.239849 -0.728810
0.239849 -0.641333 -0.728810
0.300779 -0.783204 -0.544173
0.300779 -0.783204 -0.544173
0.783204 -0.300779 -0.544173
0.641333 -0.239849 -0.728810
0.633158 -0.709305 -0.309833
0.633158 -0.709305 -0.309833
0.549953 -0.709225 -0.441080
0.549953 -0.709225 -0.441080
0.549953 -0.709225 -0.441080
0.633158 -0.709305 -0.309833
0.783204 -0.300779 -0.544173
0.300779 -0.783204 -0.544173
0.348964 -0.889310 -0.295553
0.348964 -0.889310 -0.295553
0.889310 -0.348965 -0.295553
0.783204 -0.300779 -0.544173
0.686347 -0.709421 -0.160155
0.686347 -0.709421 -0.160155
0.633158 -0.709305 -0.309833
0.633158 -0.709305 -0.309833
0.633158 -0.709305 -0.309833
0.686347 -0.709421 -0.160155
0.889310 -0.348965 -0.295553
0.348964 -0.889310 -0.295553
0.367976 -0.929835 0.000000
0.367976 -0.929835 0.000000
0.929835 -0.367977 0.000000
0.889310 -0.348965 -0.295553
0.704764 -0.709442 0.000000
0.704764 -0.709442 0.000000
0.686347 -0.709421 -0.160155
0.686347 -0.709421 -0.160155
0.686347 -0.709421 -0.160155
0.704764 -0.709442 0.000000
-0.309834 0.709304 -0.633159
-0.309834 0.709304 -0.633159
-0.160156 0.709420 -0.686348
-0.160156 0.709420 -0.686348
-0.160155 0.709420 -0.686348
-0.309834 0.709304 -0.633159
0.000000 0.709439 -0.704766
0.000000 0.709440 -0.704766
0.160155 0.709420 -0.686348
0.160155 0.709420 -0.686348
0.160155 0.709420 -0.686348
0.000000 0.709439 -0.704766
0.144680 0.057854 -0.987786
0.057854 0.144680 -0.987786
0.028802 -0.000000 -0.999585
0.028802 -0.000000 -0.999585
-0.028659 0.014431 -0.999485
0.144680 0.057854 -0.987786
0.000000 0.709441 0.704764
0.000000 0.709441 0.704764
-0.160156 0.709420 0.686347
-0.160156 0.709420 0.686347
-0.160156 0.709420 0.686348
0.000000 0.709441 0.704764
-0.160156 0.709420 0.686348
-0.160156 0.709420 0.686347
-0.309833 0.709304 0.633160
-0.309833 0.709304 0.633160
-0.309833 0.709304 0.633159
-0.160156 0.709420 0.686348
-0.309833 0.709304 0.633159
-0.309833 0.709304 0.633160
-0.441080 0.709224 0.549954
-0.441080 0.709224 0.549954
-0.441080 0.709224 0.549954
-0.309833 0.709304 0.633159
-0.441080 0.709224 0.549954
-0.441080 0.709224 0.549954
-0.549954 0.709224 0.441080
-0.549954 0.709224 0.441080
-0.549954 0.709224 0.441080
-0.441080 0.709224 0.549954
-0.549954 0.709224 0.441080
-0.549954 0.709224 0.441080
-0.633159 0.709304 0.309833
-0.633159 0.709304 0.309833
-0.633159 0.709304 0.309833
-0.549954 0.709224 0.441080
-0.633159 0.709304 0.309833
-0.633159 0.709304 0.309833
-0.686348 0.709420 0.160156
-0.686348 0.709420 0.160156
-0.686348 0.709420 0.160156
-0.633159 0.709304 0.309833
-0.686348 0.709420 0.160156
-0.686348 0.709420 0.160156
-0.704765 0.709440 -0.000000
-0.704765 0.709440 -0.000000
-0.704765 0.709441 -0.000000
-0.686348 0.709420 0.160156
-0.704765 0.709441 -0.000000
-0.704765 0.709440 -0.000000
-0.686348 0.709420 -0.160156
-0.686348 0.709420 -0.160156
-0.686348 0.709420 -0.160156
-0.704765 0.709441 -0.000000
-0.686348 0.709420 -0.160156
-0.686348 0.709420 -0.160156
-0.633159 0.709304 -0.309833
-0.633159 0.709304 -0.309833
-0.633159 0.709304 -0.309833
-0.686348 0.709420 -0.160156
-0.633159 0.709304 -0.309833
-0.633159 0.709304 -0.309833
-0.549954 0.709224 -0.441080
-0.549954 0.709224 -0.441080
-0.549954 0.709224 -0.441080
-0.633159 0.709304 -0.309833
-0.549954 0.709224 -0.441080
-0.549954 0.709224 -0.441080
-0.441080 0.709224 -0.549954
-0.441080 0.709224 -0.549954
-0.441080 0.709224 -0.549954
-0.549954 0.709224 -0.441080
-0.441080 0.709224 -0.549954
-0.441080 0.709224 -0.549954
-0.309834 0.709304 -0.633159
-0.309834 0.709304 -0.633159
-0.309834 0.709304 -0.633159
-0.441080 0.709224 -0.549954
0.160155 0.709420 -0.686348
0.160155 0.709420 -0.686348
0.309833 0.709304 -0.633159
0.309833 0.709304 -0.633159
0.309833 0.709304 -0.633159
0.160155 0.709420 -0.686348
0.316783 0.116565 -0.941308
0.116566 0.316782 -0.941308
0.057854 0.144680 -0.987786
0.057854 0.144680 -0.987786
0.144680 0.057854 -0.987786
0.316783 0.116565 -0.941308
0.686348 0.709420 0.160156
0.686348 0.709420 0.160156
0.633159 0.709304 0.309833
0.633159 0.709304 0.309833
0.633159 0.709304 0.309833
0.686348 0.709420 0.160156
0.783204 0.300779 0.544172
0.300779 0.783204 0.544172
0.348965 0.889310 0.295553
0.348965 0.889310 0.295553
0.889310 0.348964 0.295553
0.783204 0.300779 0.544172
0.889310 0.348964 0.295553
0.348965 0.889310 0.295553
0.367977 0.929835 -0.000001
0.367977 0.929835 -0.000001
0.929835 0.367976 -0.000000
0.889310 0.348964 0.295553
0.704765 0.709440 0.000000
0.704765 0.709440 0.000000
0.686348 0.709420 0.160156
0.686348 0.709420 0.160156
0.686348 0.709420 0.160156
0.704765 0.709440 0.000000
0.929835 0.367976 -0.000000
0.367977 0.929835 -0.000001
0.348965 0.889310 -0.295553
0.348965 0.889310 -0.295553
0.889310 0.348964 -0.295553
0.929835 0.367976 -0.000000
0.686348 0.709420 -0.160156
0.686348 0.709420 -0.160156
0.704765 0.709440 0.000000
0.704765 0.709440 0.000000
0.704765 0.709440 0.000000
0.686348 0.709420 -0.160156
0.889310 0.348964 -0.295553
0.348965 0.889310 -0.295553
0.300779 0.783204 -0.544172
0.300779 0.783204 -0.544172
0.783204 0.300779 -0.544172
0.889310 0.348964 -0.295553
0.633159 0.709304 -0.309833
0.633159 0.709304 -0.309833
0.686348 0.709420 -0.160156
0.686348 0.709420 -0.160156
0.686348 0.709420 -0.160156
0.633159 0.709304 -0.309833
0.783204 0.300779 -0.544172
0.300779 0.783204 -0.544172
0.239849 0.641333 -0.728811
0.239849 0.641333 -0.728811
0.641333 0.239848 -0.728810
0.783204 0.300779 -0.544172
0.549954 0.709224 -0.441080
0.549954 0.709224 -0.441080
0.633159 0.709304 -0.309833
0.633159 0.709304 -0.309833
0.633159 0.709304 -0.309833
0.549954 0.709224 -0.441080
0.641333 0.239848 -0.728810
0.239849 0.641333 -0.728811
0.177196 0.483279 -0.857347
0.177196 0.483279 -0.857347
0.483279 0.177196 -0.857347
0.641333 0.239848 -0.728810
0.441080 0.709224 -0.549954
0.441080 0.709224 -0.549954
0.549954 0.709224 -0.441080
0.549954 0.709224 -0.441080
0.549954 0.709224 -0.441080
0.441080 0.709224 -0.549954
0.483279 0.177196 -0.857347
0.177196 0.483279 -0.857347
0.116566 0.316782 -0.941308
0.116566 0.316782 -0.941308
0.316783 0.116565 -0.941308
0.483279 0.177196 -0.857347
0.309833 0.709304 -0.633159
0.309833 0.709304 -0.633159
0.441080 0.709224 -0.549954
0.441080 0.709224 -0.549954
0.441080 0.709224 -0.549954
0.309833 0.709304 -0.633159
-0.028659 0.014431 0.999485
0.028802 0.000000 0.999585
0.057854 0.144680 0.987786
0.057854 0.144680 0.987786
0.144680 0.057854 0.987786
-0.028659 0.014431 0.999485
0.160156 0.709420 0.686347
0.160155 0.709420 0.686348
0.000000 0.709441 0.704764
0.000000 0.709441 0.704764
0.000000 0.709441 0.704764
0.160156 0.709420 0.686347
0.144680 0.057854 0.987786
0.057854 0.144680 0.987786
0.116566 0.316782 0.941308
0.116566 0.316782 0.941308
0.316783 0.116565 0.941308
0.144680 0.057854 0.987786
0.309833 0.709304 0.633159
0.309834 0.709304 0.633159
0.160155 0.709420 0.686348
0.160155 0.709420 0.686348
0.160156 0.709420 0.686347
0.309833 0.709304 0.633159
0.316783 0.116565 0.941308
0.116566 0.316782 0.941308
0.177196 0.483279 0.857346
0.177196 0.483279 0.857346
0.483279 0.177196 0.857346
0.316783 0.116565 0.941308
0.441081 0.709224 0.549954
0.441080 0.709224 0.549954
0.309834 0.709304 0.633159
0.309834 0.709304 0.633159
0.309833 0.709304 0.633159
0.441081 0.709224 0.549954
0.483279 0.177196 0.857346
0.177196 0.483279 0.857346
0.239849 0.641333 0.728810
0.239849 0.641333 0.728810
0.641333 0.239849 0.728810
0.483279 0.177196 0.857346
0.549954 0.709224 0.441080
0.549954 0.709224 0.441080
0.441080 0.709224 0.549954
0.441080 0.709224 0.549954
0.441081 0.709224 0.549954
0.549954 0.709224 0.441080
0.641333 0.239849 0.728810
0.239849 0.641333 0.728810
0.300779 0.783204 0.544172
0.300779 0.783204 0.544172
0.783204 0.300779 0.544172
0.641333 0.239849 0.728810
0.633159 0.709304 0.309833
0.633159 0.709304 0.309833
0.549954 0.709224 0.441080
0.549954 0.709224 0.441080
0.549954 0.709224 0.441080
0.633159 0.709304 0.309833
0.709419 -0.686348 0.160156
0.709420 -0.686348 0.160156
0.709304 -0.633160 0.309833
0.709304 -0.633160 0.309833
0.709304 -0.633160 0.309833
0.709419 -0.686348 0.160156
0.709440 -0.704765 0.000000
0.709441 -0.704765 -0.000000
0.709420 -0.686348 0.160156
0.709420 -0.686348 0.160156
0.709419 -0.686348 0.160156
0.709440 -0.704765 0.000000
0.709420 -0.686348 -0.160155
0.709420 -0.686348 -0.160155
0.709441 -0.704765 -0.000000
0.709441 -0.704765 -0.000000
0.709440 -0.704765 0.000000
0.709420 -0.686348 -0.160155
0.709304 -0.633160 -0.309834
0.709303 -0.633160 -0.309833
0.709420 -0.686348 -0.160155
0.709420 -0.686348 -0.160155
0.709420 -0.686348 -0.160155
0.709304 -0.633160 -0.309834
0.709224 -0.549954 -0.441080
0.709224 -0.549954 -0.441081
0.709303 -0.633160 -0.309833
0.709303 -0.633160 -0.309833
0.709304 -0.633160 -0.309834
0.709224 -0.549954 -0.441080
0.709224 -0.441080 -0.549954
0.709224 -0.441080 -0.549954
0.709224 -0.549954 -0.441081
0.709224 -0.549954 -0.441081
0.709224 -0.549954 -0.441080
0.709224 -0.441080 -0.549954
0.709304 -0.309833 -0.633159
0.709304 -0.309833 -0.633159
0.709224 -0.441080 -0.549954
0.709224 -0.441080 -0.549954
0.709224 -0.441080 -0.549954
0.709304 -0.309833 -0.633159
0.709421 -0.160156 -0.686347
0.709421 -0.160156 -0.686347
0.709304 -0.309833 -0.633159
0.709304 -0.309833 -0.633159
0.709304 -0.309833 -0.633159
0.709421 -0.160156 -0.686347
0.709440 0.000000 -0.704766
0.709440 -0.000000 -0.704766
0.709421 -0.160156 -0.686347
0.709421 -0.160156 -0.686347
0.709421 -0.160156 -0.686347
0.709440 0.000000 -0.704766
0.709420 0.160155 -0.686348
0.709420 0.160155 -0.686348
0.709440 -0.000000 -0.704766
0.709440 -0.000000 -0.704766
0.709440 0.000000 -0.704766
0.709420 0.160155 -0.686348
0.709304 0.309833 -0.633159
0.709305 0.309833 -0.633159
0.709420 0.160155 -0.686348
0.709420 0.160155 -0.686348
0.709420 0.160155 -0.686348
0.709304 0.309833 -0.633159
0.709224 0.441080 -0.549954
0.709224 0.441080 -0.549954
0.709305 0.309833 -0.633159
0.709305 0.309833 -0.633159
0.709304 0.309833 -0.633159
0.709224 0.441080 -0.549954
0.709224 0.549954 -0.441080
0.709224 0.549954 -0.441080
0.709224 0.441080 -0.549954
0.709224 0.441080 -0.549954
0.709224 0.441080 -0.549954
0.709224 0.549954 -0.441080
0.709304 0.633160 -0.309833
0.709304 0.633160 -0.309833
0.709224 0.549954 -0.441080
0.709224 0.549954 -0.441080
0.709224 0.549954 -0.441080
0.709304 0.633160 -0.309833
0.709420 0.686347 -0.160156
0.709420 0.686347 -0.160156
0.709304 0.633160 -0.309833
0.709304 0.633160 -0.309833
0.709304 0.633160 -0.309833
0.709420 0.686347 -0.160156
0.709441 0.704765 -0.000000
0.709441 0.704765 -0.000000
0.709420 0.686347 -0.160156
0.709420 0.686347 -0.160156
0.709420 0.686347 -0.160156
0.709441 0.704765 -0.000000
0.709420 0.686347 0.160156
0.709420 0.686347 0.160156
0.709441 0.704765 -0.000000
0.709441 0.704765 -0.000000
0.709441 0.704765 -0.000000
0.709420 0.686347 0.160156
0.709304 0.633159 0.309833
0.709304 0.633159 0.309833
0.709420 0.686347 0.160156
0.709420 0.686347 0.160156
0.709420 0.686347 0.160156
0.709304 0.633159 0.309833
0.709224 0.549954 0.441080
0.709224 0.549954 0.441080
0.709304 0.633159 0.309833
0.709304 0.633159 0.309833
0.709304 0.633159 0.309833
0.709224 0.549954 0.441080
0.709224 0.441081 0.549954
0.709224 0.441080 0.549954
0.709224 0.549954 0.441080
0.709224 0.549954 0.441080
0.709224 0.549954 0.441080
0.709224 0.441081 0.549954
0.709305 0.309833 0.633159
0.709305 0.309833 0.633159
0.709224 0.441080 0.549954
0.709224 0.441080 0.549954
0.709224 0.441081 0.549954
0.709305 0.309833 0.633159
0.709420 0.160156 0.686348
0.709420 0.160156 0.686348
0.709305 0.309833 0.633159
0.709305 0.309833 0.633159
0.709305 0.309833 0.633159
0.709420 0.160156 0.686348
0.709440 -0.000000 0.704765
0.709440 -0.000000 0.704765
0.709420 0.160156 0.686348
0.709420 0.160156 0.686348
0.709420 0.160156 0.686348
0.709440 -0.000000 0.704765
0.709420 -0.160155 0.686348
0.709420 -0.160155 0.686348
0.709440 -0.000000 0.704765
0.709440 -0.000000 0.704765
0.709440 -0.000000 0.704765
0.709420 -0.160155 0.686348
0.709305 -0.309833 0.633159
0.709305 -0.309833 0.633159
0.709420 -0.160155 0.686348
0.709420 -0.160155 0.686348
0.709420 -0.160155 0.686348
0.709305 -0.309833 0.633159
0.709224 -0.441080 0.549954
0.709224 -0.441080 0.549954
0.709305 -0.309833 0.633159
0.709305 -0.309833 0.633159
0.709305 -0.309833 0.633159
0.709224 -0.441080 0.549954
0.709224 -0.549954 0.441080
0.709224 -0.549954 0.441080
0.709224 -0.441080 0.549954
0.709224 -0.441080 0.549954
0.709224 -0.441080 0.549954
0.709224 -0.549954 0.441080
0.709304 -0.633160 0.309833
0.709304 -0.633160 0.309833
0.709224 -0.549954 0.441080
0.709224 -0.549954 0.441080
0.709224 -0.549954 0.441080
0.709304 -0.633160 0.309833
-0.000000 0.973839 -0.227240
-0.000000 1.000000 0.000000
-0.000000 1.000000 -0.000000
-0.000000 1.000000 -0.000000
-0.000000 0.973839 -0.227240
-0.000000 0.973839 -0.227240
-0.000000 0.898223 -0.439541
-0.000000 0.973839 -0.227240
-0.000000 0.973839 -0.227240
-0.000000 0.973839 -0.227240
-0.000000 0.898222 -0.439542
-0.000000 0.898223 -0.439541
-0.000000 0.780095 -0.625661
-0.000000 0.898223 -0.439541
-0.000000 0.898222 -0.439542
-0.000000 0.898222 -0.439542
-0.000000 0.780095 -0.625661
-0.000000 0.780095 -0.625661
-0.000000 0.625660 -0.780095
-0.000000 0.780095 -0.625661
-0.000000 0.780095 -0.625661
-0.000000 0.780095 -0.625661
-0.000000 0.625660 -0.780095
-0.000000 0.625660 -0.780095
-0.000000 0.439540 -0.898223
-0.000000 0.625660 -0.780095
-0.000000 0.625660 -0.780095
-0.000000 0.625660 -0.780095
-0.000000 0.439541 -0.898223
-0.000000 0.439540 -0.898223
-0.000000 0.227240 -0.973839
-0.000000 0.439540 -0.898223
-0.000000 0.439541 -0.898223
-0.000000 0.439541 -0.898223
-0.000000 0.227240 -0.973839
-0.000000 0.227240 -0.973839
-0.000000 0.000000 -1.000000
-0.000000 0.227240 -0.973839
-0.000000 0.227240 -0.973839
-0.000000 0.227240 -0.973839
0.000000 -0.000000 -1.000000
-0.000000 0.000000 -1.000000
0.000000 -0.227240 -0.973839
-0.000000 0.000000 -1.000000
0.000000 -0.000000 -1.000000
0.000000 -0.000000 -1.000000
0.000000 -0.227240 -0.973839
0.000000 -0.227240 -0.973839
0.000000 -0.439541 -0.898223
0.000000 -0.227240 -0.973839
0.000000 -0.227240 -0.973839
0.000000 -0.227240 -0.973839
0.000000 -0.439541 -0.898222
0.000000 -0.439541 -0.898223
0.000000 -0.625661 -0.780095
0.000000 -0.439541 -0.898223
0.000000 -0.439541 -0.898222
0.000000 -0.439541 -0.898222
0.000000 -0.625661 -0.780095
0.000000 -0.625661 -0.780095
0.000000 -0.780096 -0.625660
0.000000 -0.625661 -0.780095
0.000000 -0.625661 -0.780095
0.000000 -0.625661 -0.780095
0.000000 -0.780095 -0.625661
0.000000 -0.780096 -0.625660
0.000000 -0.898223 -0.439541
0.000000 -0.780096 -0.625660
0.000000 -0.780095 -0.625661
0.000000 -0.780095 -0.625661
0.000000 -0.898223 -0.439541
0.000000 -0.898223 -0.439541
0.000000 -0.973839 -0.227240
0.000000 -0.898223 -0.439541
0.000000 -0.898223 -0.439541
0.000000 -0.898223 -0.439541
0.000000 -0.973839 -0.227240
0.000000 -0.973839 -0.227240
0.000000 -1.000000 -0.000000
0.000000 -0.973839 -0.227240
0.000000 -0.973839 -0.227240
0.000000 -0.973839 -0.227240
0.000000 -1.000000 0.000000
0.000000 -1.000000 -0.000000
0.000000 -0.973839 0.227240
0.000000 -1.000000 -0.000000
0.000000 -1.000000 0.000000
0.000000 -1.000000 0.000000
0.000000 -0.973839 0.227240
0.000000 -0.973839 0.227240
0.000000 -0.898222 0.439542
0.000000 -0.973839 0.227240
0.000000 -0.973839 0.227240
0.000000 -0.973839 0.227240
0.000000 -0.898222 0.439542
0.000000 -0.898222 0.439542
0.000000 -0.780095 0.625661
0.000000 -0.898222 0.439542
0.000000 -0.898222 0.439542
0.000000 -0.898222 0.439542
0.000000 -0.780095 0.625661
0.000000 -0.780095 0.625661
0.000000 -0.625661 0.780095
0.000000 -0.780095 0.625661
0.000000 -0.780095 0.625661
0.000000 -0.780095 0.625661
0.000000 -0.625660 0.780096
0.000000 -0.625661 0.780095
0.000000 -0.439541 0.898223
0.000000 -0.625661 0.780095
0.000000 -0.625660 0.780096
0.000000 -0.625660 0.780096
0.000000 -0.439541 0.898223
0.000000 -0.439541 0.898223
0.000000 -0.227240 0.973839
0.000000 -0.439541 0.898223
0.000000 -0.439541 0.898223
0.000000 -0.439541 0.898223
0.000000 -0.227240 0.973839
0.000000 -0.227240 0.973839
0.000000 -0.000000 1.000000
0.000000 -0.227240 0.973839
0.000000 -0.227240 0.973839
0.000000 -0.227240 0.973839
-0.000000 -0.000000 1.000000
0.000000 -0.000000 1.000000
-0.000000 0.227240 0.973839
0.000000 -0.000000 1.000000
-0.000000 -0.000000 1.000000
-0.000000 -0.000000 1.000000
-0.000000 0.227240 0.973839
-0.000000 0.227240 0.973839
-0.000000 0.439541 0.898222
-0.000000 0.227240 0.973839
-0.000000 0.227240 0.973839
-0.000000 0.227240 0.973839
-0.000000 0.439541 0.898222
-0.000000 0.439541 0.898222
-0.000000 0.625661 0.780095
-0.000000 0.439541 0.898222
-0.000000 0.439541 0.898222
-0.000000 0.439541 0.898222
-0.000000 0.625661 0.780095
-0.000000 0.625661 0.780095
-0.000000 0.780095 0.625661
-0.000000 0.625661 0.780095
-0.000000 0.625661 0.780095
-0.000000 0.625661 0.780095
-0.000000 0.780095 0.625661
-0.000000 0.780095 0.625661
-0.000000 0.898223 0.439540
-0.000000 0.780095 0.625661
-0.000000 0.780095 0.625661
-0.000000 0.780095 0.625661
-0.000000 0.898223 0.439541
-0.000000 0.898223 0.439540
-0.000000 0.973839 0.227240
-0.000000 0.898223 0.439540
-0.000000 0.898223 0.439541
-0.000000 0.898223 0.439541
-0.000000 0.973839 0.227240
-0.000000 0.973839 0.227240
-0.000000 1.000000 0.000000
-0.000000 0.973839 0.227240
-0.000000 0.973839 0.227240
-0.000000 0.973839 0.227240
-0.000000 1.000000 -0.000000
-0.000000 1.000000 0.000000
1.000000 0.000000 0.000000
1.000000 0.000000 0.000000
1.000000 0.000000 0.000000
1.000000 0.000000 0.000000
1.000000 0.000000 0.000000
1.000000 0.000000 0.000000
1.000000 0.000000 0.000000
1.000000 0.000000 0.000000
1.000000 0.000000 0.000000
1.000000 0.000000 0.000000
1.000000 0.000000 0.000000
1.000000 0.000000 0.000000
1.000000 0.000000 0.000000
1.000000 0.000000 0.000000
1.000000 0.000000 0.000000
1.000000 0.000000 0.000000
1.000000 0.000000 0.000000
1.000000 0.000000 0.000000
1.000000 0.000000 0.000000
1.000000 0.000000 0.000000
1.000000 0.000000 0.000000
1.000000 0.000000 0.000000
1.000000 0.000000 0.000000
1.000000 0.000000 0.000000
1.000000 0.000000 0.000000
1.000000 0.000000 0.000000
1.000000 0.000000 0.000000
1.000000 0.000000 0.000000
1.000000 0.000000 0.000000
1.000000 0.000000 0.000000
1.000000 0.000000 0.000000
1.000000 0.000000 0.000000
1.000000 0.000000 0.000000
1.000000 0.000000 0.000000
1.000000 0.000000 0.000000
1.000000 0.000000 0.000000
1.000000 0.000000 0.000000
1.000000 0.000000 0.000000
1.000000 0.000000 0.000000
1.000000 0.000000 0.000000
1.000000 0.000000 0.000000
1.000000 0.000000 0.000000
1.000000 0.000000 0.000000
1.000000 0.000000 0.000000
1.000000 0.000000 0.000000
1.000000 0.000000 0.000000
1.000000 0.000000 0.000000
1.000000 0.000000 0.000000
1.000000 0.000000 0.000000
1.000000 0.000000 0.000000
1.000000 0.000000 0.000000
1.000000 0.000000 0.000000
1.000000 0.000000 0.000000
1.000000 0.000000 0.000000
1.000000 0.000000 0.000000
1.000000 0.000000 0.000000
1.000000 0.000000 0.000000
1.000000 0.000000 0.000000
1.000000 0.000000 0.000000
1.000000 0.000000 0.000000
1.000000 0.000000 0.000000
1.000000 0.000000 0.000000
1.000000 0.000000 0.000000
1.000000 0.000000 0.000000
1.000000 0.000000 0.000000
1.000000 0.000000 0.000000
1.000000 0.000000 0.000000
1.000000 0.000000 0.000000
1.000000 0.000000 0.000000
1.000000 0.000000 0.000000
1.000000 0.000000 0.000000
1.000000 0.000000 0.000000
1.000000 0.000000 0.000000
1.000000 0.000000 0.000000
1.000000 0.000000 0.000000
1.000000 0.000000 0.000000
1.000000 0.000000 0.000000
1.000000 0.000000 0.000000
-1.000000 0.000000 0.000000
-1.000000 0.000000 0.000000
-1.000000 0.000000 0.000000
-1.000000 0.000000 0.000000
-1.000000 0.000000 0.000000
-1.000000 0.000000 0.000000
-1.000000 0.000000 0.000000
-1.000000 0.000000 0.000000
-1.000000 0.000000 0.000000
-1.000000 0.000000 0.000000
-1.000000 0.000000 0.000000
-1.000000 0.000000 0.000000
-1.000000 0.000000 0.000000
-1.000000 0.000000 0.000000
-1.000000 0.000000 0.000000
-1.000000 0.000000 0.000000
-1.000000 0.000000 0.000000
-1.000000 0.000000 0.000000
-1.000000 0.000000 0.000000
-1.000000 0.000000 0.000000
-1.000000 0.000000 0.000000
-1.000000 0.000000 0.000000
-1.000000 0.000000 0.000000
-1.000000 0.000000 0.000000
-1.000000 0.000000 0.000000
-1.000000 0.000000 0.000000
-1.000000 0.000000 0.000000
-1.000000 0.000000 0.000000
-1.000000 0.000000 0.000000
-1.000000 0.000000 0.000000
-1.000000 0.000000 0.000000
-1.000000 0.000000 0.000000
-1.000000 0.000000 0.000000
-1.000000 0.000000 0.000000
-1.000000 0.000000 0.000000
-1.000000 0.000000 0.000000
-1.000000 0.000000 0.000000
-1.000000 0.000000 0.000000
-1.000000 0.000000 0.000000
-1.000000 0.000000 0.000000
-1.000000 0.000000 0.000000
-1.000000 0.000000 0.000000
-1.000000 0.000000 0.000000
-1.000000 0.000000 0.000000
-1.000000 0.000000 0.000000
-1.000000 0.000000 0.000000
-1.000000 0.000000 0.000000
-1.000000 0.000000 0.000000
-1.000000 0.000000 0.000000
-1.000000 0.000000 0.000000
-1.000000 0.000000 0.000000
-1.000000 0.000000 0.000000
-1.000000 0.000000 0.000000
-1.000000 0.000000 0.000000
-1.000000 0.000000 0.000000
-1.000000 0.000000 0.000000
-1.000000 0.000000 0.000000
-1.000000 0.000000 0.000000
-1.000000 0.000000 0.000000
-1.000000 0.000000 0.000000
-1.000000 0.000000 0.000000
-1.000000 0.000000 0.000000
-1.000000 0.000000 0.000000
-1.000000 0.000000 0.000000
-1.000000 0.000000 0.000000
-1.000000 0.000000 0.000000
-1.000000 0.000000 0.000000
-1.000000 0.000000 0.000000
-1.000000 0.000000 0.000000
-1.000000 0.000000 0.000000
-1.000000 0.000000 0.000000
-1.000000 0.000000 0.000000
-1.000000 0.000000 0.000000
-1.000000 0.000000 0.000000
-1.000000 0.000000 0.000000
-1.000000 0.000000 0.000000
-1.000000 0.000000 0.000000
-1.000000 0.000000 0.000000
0.973839 -0.000000 -0.227240
1.000000 0.000000 -0.000000
1.000000 -0.000000 0.000000
1.000000 -0.000000 0.000000
0.973839 -0.000000 -0.227240
0.973839 -0.000000 -0.227240
0.898222 -0.000000 -0.439541
0.973839 -0.000000 -0.227240
0.973839 -0.000000 -0.227240
0.973839 -0.000000 -0.227240
0.898223 -0.000000 -0.439541
0.898222 -0.000000 -0.439541
0.780095 -0.000000 -0.625661
0.898222 -0.000000 -0.439541
0.898223 -0.000000 -0.439541
0.898223 -0.000000 -0.439541
0.780095 -0.000000 -0.625661
0.780095 -0.000000 -0.625661
0.625661 -0.000000 -0.780095
0.780095 -0.000000 -0.625661
0.780095 -0.000000 -0.625661
0.780095 -0.000000 -0.625661
0.625661 -0.000000 -0.780095
0.625661 -0.000000 -0.780095
0.439540 -0.000000 -0.898223
0.625661 -0.000000 -0.780095
0.625661 -0.000000 -0.780095
0.625661 -0.000000 -0.780095
0.439541 -0.000000 -0.898223
0.439540 -0.000000 -0.898223
0.227240 -0.000000 -0.973839
0.439540 -0.000000 -0.898223
0.439541 -0.000000 -0.898223
0.439541 -0.000000 -0.898223
0.227240 -0.000000 -0.973839
0.227240 -0.000000 -0.973839
-0.000000 -0.000000 -1.000000
0.227240 -0.000000 -0.973839
0.227240 -0.000000 -0.973839
0.227240 -0.000000 -0.973839
0.000000 -0.000000 -1.000000
-0.000000 -0.000000 -1.000000
-0.227240 -0.000000 -0.973839
-0.000000 -0.000000 -1.000000
0.000000 -0.000000 -1.000000
0.000000 -0.000000 -1.000000
-0.227240 -0.000000 -0.973839
-0.227240 -0.000000 -0.973839
-0.439541 -0.000000 -0.898222
-0.227240 -0.000000 -0.973839
-0.227240 -0.000000 -0.973839
-0.227240 -0.000000 -0.973839
-0.439541 -0.000000 -0.898223
-0.439541 -0.000000 -0.898222
-0.625661 -0.000000 -0.780095
-0.439541 -0.000000 -0.898222
-0.439541 -0.000000 -0.898223
-0.439541 -0.000000 -0.898223
-0.625661 -0.000000 -0.780095
-0.625661 -0.000000 -0.780095
-0.780095 -0.000000 -0.625661
-0.625661 -0.000000 -0.780095
-0.625661 -0.000000 -0.780095
-0.625661 -0.000000 -0.780095
-0.780095 -0.000000 -0.625661
-0.780095 -0.000000 -0.625661
-0.898223 -0.000000 -0.439540
-0.780095 -0.000000 -0.625661
-0.780095 -0.000000 -0.625661
-0.780095 -0.000000 -0.625661
-0.898223 -0.000000 -0.439541
-0.898223 -0.000000 -0.439540
-0.973839 -0.000000 -0.227240
-0.898223 -0.000000 -0.439540
-0.898223 -0.000000 -0.439541
-0.898223 -0.000000 -0.439541
-0.973839 -0.000000 -0.227240
-0.973839 -0.000000 -0.227240
-1.000000 0.000000 0.000000
-0.973839 -0.000000 -0.227240
-0.973839 -0.000000 -0.227240
-0.973839 -0.000000 -0.227240
-1.000000 -0.000000 -0.000000
-1.000000 0.000000 0.000000
-0.973839 0.000000 0.227240
-1.000000 0.000000 0.000000
-1.000000 -0.000000 -0.000000
-1.000000 -0.000000 -0.000000
-0.973839 0.000000 0.227240
-0.973839 0.000000 0.227240
-0.898222 0.000000 0.439541
-0.973839 0.000000 0.227240
-0.973839 0.000000 0.227240
-0.973839 0.000000 0.227240
-0.898223 0.000000 0.439541
-0.898222 0.000000 0.439541
-0.780095 0.000000 0.625661
-0.898222 0.000000 0.439541
-0.898223 0.000000 0.439541
-0.898223 0.000000 0.439541
-0.780095 0.000000 0.625661
-0.780095 0.000000 0.625661
-0.625661 0.000000 0.780095
-0.780095 0.000000 0.625661
-0.780095 0.000000 0.625661
-0.780095 0.000000 0.625661
-0.625661 0.000000 0.780095
-0.625661 0.000000 0.780095
-0.439540 0.000000 0.898223
-0.625661 0.000000 0.780095
-0.625661 0.000000 0.780095
-0.625661 0.000000 0.780095
-0.439541 0.000000 0.898223
-0.439540 0.000000 0.898223
-0.227240 0.000000 0.973839
-0.439540 0.000000 0.898223
-0.439541 0.000000 0.898223
-0.439541 0.000000 0.898223
-0.227240 0.000000 0.973839
-0.227240 0.000000 0.973839
0.000000 0.000000 1.000000
-0.227240 0.000000 0.973839
-0.227240 0.000000 0.973839
-0.227240 0.000000 0.973839
-0.000000 0.000000 1.000000
0.000000 0.000000 1.000000
0.227240 0.000000 0.973839
0.000000 0.000000 1.000000
-0.000000 0.000000 1.000000
-0.000000 0.000000 1.000000
0.227240 0.000000 0.973839
0.227240 0.000000 0.973839
0.439541 0.000000 0.898223
0.227240 0.000000 0.973839
0.227240 0.000000 0.973839
0.227240 0.000000 0.973839
0.439541 0.000000 0.898223
0.439541 0.000000 0.898223
0.625661 0.000000 0.780095
0.439541 0.000000 0.898223
0.439541 0.000000 0.898223
0.439541 0.000000 0.898223
0.625661 0.000000 0.780095
0.625661 0.000000 0.780095
0.780095 0.000000 0.625661
0.625661 0.000000 0.780095
0.625661 0.000000 0.780095
0.625661 0.000000 0.780095
0.780095 0.000000 0.625661
0.780095 0.000000 0.625661
0.898223 0.000000 0.439540
0.780095 0.000000 0.625661
0.780095 0.000000 0.625661
0.780095 0.000000 0.625661
0.898223 0.000000 0.439541
0.898223 0.000000 0.439540
0.973839 0.000000 0.227240
0.898223 0.000000 0.439540
0.898223 0.000000 0.439541
0.898223 0.000000 0.439541
0.973839 0.000000 0.227240
0.973839 0.000000 0.227240
1.000000 0.000000 -0.000000
0.973839 0.000000 0.227240
0.973839 0.000000 0.227240
0.973839 0.000000 0.227240
1.000000 -0.000000 0.000000
1.000000 0.000000 -0.000000
0.000000 -1.000000 0.000000
0.000000 -1.000000 0.000000
0.000000 -1.000000 0.000000
0.000000 -1.000000 0.000000
0.000000 -1.000000 0.000000
0.000000 -1.000000 0.000000
0.000000 -1.000000 0.000000
0.000000 -1.000000 0.000000
0.000000 -1.000000 0.000000
0.000000 -1.000000 0.000000
0.000000 -1.000000 0.000000
0.000000 -1.000000 0.000000
0.000000 -1.000000 0.000000
0.000000 -1.000000 0.000000
0.000000 -1.000000 0.000000
0.000000 -1.000000 0.000000
0.000000 -1.000000 0.000000
0.000000 -1.000000 0.000000
0.000000 -1.000000 0.000000
0.000000 -1.000000 0.000000
0.000000 -1.000000 0.000000
0.000000 -1.000000 0.000000
0.000000 -1.000000 0.000000
0.000000 -1.000000 0.000000
0.000000 -1.000000 0.000000
0.000000 -1.000000 0.000000
0.000000 -1.000000 0.000000
0.000000 -1.000000 0.000000
0.000000 -1.000000 0.000000
0.000000 -1.000000 0.000000
0.000000 -1.000000 0.000000
0.000000 -1.000000 0.000000
0.000000 -1.000000 0.000000
0.000000 -1.000000 0.000000
0.000000 -1.000000 0.000000
0.000000 -1.000000 0.000000
0.000000 -1.000000 0.000000
0.000000 -1.000000 0.000000
0.000000 -1.000000 0.000000
0.000000 -1.000000 0.000000
0.000000 -1.000000 0.000000
0.000000 -1.000000 0.000000
0.000000 -1.000000 0.000000
0.000000 -1.000000 0.000000
0.000000 -1.000000 0.000000
0.000000 -1.000000 0.000000
0.000000 -1.000000 0.000000
0.000000 -1.000000 0.000000
0.000000 -1.000000 0.000000
0.000000 -1.000000 0.000000
0.000000 -1.000000 0.000000
0.000000 -1.000000 0.000000
0.000000 -1.000000 0.000000
0.000000 -1.000000 0.000000
0.000000 -1.000000 0.000000
0.000000 -1.000000 0.000000
0.000000 -1.000000 0.000000
0.000000 -1.000000 0.000000
0.000000 -1.000000 0.000000
0.000000 -1.000000 0.000000
0.000000 -1.000000 0.000000
0.000000 -1.000000 0.000000
0.000000 -1.000000 0.000000
0.000000 -1.000000 0.000000
0.000000 -1.000000 0.000000
0.000000 -1.000000 0.000000
0.000000 -1.000000 0.000000
0.000000 -1.000000 0.000000
0.000000 -1.000000 0.000000
0.000000 -1.000000 0.000000
0.000000 -1.000000 0.000000
0.000000 -1.000000 0.000000
0.000000 -1.000000 0.000000
0.000000 -1.000000 0.000000
0.000000 -1.000000 0.000000
0.000000 -1.000000 0.000000
0.000000 -1.000000 0.000000
0.000000 -1.000000 0.000000
0.000000 1.000000 0.000000
0.000000 1.000000 0.000000
0.000000 1.000000 0.000000
0.000000 1.000000 0.000000
0.000000 1.000000 0.000000
0.000000 1.000000 0.000000
0.000000 1.000000 0.000000
0.000000 1.000000 0.000000
0.000000 1.000000 0.000000
0.000000 1.000000 0.000000
0.000000 1.000000 0.000000
0.000000 1.000000 0.000000
0.000000 1.000000 0.000000
0.000000 1.000000 0.000000
0.000000 1.000000 0.000000
0.000000 1.000000 0.000000
0.000000 1.000000 0.000000
0.000000 1.000000 0.000000
0.000000 1.000000 0.000000
0.000000 1.000000 0.000000
0.000000 1.000000 0.000000
0.000000 1.000000 0.000000
0.000000 1.000000 0.000000
0.000000 1.000000 0.000000
0.000000 1.000000 0.000000
0.000000 1.000000 0.000000
0.000000 1.000000 0.000000
0.000000 1.000000 0.000000
0.000000 1.000000 0.000000
0.000000 1.000000 0.000000
0.000000 1.000000 0.000000
0.000000 1.000000 0.000000
0.000000 1.000000 0.000000
0.000000 1.000000 0.000000
0.000000 1.000000 0.000000
0.000000 1.000000 0.000000
0.000000 1.000000 0.000000
0.000000 1.000000 0.000000
0.000000 1.000000 0.000000
0.000000 1.000000 0.000000
0.000000 1.000000 0.000000
0.000000 1.000000 0.000000
0.000000 1.000000 0.000000
0.000000 1.000000 0.000000
0.000000 1.000000 0.000000
0.000000 1.000000 0.000000
0.000000 1.000000 0.000000
0.000000 1.000000 0.000000
0.000000 1.000000 0.000000
0.000000 1.000000 0.000000
0.000000 1.000000 0.000000
0.000000 1.000000 0.000000
0.000000 1.000000 0.000000
0.000000 1.000000 0.000000
0.000000 1.000000 0.000000
0.000000 1.000000 0.000000
0.000000 1.000000 0.000000
0.000000 1.000000 0.000000
0.000000 1.000000 0.000000
0.000000 1.000000 0.000000
0.000000 1.000000 0.000000
0.000000 1.000000 0.000000
0.000000 1.000000 0.000000
0.000000 1.000000 0.000000
0.000000 1.000000 0.000000
0.000000 1.000000 0.000000
0.000000 1.000000 0.000000
0.000000 1.000000 0.000000
0.000000 1.000000 0.000000
0.000000 1.000000 0.000000
0.000000 1.000000 0.000000
0.000000 1.000000 0.000000
0.000000 1.000000 0.000000
0.000000 1.000000 0.000000
0.000000 1.000000 0.000000
0.000000 1.000000 0.000000
0.000000 1.000000 0.000000
0.000000 1.000000 0.000000
0.973839 -0.000000 -0.227240
1.000000 0.000000 0.000000
1.000000 0.000000 0.000000
1.000000 0.000000 0.000000
0.973839 -0.000000 -0.227240
0.973839 -0.000000 -0.227240
0.898223 -0.000000 -0.439541
0.973839 -0.000000 -0.227240
0.973839 -0.000000 -0.227240
0.973839 -0.000000 -0.227240
0.898223 -0.000000 -0.439541
0.898223 -0.000000 -0.439541
0.780095 -0.000000 -0.625661
0.898223 -0.000000 -0.439541
0.898223 -0.000000 -0.439541
0.898223 -0.000000 -0.439541
0.780095 -0.000000 -0.625661
0.780095 -0.000000 -0.625661
0.625661 -0.000000 -0.780095
0.780095 -0.000000 -0.625661
0.780095 -0.000000 -0.625661
0.780095 -0.000000 -0.625661
0.625661 -0.000000 -0.780095
0.625661 -0.000000 -0.780095
0.439540 -0.000000 -0.898223
0.625661 -0.000000 -0.780095
0.625661 -0.000000 -0.780095
0.625661 -0.000000 -0.780095
0.439541 -0.000000 -0.898223
0.439540 -0.000000 -0.898223
0.227240 -0.000000 -0.973839
0.439540 -0.000000 -0.898223
0.439541 -0.000000 -0.898223
0.439541 -0.000000 -0.898223
0.227240 -0.000000 -0.973839
0.227240 -0.000000 -0.973839
-0.000000 -0.000000 -1.000000
0.227240 -0.000000 -0.973839
0.227240 -0.000000 -0.973839
0.227240 -0.000000 -0.973839
0.000000 -0.000000 -1.000000
-0.000000 -0.000000 -1.000000
-0.227240 -0.000000 -0.973839
-0.000000 -0.000000 -1.000000
0.000000 -0.000000 -1.000000
0.000000 -0.000000 -1.000000
-0.227240 -0.000000 -0.973839
-0.227240 -0.000000 -0.973839
-0.439541 -0.000000 -0.898223
-0.227240 -0.000000 -0.973839
-0.227240 -0.000000 -0.973839
-0.227240 -0.000000 -0.973839
-0.439541 -0.000000 -0.898223
-0.439541 -0.000000 -0.898223
-0.625661 -0.000000 -0.780095
-0.439541 -0.000000 -0.898223
-0.439541 -0.000000 -0.898223
-0.439541 -0.000000 -0.898223
-0.625661 -0.000000 -0.780095
-0.625661 -0.000000 -0.780095
-0.780095 -0.000000 -0.625661
-0.625661 -0.000000 -0.780095
-0.625661 -0.000000 -0.780095
-0.625661 -0.000000 -0.780095
-0.780095 -0.000000 -0.625661
-0.780095 -0.000000 -0.625661
-0.898223 -0.000000 -0.439540
-0.780095 -0.000000 -0.625661
-0.780095 -0.000000 -0.625661
-0.780095 -0.000000 -0.625661
-0.898223 -0.000000 -0.439540
-0.898223 -0.000000 -0.439540
-0.973839 -0.000000 -0.227240
-0.898223 -0.000000 -0.439540
-0.898223 -0.000000 -0.439540
-0.898223 -0.000000 -0.439540
-0.973839 -0.000000 -0.227240
-0.973839 -0.000000 -0.227240
-1.000000 0.000000 0.000000
-0.973839 -0.000000 -0.227240
-0.973839 -0.000000 -0.227240
-0.973839 -0.000000 -0.227240
-1.000000 -0.000000 -0.000000
-1.000000 0.000000 0.000000
-0.973839 0.000000 0.227240
-1.000000 0.000000 0.000000
-1.000000 -0.000000 -0.000000
-1.000000 -0.000000 -0.000000
-0.973839 0.000000 0.227240
-0.973839 0.000000 0.227240
-0.898223 0.000000 0.439541
-0.973839 0.000000 0.227240
-0.973839 0.000000 0.227240
-0.973839 0.000000 0.227240
-0.898223 0.000000 0.439541
-0.898223 0.000000 0.439541
-0.780095 0.000000 0.625661
-0.898223 0.000000 0.439541
-0.898223 0.000000 0.439541
-0.898223 0.000000 0.439541
-0.780095 0.000000 0.625661
-0.780095 0.000000 0.625661
-0.625661 0.000000 0.780095
-0.780095 0.000000 0.625661
-0.780095 0.000000 0.625661
-0.780095 0.000000 0.625661
-0.625661 0.000000 0.780095
-0.625661 0.000000 0.780095
-0.439541 0.000000 0.898223
-0.625661 0.000000 0.780095
-0.625661 0.000000 0.780095
-0.625661 0.000000 0.780095
-0.439541 0.000000 0.898223
-0.439541 0.000000 0.898223
-0.227240 0.000000 0.973839
-0.439541 0.000000 0.898223
-0.439541 0.000000 0.898223
-0.439541 0.000000 0.898223
-0.227240 0.000000 0.973839
-0.227240 0.000000 0.973839
0.000000 0.000000 1.000000
-0.227240 0.000000 0.973839
-0.227240 0.000000 0.973839
-0.227240 0.000000 0.973839
-0.000000 0.000000 1.000000
0.000000 0.000000 1.000000
0.227240 0.000000 0.973839
0.000000 0.000000 1.000000
-0.000000 0.000000 1.000000
-0.000000 0.000000 1.000000
0.227240 0.000000 0.973839
0.227240 0.000000 0.973839
0.439541 0.000000 0.898223
0.227240 0.000000 0.973839
0.227240 0.000000 0.973839
0.227240 0.000000 0.973839
0.439541 0.000000 0.898223
0.439541 0.000000 0.898223
0.625661 0.000000 0.780095
0.439541 0.000000 0.898223
0.439541 0.000000 0.898223
0.439541 0.000000 0.898223
0.625661 0.000000 0.780095
0.625661 0.000000 0.780095
0.780095 0.000000 0.625661
0.625661 0.000000 0.780095
0.625661 0.000000 0.780095
0.625661 0.000000 0.780095
0.780095 0.000000 0.625661
0.780095 0.000000 0.625661
0.898223 0.000000 0.439540
0.780095 0.000000 0.625661
0.780095 0.000000 0.625661
0.780095 0.000000 0.625661
0.898223 0.000000 0.439541
0.898223 0.000000 0.439540
0.973839 0.000000 0.227240
0.898223 0.000000 0.439540
0.898223 0.000000 0.439541
0.898223 0.000000 0.439541
0.973839 0.000000 0.227240
0.973839 0.000000 0.227240
1.000000 0.000000 0.000000
0.973839 0.000000 0.227240
0.973839 0.000000 0.227240
0.973839 0.000000 0.227240
1.000000 0.000000 0.000000
1.000000 0.000000 0.000000
0.000000 -1.000000 0.000000
0.000000 -1.000000 0.000000
0.000000 -1.000000 0.000000
0.000000 -1.000000 0.000000
0.000000 -1.000000 0.000000
0.000000 -1.000000 0.000000
0.000000 -1.000000 0.000000
0.000000 -1.000000 0.000000
0.000000 -1.000000 0.000000
0.000000 -1.000000 0.000000
0.000000 -1.000000 0.000000
0.000000 -1.000000 0.000000
0.000000 -1.000000 0.000000
0.000000 -1.000000 0.000000
0.000000 -1.000000 0.000000
0.000000 -1.000000 0.000000
0.000000 -1.000000 0.000000
0.000000 -1.000000 0.000000
0.000000 -1.000000 0.000000
0.000000 -1.000000 0.000000
0.000000 -1.000000 0.000000
0.000000 -1.000000 0.000000
0.000000 -1.000000 0.000000
0.000000 -1.000000 0.000000
0.000000 -1.000000 0.000000
0.000000 -1.000000 0.000000
0.000000 -1.000000 0.000000
0.000000 -1.000000 0.000000
0.000000 -1.000000 0.000000
0.000000 -1.000000 0.000000
0.000000 -1.000000 0.000000
0.000000 -1.000000 0.000000
0.000000 -1.000000 0.000000
0.000000 -1.000000 0.000000
0.000000 -1.000000 0.000000
0.000000 -1.000000 0.000000
0.000000 -1.000000 0.000000
0.000000 -1.000000 0.000000
0.000000 -1.000000 0.000000
0.000000 -1.000000 0.000000
0.000000 -1.000000 0.000000
0.000000 -1.000000 0.000000
0.000000 -1.000000 0.000000
0.000000 -1.000000 0.000000
0.000000 -1.000000 0.000000
0.000000 -1.000000 0.000000
0.000000 -1.000000 0.000000
0.000000 -1.000000 0.000000
0.000000 -1.000000 0.000000
0.000000 -1.000000 0.000000
0.000000 -1.000000 0.000000
0.000000 -1.000000 0.000000
0.000000 -1.000000 0.000000
0.000000 -1.000000 0.000000
0.000000 -1.000000 0.000000
0.000000 -1.000000 0.000000
0.000000 -1.000000 0.000000
0.000000 -1.000000 0.000000
0.000000 -1.000000 0.000000
0.000000 -1.000000 0.000000
0.000000 -1.000000 0.000000
0.000000 -1.000000 0.000000
0.000000 -1.000000 0.000000
0.000000 -1.000000 0.000000
0.000000 -1.000000 0.000000
0.000000 -1.000000 0.000000
0.000000 -1.000000 0.000000
0.000000 -1.000000 0.000000
0.000000 -1.000000 0.000000
0.000000 -1.000000 0.000000
0.000000 -1.000000 0.000000
0.000000 -1.000000 0.000000
0.000000 -1.000000 0.000000
0.000000 -1.000000 0.000000
0.000000 -1.000000 0.000000
0.000000 -1.000000 0.000000
0.000000 -1.000000 0.000000
0.000000 -1.000000 0.000000
0.000000 1.000000 0.000000
0.000000 1.000000 0.000000
0.000000 1.000000 0.000000
-0.000001 1.000000 0.000000
-0.000004 1.000000 0.000001
-0.000000 1.000000 -0.000000
-0.000001 1.000000 -0.000000
-0.000001 1.000000 0.000000
-0.000000 1.000000 -0.000000
-0.000000 1.000000 -0.000000
-0.000001 1.000000 -0.000000
-0.000000 1.000000 -0.000000
0.000001 1.000000 -0.000000
-0.000000 1.000000 -0.000000
-0.000000 1.000000 -0.000000
-0.000000 1.000000 -0.000000
0.000001 1.000000 -0.000000
-0.000000 1.000000 -0.000000
-0.000000 1.000000 -0.000000
-0.000000 1.000000 -0.000000
-0.000000 1.000000 -0.000000
-0.000000 1.000000 -0.000000
-0.000000 1.000000 -0.000000
-0.000000 1.000000 -0.000000
-0.000000 1.000000 -0.000000
-0.000000 1.000000 -0.000000
-0.000000 1.000000 -0.000000
0.000000 1.000000 -0.000000
-0.000000 1.000000 -0.000000
-0.000000 1.000000 -0.000000
0.000000 1.000000 -0.000000
0.000000 1.000000 -0.000000
-0.000000 1.000000 -0.000000
0.000000 1.000000 -0.000000
0.000000 1.000000 -0.000000
-0.000000 1.000000 -0.000000
0.000000 1.000000 -0.000000
0.000000 1.000000 -0.000000
-0.000000 1.000000 -0.000000
-0.000000 1.000000 -0.000000
0.000000 1.000000 -0.000000
-0.000000 1.000000 -0.000000
-0.000000 1.000000 -0.000000
-0.000000 1.000000 -0.000000
-0.000000 1.000000 -0.000000
0.000000 1.000000 -0.000000
-0.000000 1.000000 -0.000000
-0.000000 1.000000 -0.000000
0.000000 1.000000 -0.000000
0.000000 1.000000 -0.000000
-0.000000 1.000000 -0.000000
0.000000 1.000000 0.000000
0.000000 1.000000 -0.000000
-0.000000 1.000000 -0.000000
0.000000 1.000000 -0.000000
0.000000 1.000000 0.000000
-0.000000 1.000000 -0.000000
0.000000 1.000000 -0.000001
0.000000 1.000000 -0.000000
-0.000000 1.000000 -0.000000
0.000000 1.000000 0.000000
0.000000 1.000000 -0.000001
-0.000000 1.000000 -0.000000
0.000000 1.000000 0.000000
-0.000000 1.000000 -0.000000
0.000000 1.000000 0.000000
0.000000 1.000000 0.000000
0.000000 1.000000 0.000000
0.000000 1.000000 0.000000
0.000000 1.000000 0.000000
0.000000 1.000000 0.000000
0.000000 1.000000 0.000000
0.000000 1.000000 0.000000
0.000000 1.000000 0.000000
0.000000 1.000000 0.000000
0.000000 1.000000 0.000000
0.000000 1.000000 0.000000
0.000000 1.000000 0.000000
0.973839 0.000000 -0.227239
1.000000 0.000000 0.000000
1.000000 0.000000 -0.000000
1.000000 0.000000 -0.000000
0.973839 -0.000000 -0.227241
0.973839 0.000000 -0.227239
0.898223 -0.000000 -0.439541
0.973839 0.000000 -0.227239
0.973839 -0.000000 -0.227241
0.973839 -0.000000 -0.227241
0.898223 -0.000000 -0.439539
0.898223 -0.000000 -0.439541
0.780093 -0.000000 -0.625663
0.898223 -0.000000 -0.439541
0.898223 -0.000000 -0.439539
0.898223 -0.000000 -0.439539
0.780095 0.000000 -0.625661
0.780093 -0.000000 -0.625663
0.625659 0.000000 -0.780097
0.780093 -0.000000 -0.625663
0.780095 0.000000 -0.625661
0.780095 0.000000 -0.625661
0.625659 0.000000 -0.780097
0.625659 0.000000 -0.780097
0.439545 0.000000 -0.898221
0.625659 0.000000 -0.780097
0.625659 0.000000 -0.780097
0.625659 0.000000 -0.780097
0.439539 -0.000000 -0.898223
0.439545 0.000000 -0.898221
0.227242 -0.000001 -0.973839
0.439545 0.000000 -0.898221
0.439539 -0.000000 -0.898223
0.439539 -0.000000 -0.898223
0.227242 -0.000000 -0.973838
0.227242 -0.000001 -0.973839
0.000000 -0.000000 -1.000000
0.227242 -0.000001 -0.973839
0.227242 -0.000000 -0.973838
0.227242 -0.000000 -0.973838
0.000000 -0.000000 -1.000000
0.000000 -0.000000 -1.000000
-0.227242 -0.000000 -0.973838
0.000000 -0.000000 -1.000000
0.000000 -0.000000 -1.000000
0.000000 -0.000000 -1.000000
-0.227242 -0.000001 -0.973838
-0.227242 -0.000000 -0.973838
-0.439545 -0.000000 -0.898221
-0.227242 -0.000000 -0.973838
-0.227242 -0.000001 -0.973838
-0.227242 -0.000001 -0.973838
-0.439539 0.000000 -0.898223
-0.439545 -0.000000 -0.898221
-0.625659 0.000000 -0.780097
-0.439545 -0.000000 -0.898221
-0.439539 0.000000 -0.898223
-0.439539 0.000000 -0.898223
-0.625659 0.000000 -0.780097
-0.625659 0.000000 -0.780097
-0.780093 0.000000 -0.625663
-0.625659 0.000000 -0.780097
-0.625659 0.000000 -0.780097
-0.625659 0.000000 -0.780097
-0.780095 -0.000000 -0.625661
-0.780093 0.000000 -0.625663
-0.898223 -0.000000 -0.439540
-0.780093 0.000000 -0.625663
-0.780095 -0.000000 -0.625661
-0.780095 -0.000000 -0.625661
-0.898224 -0.000000 -0.439539
-0.898223 -0.000000 -0.439540
-0.973839 -0.000000 -0.227239
-0.898223 -0.000000 -0.439540
-0.898224 -0.000000 -0.439539
-0.898224 -0.000000 -0.439539
-0.973838 0.000000 -0.227241
-0.973839 -0.000000 -0.227239
-1.000000 0.000000 -0.000000
-0.973839 -0.000000 -0.227239
-0.973838 0.000000 -0.227241
-0.973838 0.000000 -0.227241
-1.000000 0.000000 0.000000
-1.000000 0.000000 -0.000000
-0.973839 0.000000 0.227241
-1.000000 0.000000 -0.000000
-1.000000 0.000000 0.000000
-1.000000 0.000000 0.000000
-0.973839 0.000000 0.227239
-0.973839 0.000000 0.227241
-0.898222 0.000000 0.439542
-0.973839 0.000000 0.227241
-0.973839 0.000000 0.227239
-0.973839 0.000000 0.227239
-0.898223 0.000000 0.439541
-0.898222 0.000000 0.439542
-0.780096 0.000001 0.625660
-0.898222 0.000000 0.439542
-0.898223 0.000000 0.439541
-0.898223 0.000000 0.439541
-0.780093 0.000000 0.625664
-0.780096 0.000001 0.625660
-0.625662 0.000000 0.780094
-0.780096 0.000001 0.625660
-0.780093 0.000000 0.625664
-0.780093 0.000000 0.625664
-0.625659 0.000000 0.780097
-0.625662 0.000000 0.780094
-0.439539 0.000000 0.898223
-0.625662 0.000000 0.780094
-0.625659 0.000000 0.780097
-0.625659 0.000000 0.780097
-0.439539 0.000000 0.898223
-0.439539 0.000000 0.898223
-0.227242 0.000000 0.973838
-0.439539 0.000000 0.898223
-0.439539 0.000000 0.898223
-0.439539 0.000000 0.898223
-0.227242 0.000000 0.973838
-0.227242 0.000000 0.973838
0.000000 0.000000 1.000000
-0.227242 0.000000 0.973838
-0.227242 0.000000 0.973838
-0.227242 0.000000 0.973838
-0.000000 0.000000 1.000000
0.000000 0.000000 1.000000
0.227242 0.000000 0.973838
0.000000 0.000000 1.000000
-0.000000 0.000000 1.000000
-0.000000 0.000000 1.000000
0.227242 0.000000 0.973838
0.227242 0.000000 0.973838
0.439539 0.000000 0.898223
0.227242 0.000000 0.973838
0.227242 0.000000 0.973838
0.227242 0.000000 0.973838
0.439539 0.000000 0.898223
0.439539 0.000000 0.898223
0.625662 0.000000 0.780094
0.439539 0.000000 0.898223
0.439539 0.000000 0.898223
0.439539 0.000000 0.898223
0.625659 0.000000 0.780097
0.625662 0.000000 0.780094
0.780096 0.000000 0.625660
0.625662 0.000000 0.780094
0.625659 0.000000 0.780097
0.625659 0.000000 0.780097
0.780095 0.000000 0.625661
0.780096 0.000000 0.625660
0.898222 0.000000 0.439542
0.780096 0.000000 0.625660
0.780095 0.000000 0.625661
0.780095 0.000000 0.625661
0.898224 0.000000 0.439539
0.898222 0.000000 0.439542
0.973838 0.000000 0.227241
0.898222 0.000000 0.439542
0.898224 0.000000 0.439539
0.898224 0.000000 0.439539
0.973838 0.000000 0.227241
0.973838 0.000000 0.227241
1.000000 0.000000 0.000000
0.973838 0.000000 0.227241
0.973838 0.000000 0.227241
0.973838 0.000000 0.227241
1.000000 0.000000 -0.000000
1.000000 0.000000 0.000000
0.000000 -1.000000 0.000000
0.000000 -1.000000 0.000000
0.000000 -1.000000 0.000000
0.000000 -1.000000 0.000000
0.000000 -1.000000 0.000000
0.000000 -1.000000 0.000000
0.000000 -1.000000 0.000000
0.000000 -1.000000 0.000000
0.000000 -1.000000 0.000000
0.000000 -1.000000 0.000000
0.000000 -1.000000 0.000000
0.000000 -1.000000 0.000000
0.000000 -1.000000 0.000000
0.000000 -1.000000 0.000000
0.000000 -1.000000 0.000000
0.000000 -1.000000 0.000000
0.000000 -1.000000 0.000000
0.000000 -1.000000 0.000000
0.000000 -1.000000 0.000000
0.000000 -1.000000 0.000000
0.000000 -1.000000 0.000000
0.000000 -1.000000 0.000000
0.000000 -1.000000 0.000000
0.000000 -1.000000 0.000000
0.000000 -1.000000 0.000000
0.000000 -1.000000 0.000000
0.000000 -1.000000 0.000000
0.000000 -1.000000 0.000000
0.000000 -1.000000 0.000000
0.000000 -1.000000 0.000000
0.000000 -1.000000 0.000000
0.000000 -1.000000 0.000000
0.000000 -1.000000 0.000000
0.000000 -1.000000 0.000000
0.000000 -1.000000 0.000000
0.000000 -1.000000 0.000000
0.000000 -1.000000 0.000000
0.000000 -1.000000 0.000000
0.000000 -1.000000 0.000000
0.000000 -1.000000 0.000000
0.000000 -1.000000 0.000000
0.000000 -1.000000 0.000000
0.000000 -1.000000 0.000000
0.000000 -1.000000 0.000000
0.000000 -1.000000 0.000000
0.000000 -1.000000 0.000000
0.000000 -1.000000 0.000000
0.000000 -1.000000 0.000000
0.000000 -1.000000 0.000000
0.000000 -1.000000 0.000000
0.000000 -1.000000 0.000000
0.000000 -1.000000 0.000000
0.000000 -1.000000 0.000000
0.000000 -1.000000 0.000000
0.000000 -1.000000 0.000000
0.000000 -1.000000 0.000000
0.000000 -1.000000 0.000000
0.000000 -1.000000 0.000000
0.000000 -1.000000 0.000000
0.000000 -1.000000 0.000000
0.000000 -1.000000 0.000000
0.000000 -1.000000 0.000000
0.000000 -1.000000 0.000000
0.000000 -1.000000 0.000000
0.000000 -1.000000 0.000000
0.000000 -1.000000 0.000000
0.000000 -1.000000 0.000000
0.000000 -1.000000 0.000000
0.000000 -1.000000 0.000000
0.000000 -1.000000 0.000000
0.000000 -1.000000 0.000000
0.000000 -1.000000 0.000000
0.000000 -1.000000 0.000000
0.000000 -1.000000 0.000000
0.000000 -1.000000 0.000000
0.000000 -1.000000 0.000000
0.000000 -1.000000 0.000000
0.000000 -1.000000 0.000000
0.000000 1.000000 0.000000
0.000000 1.000000 0.000000
0.000000 1.000000 0.000000
-0.000001 1.000000 0.000000
-0.000004 1.000000 0.000001
-0.000000 1.000000 -0.000000
-0.000001 1.000000 -0.000000
-0.000001 1.000000 0.000000
-0.000000 1.000000 -0.000000
-0.000000 1.000000 -0.000000
-0.000001 1.000000 -0.000000
-0.000000 1.000000 -0.000000
0.000001 1.000000 -0.000000
-0.000000 1.000000 -0.000000
-0.000000 1.000000 -0.000000
-0.000000 1.000000 -0.000000
0.000001 1.000000 -0.000000
-0.000000 1.000000 -0.000000
-0.000000 1.000000 -0.000000
-0.000000 1.000000 -0.000000
-0.000000 1.000000 -0.000000
-0.000000 1.000000 -0.000000
-0.000000 1.000000 -0.000000
-0.000000 1.000000 -0.000000
-0.000000 1.000000 -0.000000
-0.000000 1.000000 -0.000000
-0.000000 1.000000 -0.000000
0.000000 1.000000 -0.000000
-0.000000 1.000000 -0.000000
-0.000000 1.000000 -0.000000
0.000000 1.000000 -0.000000
0.000000 1.000000 -0.000000
-0.000000 1.000000 -0.000000
0.000000 1.000000 -0.000000
0.000000 1.000000 -0.000000
-0.000000 1.000000 -0.000000
0.000000 1.000000 -0.000000
0.000000 1.000000 -0.000000
-0.000000 1.000000 -0.000000
-0.000000 1.000000 -0.000000
0.000000 1.000000 -0.000000
-0.000000 1.000000 -0.000000
-0.000000 1.000000 -0.000000
-0.000000 1.000000 -0.000000
-0.000000 1.000000 -0.000000
0.000000 1.000000 -0.000000
-0.000000 1.000000 -0.000000
-0.000000 1.000000 -0.000000
0.000000 1.000000 -0.000000
0.000000 1.000000 -0.000000
-0.000000 1.000000 -0.000000
0.000000 1.000000 0.000000
0.000000 1.000000 -0.000000
-0.000000 1.000000 -0.000000
0.000000 1.000000 -0.000000
0.000000 1.000000 0.000000
-0.000000 1.000000 -0.000000
0.000000 1.000000 -0.000001
0.000000 1.000000 -0.000000
-0.000000 1.000000 -0.000000
0.000000 1.000000 0.000000
0.000000 1.000000 -0.000001
-0.000000 1.000000 -0.000000
0.000000 1.000000 0.000000
-0.000000 1.000000 -0.000000
0.000000 1.000000 0.000000
0.000000 1.000000 0.000000
0.000000 1.000000 0.000000
0.000000 1.000000 0.000000
0.000000 1.000000 0.000000
0.000000 1.000000 0.000000
0.000000 1.000000 0.000000
0.000000 1.000000 0.000000
0.000000 1.000000 0.000000
0.000000 1.000000 0.000000
0.000000 1.000000 0.000000
0.000000 1.000000 0.000000
0.000000 1.000000 0.000000
</float_array>
          <technique_common>
            <accessor source="#torpedo_frame-Normal0-array" count="11844" stride="3">
              <param name="X" type="float"/>
              <param name="Y" type="float"/>
              <param name="Z" type="float"/>
            </accessor>
          </technique_common>
        </source>
        <vertices id="torpedo_frame-VERTEX">
          <input semantic="POSITION" source="#torpedo_frame-POSITION"/>
        </vertices>
        <triangles count="3948" material="torpedo_pvc">
          <input semantic="VERTEX" offset="0" source="#torpedo_frame-VERTEX"/>
          <input semantic="NORMAL" offset="1" source="#torpedo_frame-Normal0"/>
          <p> 29 0 28 1 0 2 0 3 1 4 29 5 30 6 29 7 1 8 1 9 2 10 30 11 31 12 30 13 2 14 2 15 3 16 31 17 32 18 31 19 3 20 3 21 4 22 32 23 33 24 32 25 4 26 4 27 5 28 33 29 34 30 33 31 5 32 5 33 6 34 34 35 35 36 34 37 6 38 6 39 7 40 35 41 36 42 35 43 7 44 7 45 8 46 36 47 37 48 36 49 8 50 8 51 9 52 37 53 38 54 37 55 9 56 9 57 10 58 38 59 39 60 38 61 10 62 10 63 11 64 39 65 40 66 39 67 11 68 11 69 12 70 40 71 41 72 40 73 12 74 12 75 13 76 41 77 42 78 41 79 13 80 13 81 14 82 42 83 43 84 42 85 14 86 14 87 15 88 43 89 44 90 43 91 15 92 15 93 16 94 44 95 45 96 44 97 16 98 16 99 17 100 45 101 46 102 45 103 17 104 17 105 18 106 46 107 47 108 46 109 18 110 18 111 19 112 47 113 48 114 47 115 19 116 19 117 20 118 48 119 49 120 48 121 20 122 20 123 21 124 49 125 50 126 49 127 21 128 21 129 22 130 50 131 51 132 50 133 22 134 22 135 23 136 51 137 52 138 51 139 23 140 23 141 24 142 52 143 53 144 52 145 24 146 24 147 25 148 53 149 54 150 53 151 25 152 25 153 26 154 54 155 55 156 54 157 26 158 26 159 27 160 55 161 28 162 55 163 27 164 27 165 0 166 28 167 3 168 2 169 1 170 3 171 1 172 0 173 3 174 0 175 27 176 3 177 27 178 26 179 3 180 26 181 25 182 3 183 25 184 24 185 3 186 24 187 23 188 3 189 23 190 22 191 3 192 22 193 21 194 3 195 21 196 20 197 3 198 20 199 19 200 3 201 19 202 18 203 3 204 18 205 17 206 3 207 17 208 16 209 3 210 16 211 15 212 3 213 15 214 14 215 3 216 14 217 13 218 3 219 13 220 12 221 3 222 12 223 11 224 3 225 11 226 10 227 4 228 3 229 10 230 5 231 4 232 10 233 5 234 10 235 9 236 5 237 9 238 8 239 6 240 5 241 8 242 6 243 8 244 7 245 34 246 35 247 36 248 29 249 30 250 31 251 28 252 29 253 31 254 55 255 28 256 31 257 54 258 55 259 31 260 53 261 54 262 31 263 52 264 53 265 31 266 51 267 52 268 31 269 50 270 51 271 31 272 49 273 50 274 31 275 48 276 49 277 31 278 47 279 48 280 31 281 46 282 47 283 31 284 45 285 46 286 31 287 44 288 45 289 31 290 43 291 44 292 31 293 42 294 43 295 31 296 41 297 42 298 31 299 40 300 41 301 31 302 39 303 40 304 31 305 38 306 39 307 31 308 38 309 31 310 32 311 38 312 32 313 33 314 37 315 38 316 33 317 36 318 37 319 33 320 34 321 36 322 33 323 56 324 182 325 58 326 58 327 183 328 59 329 56 330 58 331 59 332 56 333 59 334 186 335 186 336 61 337 56 338 182 339 206 340 87 341 87 342 58 343 182 344 58 345 88 346 89 347 89 348 184 349 183 350 58 351 89 352 183 353 186 354 215 355 81 356 81 357 61 358 186 359 188 360 212 361 92 362 92 363 91 364 188 365 188 366 91 367 93 368 93 369 63 370 188 371 63 372 93 373 94 374 94 375 64 376 63 377 64 378 94 379 95 380 95 381 65 382 64 383 65 384 95 385 96 386 96 387 66 388 65 389 66 390 96 391 97 392 97 393 67 394 66 395 67 396 97 397 98 398 98 399 68 400 67 401 68 402 98 403 225 404 68 405 225 406 99 407 68 408 99 409 69 410 69 411 99 412 100 413 100 414 70 415 69 416 70 417 100 418 101 419 101 420 71 421 70 422 71 423 101 424 102 425 102 426 72 427 71 428 72 429 102 430 103 431 103 432 73 433 72 434 73 435 103 436 104 437 104 438 74 439 73 440 74 441 104 442 105 443 105 444 75 445 74 446 75 447 105 448 106 449 106 450 76 451 75 452 76 453 106 454 107 455 107 456 77 457 76 458 77 459 107 460 108 461 108 462 78 463 77 464 78 465 108 466 109 467 109 468 79 469 78 470 79 471 109 472 87 473 87 474 206 475 79 476 81 477 215 478 110 479 110 480 82 481 81 482 82 483 110 484 111 485 111 486 83 487 82 488 83 489 111 490 112 491 112 492 84 493 83 494 84 495 112 496 113 497 113 498 85 499 84 500 85 501 113 502 92 503 92 504 212 505 85 506 58 507 87 508 114 509 114 510 88 511 58 512 184 513 89 514 231 515 231 516 116 517 184 518 224 519 135 520 134 521 224 522 134 523 99 524 225 525 224 526 99 527 99 528 134 529 133 530 133 531 100 532 99 533 100 534 133 535 132 536 132 537 101 538 100 539 101 540 132 541 131 542 131 543 102 544 101 545 102 546 131 547 130 548 130 549 103 550 102 551 103 552 130 553 129 554 129 555 104 556 103 557 104 558 129 559 128 560 128 561 105 562 104 563 105 564 128 565 127 566 127 567 106 568 105 569 106 570 127 571 126 572 126 573 107 574 106 575 107 576 126 577 125 578 125 579 108 580 107 581 108 582 125 583 124 584 124 585 109 586 108 587 87 588 109 589 124 590 124 591 114 592 87 593 231 594 239 595 141 596 141 597 116 598 231 599 233 600 256 601 143 602 143 603 142 604 233 605 233 606 142 607 144 608 144 609 118 610 233 611 118 612 144 613 145 614 145 615 119 616 118 617 119 618 145 619 146 620 146 621 120 622 119 623 146 624 147 625 121 626 121 627 120 628 146 629 147 630 148 631 122 632 122 633 121 634 147 635 122 636 148 637 141 638 141 639 239 640 122 641 224 642 265 643 136 644 136 645 135 646 224 647 136 648 265 649 150 650 150 651 137 652 136 653 137 654 150 655 151 656 151 657 138 658 137 659 138 660 151 661 152 662 152 663 139 664 138 665 139 666 152 667 143 668 143 669 256 670 139 671 216 672 153 673 180 674 180 675 218 676 216 677 216 678 217 679 154 680 154 681 153 682 216 683 217 684 229 685 155 686 155 687 154 688 217 689 156 690 155 691 229 692 229 693 228 694 156 695 227 696 157 697 156 698 156 699 228 700 227 701 226 702 158 703 157 704 157 705 227 706 226 707 159 708 158 709 226 710 226 711 90 712 159 713 60 714 160 715 159 716 159 717 90 718 60 719 185 720 161 721 160 722 160 723 60 724 185 725 185 726 232 727 162 728 162 729 161 730 185 731 257 732 163 733 162 734 162 735 232 736 257 737 264 738 164 739 163 740 163 741 257 742 264 743 263 744 165 745 164 746 164 747 264 748 263 749 262 750 166 751 165 752 165 753 263 754 262 755 261 756 167 757 166 758 166 759 262 760 261 761 168 762 167 763 261 764 261 765 260 766 168 767 169 768 168 769 260 770 260 771 258 772 169 773 258 774 259 775 170 776 170 777 169 778 258 779 259 780 268 781 171 782 171 783 170 784 259 785 267 786 172 787 171 788 171 789 268 790 267 791 266 792 173 793 172 794 172 795 267 796 266 797 174 798 173 799 266 800 266 801 149 802 174 803 223 804 175 805 174 806 174 807 149 808 223 809 222 810 176 811 175 812 175 813 223 814 222 815 221 816 177 817 176 818 176 819 222 820 221 821 220 822 178 823 177 824 177 825 221 826 220 827 219 828 179 829 178 830 178 831 220 832 219 833 218 834 180 835 179 836 179 837 219 838 218 839 187 840 207 841 208 842 208 843 209 844 210 845 210 846 211 847 86 848 208 849 210 850 86 851 86 852 62 853 189 854 189 855 190 856 191 857 86 858 189 859 191 860 191 861 192 862 193 863 193 864 194 865 195 866 191 867 193 868 195 869 86 870 191 871 195 872 195 873 196 874 197 875 197 876 198 877 199 878 195 879 197 880 199 881 199 882 200 883 201 884 201 885 202 886 203 887 199 888 201 889 203 890 195 891 199 892 203 893 203 894 204 895 205 896 205 897 80 898 57 899 203 900 205 901 57 902 195 903 203 904 57 905 86 906 195 907 57 908 208 909 86 910 57 911 187 912 208 913 57 914 181 915 187 916 57 917 230 918 240 919 241 920 241 921 242 922 243 923 243 924 244 925 245 926 241 927 243 928 245 929 245 930 246 931 247 932 247 933 248 934 249 935 245 936 247 937 249 938 249 939 250 940 251 941 251 942 252 943 253 944 249 945 251 946 253 947 245 948 249 949 253 950 253 951 254 952 255 953 255 954 140 955 117 956 253 957 255 958 117 959 117 960 234 961 235 962 235 963 236 964 237 965 117 966 235 967 237 968 253 969 117 970 237 971 237 972 238 973 123 974 123 975 115 976 214 977 237 978 123 979 214 980 253 981 237 982 214 983 245 984 253 985 214 986 241 987 245 988 214 989 230 990 241 991 214 992 213 993 230 994 214 995 270 996 271 997 272 998 272 999 273 1000 274 1001 274 1002 275 1003 276 1004 272 1005 274 1006 276 1007 276 1008 277 1009 278 1010 278 1011 279 1012 280 1013 276 1014 278 1015 280 1016 280 1017 281 1018 282 1019 282 1020 283 1021 284 1022 280 1023 282 1024 284 1025 276 1026 280 1027 284 1028 284 1029 285 1030 286 1031 286 1032 287 1033 288 1034 284 1035 286 1036 288 1037 288 1038 289 1039 290 1040 290 1041 291 1042 292 1043 288 1044 290 1045 292 1046 284 1047 288 1048 292 1049 292 1050 293 1051 294 1052 294 1053 295 1054 296 1055 292 1056 294 1057 296 1058 284 1059 292 1060 296 1061 276 1062 284 1063 296 1064 272 1065 276 1066 296 1067 270 1068 272 1069 296 1070 269 1071 270 1072 296 1073 59 1074 183 1075 184 1076 184 1077 185 1078 59 1079 98 1080 223 1081 224 1082 224 1083 225 1084 98 1085 56 1086 181 1087 57 1088 57 1089 182 1090 56 1091 59 1092 185 1093 60 1094 60 1095 186 1096 59 1097 61 1098 187 1099 181 1100 181 1101 56 1102 61 1103 182 1104 57 1105 80 1106 80 1107 206 1108 182 1109 88 1110 213 1111 214 1112 214 1113 89 1114 88 1115 186 1116 60 1117 90 1118 90 1119 215 1120 186 1121 81 1122 207 1123 187 1124 187 1125 61 1126 81 1127 188 1128 62 1129 86 1130 86 1131 212 1132 188 1133 92 1134 217 1135 216 1136 216 1137 91 1138 92 1139 91 1140 216 1141 218 1142 218 1143 93 1144 91 1145 63 1146 189 1147 62 1148 62 1149 188 1150 63 1151 93 1152 218 1153 219 1154 219 1155 94 1156 93 1157 64 1158 190 1159 189 1160 189 1161 63 1162 64 1163 94 1164 219 1165 220 1166 220 1167 95 1168 94 1169 65 1170 191 1171 190 1172 190 1173 64 1174 65 1175 95 1176 220 1177 221 1178 221 1179 96 1180 95 1181 66 1182 192 1183 191 1184 191 1185 65 1186 66 1187 96 1188 221 1189 222 1190 222 1191 97 1192 96 1193 67 1194 193 1195 192 1196 192 1197 66 1198 67 1199 97 1200 222 1201 223 1202 223 1203 98 1204 97 1205 68 1206 194 1207 193 1208 193 1209 67 1210 68 1211 69 1212 195 1213 194 1214 194 1215 68 1216 69 1217 70 1218 196 1219 195 1220 195 1221 69 1222 70 1223 71 1224 197 1225 196 1226 196 1227 70 1228 71 1229 72 1230 198 1231 197 1232 197 1233 71 1234 72 1235 73 1236 199 1237 198 1238 198 1239 72 1240 73 1241 74 1242 200 1243 199 1244 199 1245 73 1246 74 1247 75 1248 201 1249 200 1250 200 1251 74 1252 75 1253 76 1254 202 1255 201 1256 201 1257 75 1258 76 1259 77 1260 203 1261 202 1262 202 1263 76 1264 77 1265 78 1266 204 1267 203 1268 203 1269 77 1270 78 1271 79 1272 205 1273 204 1274 204 1275 78 1276 79 1277 206 1278 80 1279 205 1280 205 1281 79 1282 206 1283 215 1284 90 1285 226 1286 226 1287 110 1288 215 1289 82 1290 208 1291 207 1292 207 1293 81 1294 82 1295 110 1296 226 1297 227 1298 227 1299 111 1300 110 1301 83 1302 209 1303 208 1304 208 1305 82 1306 83 1307 111 1308 227 1309 228 1310 228 1311 112 1312 111 1313 84 1314 210 1315 209 1316 209 1317 83 1318 84 1319 112 1320 228 1321 229 1322 229 1323 113 1324 112 1325 85 1326 211 1327 210 1328 210 1329 84 1330 85 1331 113 1332 229 1333 217 1334 217 1335 92 1336 113 1337 212 1338 86 1339 211 1340 211 1341 85 1342 212 1343 114 1344 230 1345 213 1346 213 1347 88 1348 114 1349 89 1350 214 1351 115 1352 115 1353 231 1354 89 1355 116 1356 232 1357 185 1358 185 1359 184 1360 116 1361 135 1362 251 1363 250 1364 250 1365 134 1366 135 1367 134 1368 250 1369 249 1370 249 1371 133 1372 134 1373 133 1374 249 1375 248 1376 248 1377 132 1378 133 1379 132 1380 248 1381 247 1382 247 1383 131 1384 132 1385 131 1386 247 1387 246 1388 246 1389 130 1390 131 1391 130 1392 246 1393 245 1394 245 1395 129 1396 130 1397 129 1398 245 1399 244 1400 244 1401 128 1402 129 1403 128 1404 244 1405 243 1406 243 1407 127 1408 128 1409 127 1410 243 1411 242 1412 242 1413 126 1414 127 1415 126 1416 242 1417 241 1418 241 1419 125 1420 126 1421 125 1422 241 1423 240 1424 240 1425 124 1426 125 1427 124 1428 240 1429 230 1430 230 1431 114 1432 124 1433 231 1434 115 1435 123 1436 123 1437 239 1438 231 1439 141 1440 257 1441 232 1442 232 1443 116 1444 141 1445 233 1446 117 1447 140 1448 140 1449 256 1450 233 1451 143 1452 259 1453 258 1454 258 1455 142 1456 143 1457 142 1458 258 1459 260 1460 260 1461 144 1462 142 1463 118 1464 234 1465 117 1466 117 1467 233 1468 118 1469 144 1470 260 1471 261 1472 261 1473 145 1474 144 1475 119 1476 235 1477 234 1478 234 1479 118 1480 119 1481 145 1482 261 1483 262 1484 262 1485 146 1486 145 1487 120 1488 236 1489 235 1490 235 1491 119 1492 120 1493 146 1494 262 1495 263 1496 263 1497 147 1498 146 1499 121 1500 237 1501 236 1502 236 1503 120 1504 121 1505 147 1506 263 1507 264 1508 264 1509 148 1510 147 1511 122 1512 238 1513 237 1514 237 1515 121 1516 122 1517 148 1518 264 1519 257 1520 257 1521 141 1522 148 1523 239 1524 123 1525 238 1526 238 1527 122 1528 239 1529 224 1530 223 1531 149 1532 149 1533 265 1534 224 1535 136 1536 252 1537 251 1538 251 1539 135 1540 136 1541 265 1542 149 1543 266 1544 266 1545 150 1546 265 1547 137 1548 253 1549 252 1550 252 1551 136 1552 137 1553 150 1554 266 1555 267 1556 267 1557 151 1558 150 1559 138 1560 254 1561 253 1562 253 1563 137 1564 138 1565 151 1566 267 1567 268 1568 268 1569 152 1570 151 1571 139 1572 255 1573 254 1574 254 1575 138 1576 139 1577 152 1578 268 1579 259 1580 259 1581 143 1582 152 1583 256 1584 140 1585 255 1586 255 1587 139 1588 256 1589 153 1590 269 1591 296 1592 296 1593 180 1594 153 1595 154 1596 270 1597 269 1598 269 1599 153 1600 154 1601 155 1602 271 1603 270 1604 270 1605 154 1606 155 1607 156 1608 272 1609 271 1610 271 1611 155 1612 156 1613 157 1614 273 1615 272 1616 272 1617 156 1618 157 1619 158 1620 274 1621 273 1622 273 1623 157 1624 158 1625 159 1626 275 1627 274 1628 274 1629 158 1630 159 1631 160 1632 276 1633 275 1634 275 1635 159 1636 160 1637 161 1638 277 1639 276 1640 276 1641 160 1642 161 1643 162 1644 278 1645 277 1646 277 1647 161 1648 162 1649 163 1650 279 1651 278 1652 278 1653 162 1654 163 1655 164 1656 280 1657 279 1658 279 1659 163 1660 164 1661 165 1662 281 1663 280 1664 280 1665 164 1666 165 1667 166 1668 282 1669 281 1670 281 1671 165 1672 166 1673 167 1674 283 1675 282 1676 282 1677 166 1678 167 1679 168 1680 284 1681 283 1682 283 1683 167 1684 168 1685 169 1686 285 1687 284 1688 284 1689 168 1690 169 1691 170 1692 286 1693 285 1694 285 1695 169 1696 170 1697 171 1698 287 1699 286 1700 286 1701 170 1702 171 1703 172 1704 288 1705 287 1706 287 1707 171 1708 172 1709 173 1710 289 1711 288 1712 288 1713 172 1714 173 1715 174 1716 290 1717 289 1718 289 1719 173 1720 174 1721 175 1722 291 1723 290 1724 290 1725 174 1726 175 1727 176 1728 292 1729 291 1730 291 1731 175 1732 176 1733 177 1734 293 1735 292 1736 292 1737 176 1738 177 1739 178 1740 294 1741 293 1742 293 1743 177 1744 178 1745 179 1746 295 1747 294 1748 294 1749 178 1750 179 1751 180 1752 296 1753 295 1754 295 1755 179 1756 180 1757 297 1758 423 1759 299 1760 299 1761 424 1762 300 1763 297 1764 299 1765 300 1766 297 1767 300 1768 427 1769 427 1770 302 1771 297 1772 423 1773 447 1774 328 1775 328 1776 299 1777 423 1778 299 1779 329 1780 330 1781 330 1782 425 1783 424 1784 299 1785 330 1786 424 1787 427 1788 456 1789 322 1790 322 1791 302 1792 427 1793 429 1794 453 1795 333 1796 333 1797 332 1798 429 1799 429 1800 332 1801 334 1802 334 1803 304 1804 429 1805 304 1806 334 1807 335 1808 335 1809 305 1810 304 1811 305 1812 335 1813 336 1814 336 1815 306 1816 305 1817 306 1818 336 1819 337 1820 337 1821 307 1822 306 1823 307 1824 337 1825 338 1826 338 1827 308 1828 307 1829 308 1830 338 1831 339 1832 339 1833 309 1834 308 1835 309 1836 339 1837 466 1838 309 1839 466 1840 340 1841 309 1842 340 1843 310 1844 310 1845 340 1846 341 1847 341 1848 311 1849 310 1850 311 1851 341 1852 342 1853 342 1854 312 1855 311 1856 312 1857 342 1858 343 1859 343 1860 313 1861 312 1862 313 1863 343 1864 344 1865 344 1866 314 1867 313 1868 314 1869 344 1870 345 1871 345 1872 315 1873 314 1874 315 1875 345 1876 346 1877 346 1878 316 1879 315 1880 316 1881 346 1882 347 1883 347 1884 317 1885 316 1886 317 1887 347 1888 348 1889 348 1890 318 1891 317 1892 318 1893 348 1894 349 1895 349 1896 319 1897 318 1898 319 1899 349 1900 350 1901 350 1902 320 1903 319 1904 320 1905 350 1906 328 1907 328 1908 447 1909 320 1910 322 1911 456 1912 351 1913 351 1914 323 1915 322 1916 323 1917 351 1918 352 1919 352 1920 324 1921 323 1922 324 1923 352 1924 353 1925 353 1926 325 1927 324 1928 325 1929 353 1930 354 1931 354 1932 326 1933 325 1934 326 1935 354 1936 333 1937 333 1938 453 1939 326 1940 299 1941 328 1942 355 1943 355 1944 329 1945 299 1946 425 1947 330 1948 472 1949 472 1950 357 1951 425 1952 465 1953 376 1954 375 1955 465 1956 375 1957 340 1958 466 1959 465 1960 340 1961 340 1962 375 1963 374 1964 374 1965 341 1966 340 1967 341 1968 374 1969 373 1970 373 1971 342 1972 341 1973 342 1974 373 1975 372 1976 372 1977 343 1978 342 1979 343 1980 372 1981 371 1982 371 1983 344 1984 343 1985 344 1986 371 1987 370 1988 370 1989 345 1990 344 1991 345 1992 370 1993 369 1994 369 1995 346 1996 345 1997 346 1998 369 1999 368 2000 368 2001 347 2002 346 2003 347 2004 368 2005 367 2006 367 2007 348 2008 347 2009 348 2010 367 2011 366 2012 366 2013 349 2014 348 2015 349 2016 366 2017 365 2018 365 2019 350 2020 349 2021 328 2022 350 2023 365 2024 365 2025 355 2026 328 2027 472 2028 480 2029 382 2030 382 2031 357 2032 472 2033 474 2034 497 2035 384 2036 384 2037 383 2038 474 2039 474 2040 383 2041 385 2042 385 2043 359 2044 474 2045 359 2046 385 2047 386 2048 386 2049 360 2050 359 2051 360 2052 386 2053 387 2054 387 2055 361 2056 360 2057 387 2058 388 2059 362 2060 362 2061 361 2062 387 2063 388 2064 389 2065 363 2066 363 2067 362 2068 388 2069 363 2070 389 2071 382 2072 382 2073 480 2074 363 2075 465 2076 506 2077 377 2078 377 2079 376 2080 465 2081 377 2082 506 2083 391 2084 391 2085 378 2086 377 2087 378 2088 391 2089 392 2090 392 2091 379 2092 378 2093 379 2094 392 2095 393 2096 393 2097 380 2098 379 2099 380 2100 393 2101 384 2102 384 2103 497 2104 380 2105 457 2106 394 2107 421 2108 421 2109 459 2110 457 2111 457 2112 458 2113 395 2114 395 2115 394 2116 457 2117 458 2118 470 2119 396 2120 396 2121 395 2122 458 2123 397 2124 396 2125 470 2126 470 2127 469 2128 397 2129 468 2130 398 2131 397 2132 397 2133 469 2134 468 2135 467 2136 399 2137 398 2138 398 2139 468 2140 467 2141 400 2142 399 2143 467 2144 467 2145 331 2146 400 2147 301 2148 401 2149 400 2150 400 2151 331 2152 301 2153 426 2154 402 2155 401 2156 401 2157 301 2158 426 2159 426 2160 473 2161 403 2162 403 2163 402 2164 426 2165 498 2166 404 2167 403 2168 403 2169 473 2170 498 2171 505 2172 405 2173 404 2174 404 2175 498 2176 505 2177 504 2178 406 2179 405 2180 405 2181 505 2182 504 2183 503 2184 407 2185 406 2186 406 2187 504 2188 503 2189 502 2190 408 2191 407 2192 407 2193 503 2194 502 2195 409 2196 408 2197 502 2198 502 2199 501 2200 409 2201 410 2202 409 2203 501 2204 501 2205 499 2206 410 2207 499 2208 500 2209 411 2210 411 2211 410 2212 499 2213 500 2214 509 2215 412 2216 412 2217 411 2218 500 2219 508 2220 413 2221 412 2222 412 2223 509 2224 508 2225 507 2226 414 2227 413 2228 413 2229 508 2230 507 2231 415 2232 414 2233 507 2234 507 2235 390 2236 415 2237 464 2238 416 2239 415 2240 415 2241 390 2242 464 2243 463 2244 417 2245 416 2246 416 2247 464 2248 463 2249 462 2250 418 2251 417 2252 417 2253 463 2254 462 2255 461 2256 419 2257 418 2258 418 2259 462 2260 461 2261 460 2262 420 2263 419 2264 419 2265 461 2266 460 2267 459 2268 421 2269 420 2270 420 2271 460 2272 459 2273 428 2274 448 2275 449 2276 449 2277 450 2278 451 2279 451 2280 452 2281 327 2282 449 2283 451 2284 327 2285 327 2286 303 2287 430 2288 430 2289 431 2290 432 2291 327 2292 430 2293 432 2294 432 2295 433 2296 434 2297 434 2298 435 2299 436 2300 432 2301 434 2302 436 2303 327 2304 432 2305 436 2306 436 2307 437 2308 438 2309 438 2310 439 2311 440 2312 436 2313 438 2314 440 2315 440 2316 441 2317 442 2318 442 2319 443 2320 444 2321 440 2322 442 2323 444 2324 436 2325 440 2326 444 2327 444 2328 445 2329 446 2330 446 2331 321 2332 298 2333 444 2334 446 2335 298 2336 436 2337 444 2338 298 2339 327 2340 436 2341 298 2342 449 2343 327 2344 298 2345 428 2346 449 2347 298 2348 422 2349 428 2350 298 2351 471 2352 481 2353 482 2354 482 2355 483 2356 484 2357 484 2358 485 2359 486 2360 482 2361 484 2362 486 2363 486 2364 487 2365 488 2366 488 2367 489 2368 490 2369 486 2370 488 2371 490 2372 490 2373 491 2374 492 2375 492 2376 493 2377 494 2378 490 2379 492 2380 494 2381 486 2382 490 2383 494 2384 494 2385 495 2386 496 2387 496 2388 381 2389 358 2390 494 2391 496 2392 358 2393 358 2394 475 2395 476 2396 476 2397 477 2398 478 2399 358 2400 476 2401 478 2402 494 2403 358 2404 478 2405 478 2406 479 2407 364 2408 364 2409 356 2410 455 2411 478 2412 364 2413 455 2414 494 2415 478 2416 455 2417 486 2418 494 2419 455 2420 482 2421 486 2422 455 2423 471 2424 482 2425 455 2426 454 2427 471 2428 455 2429 511 2430 512 2431 513 2432 513 2433 514 2434 515 2435 515 2436 516 2437 517 2438 513 2439 515 2440 517 2441 517 2442 518 2443 519 2444 519 2445 520 2446 521 2447 517 2448 519 2449 521 2450 521 2451 522 2452 523 2453 523 2454 524 2455 525 2456 521 2457 523 2458 525 2459 517 2460 521 2461 525 2462 525 2463 526 2464 527 2465 527 2466 528 2467 529 2468 525 2469 527 2470 529 2471 529 2472 530 2473 531 2474 531 2475 532 2476 533 2477 529 2478 531 2479 533 2480 525 2481 529 2482 533 2483 533 2484 534 2485 535 2486 535 2487 536 2488 537 2489 533 2490 535 2491 537 2492 525 2493 533 2494 537 2495 517 2496 525 2497 537 2498 513 2499 517 2500 537 2501 511 2502 513 2503 537 2504 510 2505 511 2506 537 2507 300 2508 424 2509 425 2510 425 2511 426 2512 300 2513 339 2514 464 2515 465 2516 465 2517 466 2518 339 2519 297 2520 422 2521 298 2522 298 2523 423 2524 297 2525 300 2526 426 2527 301 2528 301 2529 427 2530 300 2531 302 2532 428 2533 422 2534 422 2535 297 2536 302 2537 423 2538 298 2539 321 2540 321 2541 447 2542 423 2543 329 2544 454 2545 455 2546 455 2547 330 2548 329 2549 427 2550 301 2551 331 2552 331 2553 456 2554 427 2555 322 2556 448 2557 428 2558 428 2559 302 2560 322 2561 429 2562 303 2563 327 2564 327 2565 453 2566 429 2567 333 2568 458 2569 457 2570 457 2571 332 2572 333 2573 332 2574 457 2575 459 2576 459 2577 334 2578 332 2579 304 2580 430 2581 303 2582 303 2583 429 2584 304 2585 334 2586 459 2587 460 2588 460 2589 335 2590 334 2591 305 2592 431 2593 430 2594 430 2595 304 2596 305 2597 335 2598 460 2599 461 2600 461 2601 336 2602 335 2603 306 2604 432 2605 431 2606 431 2607 305 2608 306 2609 336 2610 461 2611 462 2612 462 2613 337 2614 336 2615 307 2616 433 2617 432 2618 432 2619 306 2620 307 2621 337 2622 462 2623 463 2624 463 2625 338 2626 337 2627 308 2628 434 2629 433 2630 433 2631 307 2632 308 2633 338 2634 463 2635 464 2636 464 2637 339 2638 338 2639 309 2640 435 2641 434 2642 434 2643 308 2644 309 2645 310 2646 436 2647 435 2648 435 2649 309 2650 310 2651 311 2652 437 2653 436 2654 436 2655 310 2656 311 2657 312 2658 438 2659 437 2660 437 2661 311 2662 312 2663 313 2664 439 2665 438 2666 438 2667 312 2668 313 2669 314 2670 440 2671 439 2672 439 2673 313 2674 314 2675 315 2676 441 2677 440 2678 440 2679 314 2680 315 2681 316 2682 442 2683 441 2684 441 2685 315 2686 316 2687 317 2688 443 2689 442 2690 442 2691 316 2692 317 2693 318 2694 444 2695 443 2696 443 2697 317 2698 318 2699 319 2700 445 2701 444 2702 444 2703 318 2704 319 2705 320 2706 446 2707 445 2708 445 2709 319 2710 320 2711 447 2712 321 2713 446 2714 446 2715 320 2716 447 2717 456 2718 331 2719 467 2720 467 2721 351 2722 456 2723 323 2724 449 2725 448 2726 448 2727 322 2728 323 2729 351 2730 467 2731 468 2732 468 2733 352 2734 351 2735 324 2736 450 2737 449 2738 449 2739 323 2740 324 2741 352 2742 468 2743 469 2744 469 2745 353 2746 352 2747 325 2748 451 2749 450 2750 450 2751 324 2752 325 2753 353 2754 469 2755 470 2756 470 2757 354 2758 353 2759 326 2760 452 2761 451 2762 451 2763 325 2764 326 2765 354 2766 470 2767 458 2768 458 2769 333 2770 354 2771 453 2772 327 2773 452 2774 452 2775 326 2776 453 2777 355 2778 471 2779 454 2780 454 2781 329 2782 355 2783 330 2784 455 2785 356 2786 356 2787 472 2788 330 2789 357 2790 473 2791 426 2792 426 2793 425 2794 357 2795 376 2796 492 2797 491 2798 491 2799 375 2800 376 2801 375 2802 491 2803 490 2804 490 2805 374 2806 375 2807 374 2808 490 2809 489 2810 489 2811 373 2812 374 2813 373 2814 489 2815 488 2816 488 2817 372 2818 373 2819 372 2820 488 2821 487 2822 487 2823 371 2824 372 2825 371 2826 487 2827 486 2828 486 2829 370 2830 371 2831 370 2832 486 2833 485 2834 485 2835 369 2836 370 2837 369 2838 485 2839 484 2840 484 2841 368 2842 369 2843 368 2844 484 2845 483 2846 483 2847 367 2848 368 2849 367 2850 483 2851 482 2852 482 2853 366 2854 367 2855 366 2856 482 2857 481 2858 481 2859 365 2860 366 2861 365 2862 481 2863 471 2864 471 2865 355 2866 365 2867 472 2868 356 2869 364 2870 364 2871 480 2872 472 2873 382 2874 498 2875 473 2876 473 2877 357 2878 382 2879 474 2880 358 2881 381 2882 381 2883 497 2884 474 2885 384 2886 500 2887 499 2888 499 2889 383 2890 384 2891 383 2892 499 2893 501 2894 501 2895 385 2896 383 2897 359 2898 475 2899 358 2900 358 2901 474 2902 359 2903 385 2904 501 2905 502 2906 502 2907 386 2908 385 2909 360 2910 476 2911 475 2912 475 2913 359 2914 360 2915 386 2916 502 2917 503 2918 503 2919 387 2920 386 2921 361 2922 477 2923 476 2924 476 2925 360 2926 361 2927 387 2928 503 2929 504 2930 504 2931 388 2932 387 2933 362 2934 478 2935 477 2936 477 2937 361 2938 362 2939 388 2940 504 2941 505 2942 505 2943 389 2944 388 2945 363 2946 479 2947 478 2948 478 2949 362 2950 363 2951 389 2952 505 2953 498 2954 498 2955 382 2956 389 2957 480 2958 364 2959 479 2960 479 2961 363 2962 480 2963 465 2964 464 2965 390 2966 390 2967 506 2968 465 2969 377 2970 493 2971 492 2972 492 2973 376 2974 377 2975 506 2976 390 2977 507 2978 507 2979 391 2980 506 2981 378 2982 494 2983 493 2984 493 2985 377 2986 378 2987 391 2988 507 2989 508 2990 508 2991 392 2992 391 2993 379 2994 495 2995 494 2996 494 2997 378 2998 379 2999 392 3000 508 3001 509 3002 509 3003 393 3004 392 3005 380 3006 496 3007 495 3008 495 3009 379 3010 380 3011 393 3012 509 3013 500 3014 500 3015 384 3016 393 3017 497 3018 381 3019 496 3020 496 3021 380 3022 497 3023 394 3024 510 3025 537 3026 537 3027 421 3028 394 3029 395 3030 511 3031 510 3032 510 3033 394 3034 395 3035 396 3036 512 3037 511 3038 511 3039 395 3040 396 3041 397 3042 513 3043 512 3044 512 3045 396 3046 397 3047 398 3048 514 3049 513 3050 513 3051 397 3052 398 3053 399 3054 515 3055 514 3056 514 3057 398 3058 399 3059 400 3060 516 3061 515 3062 515 3063 399 3064 400 3065 401 3066 517 3067 516 3068 516 3069 400 3070 401 3071 402 3072 518 3073 517 3074 517 3075 401 3076 402 3077 403 3078 519 3079 518 3080 518 3081 402 3082 403 3083 404 3084 520 3085 519 3086 519 3087 403 3088 404 3089 405 3090 521 3091 520 3092 520 3093 404 3094 405 3095 406 3096 522 3097 521 3098 521 3099 405 3100 406 3101 407 3102 523 3103 522 3104 522 3105 406 3106 407 3107 408 3108 524 3109 523 3110 523 3111 407 3112 408 3113 409 3114 525 3115 524 3116 524 3117 408 3118 409 3119 410 3120 526 3121 525 3122 525 3123 409 3124 410 3125 411 3126 527 3127 526 3128 526 3129 410 3130 411 3131 412 3132 528 3133 527 3134 527 3135 411 3136 412 3137 413 3138 529 3139 528 3140 528 3141 412 3142 413 3143 414 3144 530 3145 529 3146 529 3147 413 3148 414 3149 415 3150 531 3151 530 3152 530 3153 414 3154 415 3155 416 3156 532 3157 531 3158 531 3159 415 3160 416 3161 417 3162 533 3163 532 3164 532 3165 416 3166 417 3167 418 3168 534 3169 533 3170 533 3171 417 3172 418 3173 419 3174 535 3175 534 3176 534 3177 418 3178 419 3179 420 3180 536 3181 535 3182 535 3183 419 3184 420 3185 421 3186 537 3187 536 3188 536 3189 420 3190 421 3191 567 3192 566 3193 538 3194 538 3195 539 3196 567 3197 568 3198 567 3199 539 3200 539 3201 540 3202 568 3203 569 3204 568 3205 540 3206 540 3207 541 3208 569 3209 570 3210 569 3211 541 3212 541 3213 542 3214 570 3215 571 3216 570 3217 542 3218 542 3219 543 3220 571 3221 572 3222 571 3223 543 3224 543 3225 544 3226 572 3227 573 3228 572 3229 544 3230 544 3231 545 3232 573 3233 574 3234 573 3235 545 3236 545 3237 546 3238 574 3239 575 3240 574 3241 546 3242 546 3243 547 3244 575 3245 576 3246 575 3247 547 3248 547 3249 548 3250 576 3251 577 3252 576 3253 548 3254 548 3255 549 3256 577 3257 578 3258 577 3259 549 3260 549 3261 550 3262 578 3263 579 3264 578 3265 550 3266 550 3267 551 3268 579 3269 580 3270 579 3271 551 3272 551 3273 552 3274 580 3275 581 3276 580 3277 552 3278 552 3279 553 3280 581 3281 582 3282 581 3283 553 3284 553 3285 554 3286 582 3287 583 3288 582 3289 554 3290 554 3291 555 3292 583 3293 584 3294 583 3295 555 3296 555 3297 556 3298 584 3299 585 3300 584 3301 556 3302 556 3303 557 3304 585 3305 586 3306 585 3307 557 3308 557 3309 558 3310 586 3311 587 3312 586 3313 558 3314 558 3315 559 3316 587 3317 588 3318 587 3319 559 3320 559 3321 560 3322 588 3323 589 3324 588 3325 560 3326 560 3327 561 3328 589 3329 590 3330 589 3331 561 3332 561 3333 562 3334 590 3335 591 3336 590 3337 562 3338 562 3339 563 3340 591 3341 592 3342 591 3343 563 3344 563 3345 564 3346 592 3347 593 3348 592 3349 564 3350 564 3351 565 3352 593 3353 566 3354 593 3355 565 3356 565 3357 538 3358 566 3359 541 3360 540 3361 539 3362 541 3363 539 3364 538 3365 541 3366 538 3367 565 3368 541 3369 565 3370 564 3371 541 3372 564 3373 563 3374 541 3375 563 3376 562 3377 541 3378 562 3379 561 3380 541 3381 561 3382 560 3383 541 3384 560 3385 559 3386 541 3387 559 3388 558 3389 541 3390 558 3391 557 3392 541 3393 557 3394 556 3395 541 3396 556 3397 555 3398 541 3399 555 3400 554 3401 541 3402 554 3403 553 3404 541 3405 553 3406 552 3407 541 3408 552 3409 551 3410 541 3411 551 3412 550 3413 541 3414 550 3415 549 3416 541 3417 549 3418 548 3419 542 3420 541 3421 548 3422 543 3423 542 3424 548 3425 543 3426 548 3427 547 3428 543 3429 547 3430 546 3431 544 3432 543 3433 546 3434 544 3435 546 3436 545 3437 572 3438 573 3439 574 3440 567 3441 568 3442 569 3443 566 3444 567 3445 569 3446 593 3447 566 3448 569 3449 592 3450 593 3451 569 3452 591 3453 592 3454 569 3455 590 3456 591 3457 569 3458 589 3459 590 3460 569 3461 588 3462 589 3463 569 3464 587 3465 588 3466 569 3467 586 3468 587 3469 569 3470 585 3471 586 3472 569 3473 584 3474 585 3475 569 3476 583 3477 584 3478 569 3479 582 3480 583 3481 569 3482 581 3483 582 3484 569 3485 580 3486 581 3487 569 3488 579 3489 580 3490 569 3491 578 3492 579 3493 569 3494 577 3495 578 3496 569 3497 576 3498 577 3499 569 3500 576 3501 569 3502 570 3503 576 3504 570 3505 571 3506 575 3507 576 3508 571 3509 574 3510 575 3511 571 3512 572 3513 574 3514 571 3515 623 3516 622 3517 594 3518 594 3519 595 3520 623 3521 624 3522 623 3523 595 3524 595 3525 596 3526 624 3527 625 3528 624 3529 596 3530 596 3531 597 3532 625 3533 626 3534 625 3535 597 3536 597 3537 598 3538 626 3539 627 3540 626 3541 598 3542 598 3543 599 3544 627 3545 628 3546 627 3547 599 3548 599 3549 600 3550 628 3551 629 3552 628 3553 600 3554 600 3555 601 3556 629 3557 630 3558 629 3559 601 3560 601 3561 602 3562 630 3563 631 3564 630 3565 602 3566 602 3567 603 3568 631 3569 632 3570 631 3571 603 3572 603 3573 604 3574 632 3575 633 3576 632 3577 604 3578 604 3579 605 3580 633 3581 634 3582 633 3583 605 3584 605 3585 606 3586 634 3587 635 3588 634 3589 606 3590 606 3591 607 3592 635 3593 636 3594 635 3595 607 3596 607 3597 608 3598 636 3599 637 3600 636 3601 608 3602 608 3603 609 3604 637 3605 638 3606 637 3607 609 3608 609 3609 610 3610 638 3611 639 3612 638 3613 610 3614 610 3615 611 3616 639 3617 640 3618 639 3619 611 3620 611 3621 612 3622 640 3623 641 3624 640 3625 612 3626 612 3627 613 3628 641 3629 642 3630 641 3631 613 3632 613 3633 614 3634 642 3635 643 3636 642 3637 614 3638 614 3639 615 3640 643 3641 644 3642 643 3643 615 3644 615 3645 616 3646 644 3647 645 3648 644 3649 616 3650 616 3651 617 3652 645 3653 646 3654 645 3655 617 3656 617 3657 618 3658 646 3659 647 3660 646 3661 618 3662 618 3663 619 3664 647 3665 648 3666 647 3667 619 3668 619 3669 620 3670 648 3671 649 3672 648 3673 620 3674 620 3675 621 3676 649 3677 622 3678 649 3679 621 3680 621 3681 594 3682 622 3683 597 3684 596 3685 595 3686 597 3687 595 3688 594 3689 597 3690 594 3691 621 3692 597 3693 621 3694 620 3695 597 3696 620 3697 619 3698 597 3699 619 3700 618 3701 597 3702 618 3703 617 3704 597 3705 617 3706 616 3707 597 3708 616 3709 615 3710 597 3711 615 3712 614 3713 597 3714 614 3715 613 3716 597 3717 613 3718 612 3719 597 3720 612 3721 611 3722 597 3723 611 3724 610 3725 597 3726 610 3727 609 3728 597 3729 609 3730 608 3731 597 3732 608 3733 607 3734 597 3735 607 3736 606 3737 597 3738 606 3739 605 3740 597 3741 605 3742 604 3743 598 3744 597 3745 604 3746 599 3747 598 3748 604 3749 599 3750 604 3751 603 3752 599 3753 603 3754 602 3755 600 3756 599 3757 602 3758 600 3759 602 3760 601 3761 628 3762 629 3763 630 3764 623 3765 624 3766 625 3767 622 3768 623 3769 625 3770 649 3771 622 3772 625 3773 648 3774 649 3775 625 3776 647 3777 648 3778 625 3779 646 3780 647 3781 625 3782 645 3783 646 3784 625 3785 644 3786 645 3787 625 3788 643 3789 644 3790 625 3791 642 3792 643 3793 625 3794 641 3795 642 3796 625 3797 640 3798 641 3799 625 3800 639 3801 640 3802 625 3803 638 3804 639 3805 625 3806 637 3807 638 3808 625 3809 636 3810 637 3811 625 3812 635 3813 636 3814 625 3815 634 3816 635 3817 625 3818 633 3819 634 3820 625 3821 632 3822 633 3823 625 3824 632 3825 625 3826 626 3827 632 3828 626 3829 627 3830 631 3831 632 3832 627 3833 630 3834 631 3835 627 3836 628 3837 630 3838 627 3839 650 3840 776 3841 652 3842 652 3843 777 3844 653 3845 650 3846 652 3847 653 3848 650 3849 653 3850 780 3851 780 3852 655 3853 650 3854 776 3855 800 3856 681 3857 681 3858 652 3859 776 3860 652 3861 682 3862 683 3863 683 3864 778 3865 777 3866 652 3867 683 3868 777 3869 780 3870 809 3871 675 3872 675 3873 655 3874 780 3875 782 3876 806 3877 686 3878 686 3879 685 3880 782 3881 782 3882 685 3883 687 3884 687 3885 657 3886 782 3887 657 3888 687 3889 688 3890 688 3891 658 3892 657 3893 658 3894 688 3895 689 3896 689 3897 659 3898 658 3899 659 3900 689 3901 690 3902 690 3903 660 3904 659 3905 660 3906 690 3907 691 3908 691 3909 661 3910 660 3911 661 3912 691 3913 692 3914 692 3915 662 3916 661 3917 662 3918 692 3919 819 3920 662 3921 819 3922 693 3923 662 3924 693 3925 663 3926 663 3927 693 3928 694 3929 694 3930 664 3931 663 3932 664 3933 694 3934 695 3935 695 3936 665 3937 664 3938 665 3939 695 3940 696 3941 696 3942 666 3943 665 3944 666 3945 696 3946 697 3947 697 3948 667 3949 666 3950 667 3951 697 3952 698 3953 698 3954 668 3955 667 3956 668 3957 698 3958 699 3959 699 3960 669 3961 668 3962 669 3963 699 3964 700 3965 700 3966 670 3967 669 3968 670 3969 700 3970 701 3971 701 3972 671 3973 670 3974 671 3975 701 3976 702 3977 702 3978 672 3979 671 3980 672 3981 702 3982 703 3983 703 3984 673 3985 672 3986 673 3987 703 3988 681 3989 681 3990 800 3991 673 3992 675 3993 809 3994 704 3995 704 3996 676 3997 675 3998 676 3999 704 4000 705 4001 705 4002 677 4003 676 4004 677 4005 705 4006 706 4007 706 4008 678 4009 677 4010 678 4011 706 4012 707 4013 707 4014 679 4015 678 4016 679 4017 707 4018 686 4019 686 4020 806 4021 679 4022 652 4023 681 4024 708 4025 708 4026 682 4027 652 4028 778 4029 683 4030 825 4031 825 4032 710 4033 778 4034 818 4035 729 4036 728 4037 818 4038 728 4039 693 4040 819 4041 818 4042 693 4043 693 4044 728 4045 727 4046 727 4047 694 4048 693 4049 694 4050 727 4051 726 4052 726 4053 695 4054 694 4055 695 4056 726 4057 725 4058 725 4059 696 4060 695 4061 696 4062 725 4063 724 4064 724 4065 697 4066 696 4067 697 4068 724 4069 723 4070 723 4071 698 4072 697 4073 698 4074 723 4075 722 4076 722 4077 699 4078 698 4079 699 4080 722 4081 721 4082 721 4083 700 4084 699 4085 700 4086 721 4087 720 4088 720 4089 701 4090 700 4091 701 4092 720 4093 719 4094 719 4095 702 4096 701 4097 702 4098 719 4099 718 4100 718 4101 703 4102 702 4103 681 4104 703 4105 718 4106 718 4107 708 4108 681 4109 825 4110 833 4111 735 4112 735 4113 710 4114 825 4115 827 4116 850 4117 737 4118 737 4119 736 4120 827 4121 827 4122 736 4123 738 4124 738 4125 712 4126 827 4127 712 4128 738 4129 739 4130 739 4131 713 4132 712 4133 713 4134 739 4135 740 4136 740 4137 714 4138 713 4139 740 4140 741 4141 715 4142 715 4143 714 4144 740 4145 741 4146 742 4147 716 4148 716 4149 715 4150 741 4151 716 4152 742 4153 735 4154 735 4155 833 4156 716 4157 818 4158 859 4159 730 4160 730 4161 729 4162 818 4163 730 4164 859 4165 744 4166 744 4167 731 4168 730 4169 731 4170 744 4171 745 4172 745 4173 732 4174 731 4175 732 4176 745 4177 746 4178 746 4179 733 4180 732 4181 733 4182 746 4183 737 4184 737 4185 850 4186 733 4187 810 4188 747 4189 774 4190 774 4191 812 4192 810 4193 810 4194 811 4195 748 4196 748 4197 747 4198 810 4199 811 4200 823 4201 749 4202 749 4203 748 4204 811 4205 750 4206 749 4207 823 4208 823 4209 822 4210 750 4211 821 4212 751 4213 750 4214 750 4215 822 4216 821 4217 820 4218 752 4219 751 4220 751 4221 821 4222 820 4223 753 4224 752 4225 820 4226 820 4227 684 4228 753 4229 654 4230 754 4231 753 4232 753 4233 684 4234 654 4235 779 4236 755 4237 754 4238 754 4239 654 4240 779 4241 779 4242 826 4243 756 4244 756 4245 755 4246 779 4247 851 4248 757 4249 756 4250 756 4251 826 4252 851 4253 858 4254 758 4255 757 4256 757 4257 851 4258 858 4259 857 4260 759 4261 758 4262 758 4263 858 4264 857 4265 856 4266 760 4267 759 4268 759 4269 857 4270 856 4271 855 4272 761 4273 760 4274 760 4275 856 4276 855 4277 762 4278 761 4279 855 4280 855 4281 854 4282 762 4283 763 4284 762 4285 854 4286 854 4287 852 4288 763 4289 852 4290 853 4291 764 4292 764 4293 763 4294 852 4295 853 4296 862 4297 765 4298 765 4299 764 4300 853 4301 861 4302 766 4303 765 4304 765 4305 862 4306 861 4307 860 4308 767 4309 766 4310 766 4311 861 4312 860 4313 768 4314 767 4315 860 4316 860 4317 743 4318 768 4319 817 4320 769 4321 768 4322 768 4323 743 4324 817 4325 816 4326 770 4327 769 4328 769 4329 817 4330 816 4331 815 4332 771 4333 770 4334 770 4335 816 4336 815 4337 814 4338 772 4339 771 4340 771 4341 815 4342 814 4343 813 4344 773 4345 772 4346 772 4347 814 4348 813 4349 812 4350 774 4351 773 4352 773 4353 813 4354 812 4355 781 4356 801 4357 802 4358 802 4359 803 4360 804 4361 804 4362 805 4363 680 4364 802 4365 804 4366 680 4367 680 4368 656 4369 783 4370 783 4371 784 4372 785 4373 680 4374 783 4375 785 4376 785 4377 786 4378 787 4379 787 4380 788 4381 789 4382 785 4383 787 4384 789 4385 680 4386 785 4387 789 4388 789 4389 790 4390 791 4391 791 4392 792 4393 793 4394 789 4395 791 4396 793 4397 793 4398 794 4399 795 4400 795 4401 796 4402 797 4403 793 4404 795 4405 797 4406 789 4407 793 4408 797 4409 797 4410 798 4411 799 4412 799 4413 674 4414 651 4415 797 4416 799 4417 651 4418 789 4419 797 4420 651 4421 680 4422 789 4423 651 4424 802 4425 680 4426 651 4427 781 4428 802 4429 651 4430 775 4431 781 4432 651 4433 824 4434 834 4435 835 4436 835 4437 836 4438 837 4439 837 4440 838 4441 839 4442 835 4443 837 4444 839 4445 839 4446 840 4447 841 4448 841 4449 842 4450 843 4451 839 4452 841 4453 843 4454 843 4455 844 4456 845 4457 845 4458 846 4459 847 4460 843 4461 845 4462 847 4463 839 4464 843 4465 847 4466 847 4467 848 4468 849 4469 849 4470 734 4471 711 4472 847 4473 849 4474 711 4475 711 4476 828 4477 829 4478 829 4479 830 4480 831 4481 711 4482 829 4483 831 4484 847 4485 711 4486 831 4487 831 4488 832 4489 717 4490 717 4491 709 4492 808 4493 831 4494 717 4495 808 4496 847 4497 831 4498 808 4499 839 4500 847 4501 808 4502 835 4503 839 4504 808 4505 824 4506 835 4507 808 4508 807 4509 824 4510 808 4511 864 4512 865 4513 866 4514 866 4515 867 4516 868 4517 868 4518 869 4519 870 4520 866 4521 868 4522 870 4523 870 4524 871 4525 872 4526 872 4527 873 4528 874 4529 870 4530 872 4531 874 4532 874 4533 875 4534 876 4535 876 4536 877 4537 878 4538 874 4539 876 4540 878 4541 870 4542 874 4543 878 4544 878 4545 879 4546 880 4547 880 4548 881 4549 882 4550 878 4551 880 4552 882 4553 882 4554 883 4555 884 4556 884 4557 885 4558 886 4559 882 4560 884 4561 886 4562 878 4563 882 4564 886 4565 886 4566 887 4567 888 4568 888 4569 889 4570 890 4571 886 4572 888 4573 890 4574 878 4575 886 4576 890 4577 870 4578 878 4579 890 4580 866 4581 870 4582 890 4583 864 4584 866 4585 890 4586 863 4587 864 4588 890 4589 653 4590 777 4591 778 4592 778 4593 779 4594 653 4595 692 4596 817 4597 818 4598 818 4599 819 4600 692 4601 650 4602 775 4603 651 4604 651 4605 776 4606 650 4607 653 4608 779 4609 654 4610 654 4611 780 4612 653 4613 655 4614 781 4615 775 4616 775 4617 650 4618 655 4619 776 4620 651 4621 674 4622 674 4623 800 4624 776 4625 682 4626 807 4627 808 4628 808 4629 683 4630 682 4631 780 4632 654 4633 684 4634 684 4635 809 4636 780 4637 675 4638 801 4639 781 4640 781 4641 655 4642 675 4643 782 4644 656 4645 680 4646 680 4647 806 4648 782 4649 686 4650 811 4651 810 4652 810 4653 685 4654 686 4655 685 4656 810 4657 812 4658 812 4659 687 4660 685 4661 657 4662 783 4663 656 4664 656 4665 782 4666 657 4667 687 4668 812 4669 813 4670 813 4671 688 4672 687 4673 658 4674 784 4675 783 4676 783 4677 657 4678 658 4679 688 4680 813 4681 814 4682 814 4683 689 4684 688 4685 659 4686 785 4687 784 4688 784 4689 658 4690 659 4691 689 4692 814 4693 815 4694 815 4695 690 4696 689 4697 660 4698 786 4699 785 4700 785 4701 659 4702 660 4703 690 4704 815 4705 816 4706 816 4707 691 4708 690 4709 661 4710 787 4711 786 4712 786 4713 660 4714 661 4715 691 4716 816 4717 817 4718 817 4719 692 4720 691 4721 662 4722 788 4723 787 4724 787 4725 661 4726 662 4727 663 4728 789 4729 788 4730 788 4731 662 4732 663 4733 664 4734 790 4735 789 4736 789 4737 663 4738 664 4739 665 4740 791 4741 790 4742 790 4743 664 4744 665 4745 666 4746 792 4747 791 4748 791 4749 665 4750 666 4751 667 4752 793 4753 792 4754 792 4755 666 4756 667 4757 668 4758 794 4759 793 4760 793 4761 667 4762 668 4763 669 4764 795 4765 794 4766 794 4767 668 4768 669 4769 670 4770 796 4771 795 4772 795 4773 669 4774 670 4775 671 4776 797 4777 796 4778 796 4779 670 4780 671 4781 672 4782 798 4783 797 4784 797 4785 671 4786 672 4787 673 4788 799 4789 798 4790 798 4791 672 4792 673 4793 800 4794 674 4795 799 4796 799 4797 673 4798 800 4799 809 4800 684 4801 820 4802 820 4803 704 4804 809 4805 676 4806 802 4807 801 4808 801 4809 675 4810 676 4811 704 4812 820 4813 821 4814 821 4815 705 4816 704 4817 677 4818 803 4819 802 4820 802 4821 676 4822 677 4823 705 4824 821 4825 822 4826 822 4827 706 4828 705 4829 678 4830 804 4831 803 4832 803 4833 677 4834 678 4835 706 4836 822 4837 823 4838 823 4839 707 4840 706 4841 679 4842 805 4843 804 4844 804 4845 678 4846 679 4847 707 4848 823 4849 811 4850 811 4851 686 4852 707 4853 806 4854 680 4855 805 4856 805 4857 679 4858 806 4859 708 4860 824 4861 807 4862 807 4863 682 4864 708 4865 683 4866 808 4867 709 4868 709 4869 825 4870 683 4871 710 4872 826 4873 779 4874 779 4875 778 4876 710 4877 729 4878 845 4879 844 4880 844 4881 728 4882 729 4883 728 4884 844 4885 843 4886 843 4887 727 4888 728 4889 727 4890 843 4891 842 4892 842 4893 726 4894 727 4895 726 4896 842 4897 841 4898 841 4899 725 4900 726 4901 725 4902 841 4903 840 4904 840 4905 724 4906 725 4907 724 4908 840 4909 839 4910 839 4911 723 4912 724 4913 723 4914 839 4915 838 4916 838 4917 722 4918 723 4919 722 4920 838 4921 837 4922 837 4923 721 4924 722 4925 721 4926 837 4927 836 4928 836 4929 720 4930 721 4931 720 4932 836 4933 835 4934 835 4935 719 4936 720 4937 719 4938 835 4939 834 4940 834 4941 718 4942 719 4943 718 4944 834 4945 824 4946 824 4947 708 4948 718 4949 825 4950 709 4951 717 4952 717 4953 833 4954 825 4955 735 4956 851 4957 826 4958 826 4959 710 4960 735 4961 827 4962 711 4963 734 4964 734 4965 850 4966 827 4967 737 4968 853 4969 852 4970 852 4971 736 4972 737 4973 736 4974 852 4975 854 4976 854 4977 738 4978 736 4979 712 4980 828 4981 711 4982 711 4983 827 4984 712 4985 738 4986 854 4987 855 4988 855 4989 739 4990 738 4991 713 4992 829 4993 828 4994 828 4995 712 4996 713 4997 739 4998 855 4999 856 5000 856 5001 740 5002 739 5003 714 5004 830 5005 829 5006 829 5007 713 5008 714 5009 740 5010 856 5011 857 5012 857 5013 741 5014 740 5015 715 5016 831 5017 830 5018 830 5019 714 5020 715 5021 741 5022 857 5023 858 5024 858 5025 742 5026 741 5027 716 5028 832 5029 831 5030 831 5031 715 5032 716 5033 742 5034 858 5035 851 5036 851 5037 735 5038 742 5039 833 5040 717 5041 832 5042 832 5043 716 5044 833 5045 818 5046 817 5047 743 5048 743 5049 859 5050 818 5051 730 5052 846 5053 845 5054 845 5055 729 5056 730 5057 859 5058 743 5059 860 5060 860 5061 744 5062 859 5063 731 5064 847 5065 846 5066 846 5067 730 5068 731 5069 744 5070 860 5071 861 5072 861 5073 745 5074 744 5075 732 5076 848 5077 847 5078 847 5079 731 5080 732 5081 745 5082 861 5083 862 5084 862 5085 746 5086 745 5087 733 5088 849 5089 848 5090 848 5091 732 5092 733 5093 746 5094 862 5095 853 5096 853 5097 737 5098 746 5099 850 5100 734 5101 849 5102 849 5103 733 5104 850 5105 747 5106 863 5107 890 5108 890 5109 774 5110 747 5111 748 5112 864 5113 863 5114 863 5115 747 5116 748 5117 749 5118 865 5119 864 5120 864 5121 748 5122 749 5123 750 5124 866 5125 865 5126 865 5127 749 5128 750 5129 751 5130 867 5131 866 5132 866 5133 750 5134 751 5135 752 5136 868 5137 867 5138 867 5139 751 5140 752 5141 753 5142 869 5143 868 5144 868 5145 752 5146 753 5147 754 5148 870 5149 869 5150 869 5151 753 5152 754 5153 755 5154 871 5155 870 5156 870 5157 754 5158 755 5159 756 5160 872 5161 871 5162 871 5163 755 5164 756 5165 757 5166 873 5167 872 5168 872 5169 756 5170 757 5171 758 5172 874 5173 873 5174 873 5175 757 5176 758 5177 759 5178 875 5179 874 5180 874 5181 758 5182 759 5183 760 5184 876 5185 875 5186 875 5187 759 5188 760 5189 761 5190 877 5191 876 5192 876 5193 760 5194 761 5195 762 5196 878 5197 877 5198 877 5199 761 5200 762 5201 763 5202 879 5203 878 5204 878 5205 762 5206 763 5207 764 5208 880 5209 879 5210 879 5211 763 5212 764 5213 765 5214 881 5215 880 5216 880 5217 764 5218 765 5219 766 5220 882 5221 881 5222 881 5223 765 5224 766 5225 767 5226 883 5227 882 5228 882 5229 766 5230 767 5231 768 5232 884 5233 883 5234 883 5235 767 5236 768 5237 769 5238 885 5239 884 5240 884 5241 768 5242 769 5243 770 5244 886 5245 885 5246 885 5247 769 5248 770 5249 771 5250 887 5251 886 5252 886 5253 770 5254 771 5255 772 5256 888 5257 887 5258 887 5259 771 5260 772 5261 773 5262 889 5263 888 5264 888 5265 772 5266 773 5267 774 5268 890 5269 889 5270 889 5271 773 5272 774 5273 920 5274 919 5275 891 5276 891 5277 892 5278 920 5279 921 5280 920 5281 892 5282 892 5283 893 5284 921 5285 922 5286 921 5287 893 5288 893 5289 894 5290 922 5291 923 5292 922 5293 894 5294 894 5295 895 5296 923 5297 924 5298 923 5299 895 5300 895 5301 896 5302 924 5303 925 5304 924 5305 896 5306 896 5307 897 5308 925 5309 926 5310 925 5311 897 5312 897 5313 898 5314 926 5315 927 5316 926 5317 898 5318 898 5319 899 5320 927 5321 928 5322 927 5323 899 5324 899 5325 900 5326 928 5327 929 5328 928 5329 900 5330 900 5331 901 5332 929 5333 930 5334 929 5335 901 5336 901 5337 902 5338 930 5339 931 5340 930 5341 902 5342 902 5343 903 5344 931 5345 932 5346 931 5347 903 5348 903 5349 904 5350 932 5351 933 5352 932 5353 904 5354 904 5355 905 5356 933 5357 934 5358 933 5359 905 5360 905 5361 906 5362 934 5363 935 5364 934 5365 906 5366 906 5367 907 5368 935 5369 936 5370 935 5371 907 5372 907 5373 908 5374 936 5375 937 5376 936 5377 908 5378 908 5379 909 5380 937 5381 938 5382 937 5383 909 5384 909 5385 910 5386 938 5387 939 5388 938 5389 910 5390 910 5391 911 5392 939 5393 940 5394 939 5395 911 5396 911 5397 912 5398 940 5399 941 5400 940 5401 912 5402 912 5403 913 5404 941 5405 942 5406 941 5407 913 5408 913 5409 914 5410 942 5411 943 5412 942 5413 914 5414 914 5415 915 5416 943 5417 944 5418 943 5419 915 5420 915 5421 916 5422 944 5423 945 5424 944 5425 916 5426 916 5427 917 5428 945 5429 946 5430 945 5431 917 5432 917 5433 918 5434 946 5435 919 5436 946 5437 918 5438 918 5439 891 5440 919 5441 894 5442 893 5443 892 5444 894 5445 892 5446 891 5447 894 5448 891 5449 918 5450 894 5451 918 5452 917 5453 894 5454 917 5455 916 5456 894 5457 916 5458 915 5459 894 5460 915 5461 914 5462 894 5463 914 5464 913 5465 894 5466 913 5467 912 5468 894 5469 912 5470 911 5471 894 5472 911 5473 910 5474 894 5475 910 5476 909 5477 894 5478 909 5479 908 5480 894 5481 908 5482 907 5483 894 5484 907 5485 906 5486 894 5487 906 5488 905 5489 894 5490 905 5491 904 5492 894 5493 904 5494 903 5495 894 5496 903 5497 902 5498 894 5499 902 5500 901 5501 895 5502 894 5503 901 5504 896 5505 895 5506 901 5507 896 5508 901 5509 900 5510 896 5511 900 5512 899 5513 897 5514 896 5515 899 5516 897 5517 899 5518 898 5519 925 5520 926 5521 927 5522 920 5523 921 5524 922 5525 919 5526 920 5527 922 5528 946 5529 919 5530 922 5531 945 5532 946 5533 922 5534 944 5535 945 5536 922 5537 943 5538 944 5539 922 5540 942 5541 943 5542 922 5543 941 5544 942 5545 922 5546 940 5547 941 5548 922 5549 939 5550 940 5551 922 5552 938 5553 939 5554 922 5555 937 5556 938 5557 922 5558 936 5559 937 5560 922 5561 935 5562 936 5563 922 5564 934 5565 935 5566 922 5567 933 5568 934 5569 922 5570 932 5571 933 5572 922 5573 931 5574 932 5575 922 5576 930 5577 931 5578 922 5579 929 5580 930 5581 922 5582 929 5583 922 5584 923 5585 929 5586 923 5587 924 5588 928 5589 929 5590 924 5591 927 5592 928 5593 924 5594 925 5595 927 5596 924 5597 947 5598 1073 5599 949 5600 949 5601 1074 5602 950 5603 947 5604 949 5605 950 5606 947 5607 950 5608 1077 5609 1077 5610 952 5611 947 5612 1073 5613 1097 5614 978 5615 978 5616 949 5617 1073 5618 949 5619 979 5620 980 5621 980 5622 1075 5623 1074 5624 949 5625 980 5626 1074 5627 1077 5628 1106 5629 972 5630 972 5631 952 5632 1077 5633 1079 5634 1103 5635 983 5636 983 5637 982 5638 1079 5639 1079 5640 982 5641 984 5642 984 5643 954 5644 1079 5645 954 5646 984 5647 985 5648 985 5649 955 5650 954 5651 955 5652 985 5653 986 5654 986 5655 956 5656 955 5657 956 5658 986 5659 987 5660 987 5661 957 5662 956 5663 957 5664 987 5665 988 5666 988 5667 958 5668 957 5669 958 5670 988 5671 989 5672 989 5673 959 5674 958 5675 959 5676 989 5677 1116 5678 959 5679 1116 5680 990 5681 959 5682 990 5683 960 5684 960 5685 990 5686 991 5687 991 5688 961 5689 960 5690 961 5691 991 5692 992 5693 992 5694 962 5695 961 5696 962 5697 992 5698 993 5699 993 5700 963 5701 962 5702 963 5703 993 5704 994 5705 994 5706 964 5707 963 5708 964 5709 994 5710 995 5711 995 5712 965 5713 964 5714 965 5715 995 5716 996 5717 996 5718 966 5719 965 5720 966 5721 996 5722 997 5723 997 5724 967 5725 966 5726 967 5727 997 5728 998 5729 998 5730 968 5731 967 5732 968 5733 998 5734 999 5735 999 5736 969 5737 968 5738 969 5739 999 5740 1000 5741 1000 5742 970 5743 969 5744 970 5745 1000 5746 978 5747 978 5748 1097 5749 970 5750 972 5751 1106 5752 1001 5753 1001 5754 973 5755 972 5756 973 5757 1001 5758 1002 5759 1002 5760 974 5761 973 5762 974 5763 1002 5764 1003 5765 1003 5766 975 5767 974 5768 975 5769 1003 5770 1004 5771 1004 5772 976 5773 975 5774 976 5775 1004 5776 983 5777 983 5778 1103 5779 976 5780 949 5781 978 5782 1005 5783 1005 5784 979 5785 949 5786 1075 5787 980 5788 1122 5789 1122 5790 1007 5791 1075 5792 1115 5793 1026 5794 1025 5795 1115 5796 1025 5797 990 5798 1116 5799 1115 5800 990 5801 990 5802 1025 5803 1024 5804 1024 5805 991 5806 990 5807 991 5808 1024 5809 1023 5810 1023 5811 992 5812 991 5813 992 5814 1023 5815 1022 5816 1022 5817 993 5818 992 5819 993 5820 1022 5821 1021 5822 1021 5823 994 5824 993 5825 994 5826 1021 5827 1020 5828 1020 5829 995 5830 994 5831 995 5832 1020 5833 1019 5834 1019 5835 996 5836 995 5837 996 5838 1019 5839 1018 5840 1018 5841 997 5842 996 5843 997 5844 1018 5845 1017 5846 1017 5847 998 5848 997 5849 998 5850 1017 5851 1016 5852 1016 5853 999 5854 998 5855 999 5856 1016 5857 1015 5858 1015 5859 1000 5860 999 5861 978 5862 1000 5863 1015 5864 1015 5865 1005 5866 978 5867 1122 5868 1130 5869 1032 5870 1032 5871 1007 5872 1122 5873 1124 5874 1147 5875 1034 5876 1034 5877 1033 5878 1124 5879 1124 5880 1033 5881 1035 5882 1035 5883 1009 5884 1124 5885 1009 5886 1035 5887 1036 5888 1036 5889 1010 5890 1009 5891 1010 5892 1036 5893 1037 5894 1037 5895 1011 5896 1010 5897 1037 5898 1038 5899 1012 5900 1012 5901 1011 5902 1037 5903 1038 5904 1039 5905 1013 5906 1013 5907 1012 5908 1038 5909 1013 5910 1039 5911 1032 5912 1032 5913 1130 5914 1013 5915 1115 5916 1156 5917 1027 5918 1027 5919 1026 5920 1115 5921 1027 5922 1156 5923 1041 5924 1041 5925 1028 5926 1027 5927 1028 5928 1041 5929 1042 5930 1042 5931 1029 5932 1028 5933 1029 5934 1042 5935 1043 5936 1043 5937 1030 5938 1029 5939 1030 5940 1043 5941 1034 5942 1034 5943 1147 5944 1030 5945 1107 5946 1044 5947 1071 5948 1071 5949 1109 5950 1107 5951 1107 5952 1108 5953 1045 5954 1045 5955 1044 5956 1107 5957 1108 5958 1120 5959 1046 5960 1046 5961 1045 5962 1108 5963 1047 5964 1046 5965 1120 5966 1120 5967 1119 5968 1047 5969 1118 5970 1048 5971 1047 5972 1047 5973 1119 5974 1118 5975 1117 5976 1049 5977 1048 5978 1048 5979 1118 5980 1117 5981 1050 5982 1049 5983 1117 5984 1117 5985 981 5986 1050 5987 951 5988 1051 5989 1050 5990 1050 5991 981 5992 951 5993 1076 5994 1052 5995 1051 5996 1051 5997 951 5998 1076 5999 1076 6000 1123 6001 1053 6002 1053 6003 1052 6004 1076 6005 1148 6006 1054 6007 1053 6008 1053 6009 1123 6010 1148 6011 1155 6012 1055 6013 1054 6014 1054 6015 1148 6016 1155 6017 1154 6018 1056 6019 1055 6020 1055 6021 1155 6022 1154 6023 1153 6024 1057 6025 1056 6026 1056 6027 1154 6028 1153 6029 1152 6030 1058 6031 1057 6032 1057 6033 1153 6034 1152 6035 1059 6036 1058 6037 1152 6038 1152 6039 1151 6040 1059 6041 1060 6042 1059 6043 1151 6044 1151 6045 1149 6046 1060 6047 1149 6048 1150 6049 1061 6050 1061 6051 1060 6052 1149 6053 1150 6054 1159 6055 1062 6056 1062 6057 1061 6058 1150 6059 1158 6060 1063 6061 1062 6062 1062 6063 1159 6064 1158 6065 1157 6066 1064 6067 1063 6068 1063 6069 1158 6070 1157 6071 1065 6072 1064 6073 1157 6074 1157 6075 1040 6076 1065 6077 1114 6078 1066 6079 1065 6080 1065 6081 1040 6082 1114 6083 1113 6084 1067 6085 1066 6086 1066 6087 1114 6088 1113 6089 1112 6090 1068 6091 1067 6092 1067 6093 1113 6094 1112 6095 1111 6096 1069 6097 1068 6098 1068 6099 1112 6100 1111 6101 1110 6102 1070 6103 1069 6104 1069 6105 1111 6106 1110 6107 1109 6108 1071 6109 1070 6110 1070 6111 1110 6112 1109 6113 1078 6114 1098 6115 1099 6116 1099 6117 1100 6118 1101 6119 1101 6120 1102 6121 977 6122 1099 6123 1101 6124 977 6125 977 6126 953 6127 1080 6128 1080 6129 1081 6130 1082 6131 977 6132 1080 6133 1082 6134 1082 6135 1083 6136 1084 6137 1084 6138 1085 6139 1086 6140 1082 6141 1084 6142 1086 6143 977 6144 1082 6145 1086 6146 1086 6147 1087 6148 1088 6149 1088 6150 1089 6151 1090 6152 1086 6153 1088 6154 1090 6155 1090 6156 1091 6157 1092 6158 1092 6159 1093 6160 1094 6161 1090 6162 1092 6163 1094 6164 1086 6165 1090 6166 1094 6167 1094 6168 1095 6169 1096 6170 1096 6171 971 6172 948 6173 1094 6174 1096 6175 948 6176 1086 6177 1094 6178 948 6179 977 6180 1086 6181 948 6182 1099 6183 977 6184 948 6185 1078 6186 1099 6187 948 6188 1072 6189 1078 6190 948 6191 1121 6192 1131 6193 1132 6194 1132 6195 1133 6196 1134 6197 1134 6198 1135 6199 1136 6200 1132 6201 1134 6202 1136 6203 1136 6204 1137 6205 1138 6206 1138 6207 1139 6208 1140 6209 1136 6210 1138 6211 1140 6212 1140 6213 1141 6214 1142 6215 1142 6216 1143 6217 1144 6218 1140 6219 1142 6220 1144 6221 1136 6222 1140 6223 1144 6224 1144 6225 1145 6226 1146 6227 1146 6228 1031 6229 1008 6230 1144 6231 1146 6232 1008 6233 1008 6234 1125 6235 1126 6236 1126 6237 1127 6238 1128 6239 1008 6240 1126 6241 1128 6242 1144 6243 1008 6244 1128 6245 1128 6246 1129 6247 1014 6248 1014 6249 1006 6250 1105 6251 1128 6252 1014 6253 1105 6254 1144 6255 1128 6256 1105 6257 1136 6258 1144 6259 1105 6260 1132 6261 1136 6262 1105 6263 1121 6264 1132 6265 1105 6266 1104 6267 1121 6268 1105 6269 1161 6270 1162 6271 1163 6272 1163 6273 1164 6274 1165 6275 1165 6276 1166 6277 1167 6278 1163 6279 1165 6280 1167 6281 1167 6282 1168 6283 1169 6284 1169 6285 1170 6286 1171 6287 1167 6288 1169 6289 1171 6290 1171 6291 1172 6292 1173 6293 1173 6294 1174 6295 1175 6296 1171 6297 1173 6298 1175 6299 1167 6300 1171 6301 1175 6302 1175 6303 1176 6304 1177 6305 1177 6306 1178 6307 1179 6308 1175 6309 1177 6310 1179 6311 1179 6312 1180 6313 1181 6314 1181 6315 1182 6316 1183 6317 1179 6318 1181 6319 1183 6320 1175 6321 1179 6322 1183 6323 1183 6324 1184 6325 1185 6326 1185 6327 1186 6328 1187 6329 1183 6330 1185 6331 1187 6332 1175 6333 1183 6334 1187 6335 1167 6336 1175 6337 1187 6338 1163 6339 1167 6340 1187 6341 1161 6342 1163 6343 1187 6344 1160 6345 1161 6346 1187 6347 950 6348 1074 6349 1075 6350 1075 6351 1076 6352 950 6353 989 6354 1114 6355 1115 6356 1115 6357 1116 6358 989 6359 947 6360 1072 6361 948 6362 948 6363 1073 6364 947 6365 950 6366 1076 6367 951 6368 951 6369 1077 6370 950 6371 952 6372 1078 6373 1072 6374 1072 6375 947 6376 952 6377 1073 6378 948 6379 971 6380 971 6381 1097 6382 1073 6383 979 6384 1104 6385 1105 6386 1105 6387 980 6388 979 6389 1077 6390 951 6391 981 6392 981 6393 1106 6394 1077 6395 972 6396 1098 6397 1078 6398 1078 6399 952 6400 972 6401 1079 6402 953 6403 977 6404 977 6405 1103 6406 1079 6407 983 6408 1108 6409 1107 6410 1107 6411 982 6412 983 6413 982 6414 1107 6415 1109 6416 1109 6417 984 6418 982 6419 954 6420 1080 6421 953 6422 953 6423 1079 6424 954 6425 984 6426 1109 6427 1110 6428 1110 6429 985 6430 984 6431 955 6432 1081 6433 1080 6434 1080 6435 954 6436 955 6437 985 6438 1110 6439 1111 6440 1111 6441 986 6442 985 6443 956 6444 1082 6445 1081 6446 1081 6447 955 6448 956 6449 986 6450 1111 6451 1112 6452 1112 6453 987 6454 986 6455 957 6456 1083 6457 1082 6458 1082 6459 956 6460 957 6461 987 6462 1112 6463 1113 6464 1113 6465 988 6466 987 6467 958 6468 1084 6469 1083 6470 1083 6471 957 6472 958 6473 988 6474 1113 6475 1114 6476 1114 6477 989 6478 988 6479 959 6480 1085 6481 1084 6482 1084 6483 958 6484 959 6485 960 6486 1086 6487 1085 6488 1085 6489 959 6490 960 6491 961 6492 1087 6493 1086 6494 1086 6495 960 6496 961 6497 962 6498 1088 6499 1087 6500 1087 6501 961 6502 962 6503 963 6504 1089 6505 1088 6506 1088 6507 962 6508 963 6509 964 6510 1090 6511 1089 6512 1089 6513 963 6514 964 6515 965 6516 1091 6517 1090 6518 1090 6519 964 6520 965 6521 966 6522 1092 6523 1091 6524 1091 6525 965 6526 966 6527 967 6528 1093 6529 1092 6530 1092 6531 966 6532 967 6533 968 6534 1094 6535 1093 6536 1093 6537 967 6538 968 6539 969 6540 1095 6541 1094 6542 1094 6543 968 6544 969 6545 970 6546 1096 6547 1095 6548 1095 6549 969 6550 970 6551 1097 6552 971 6553 1096 6554 1096 6555 970 6556 1097 6557 1106 6558 981 6559 1117 6560 1117 6561 1001 6562 1106 6563 973 6564 1099 6565 1098 6566 1098 6567 972 6568 973 6569 1001 6570 1117 6571 1118 6572 1118 6573 1002 6574 1001 6575 974 6576 1100 6577 1099 6578 1099 6579 973 6580 974 6581 1002 6582 1118 6583 1119 6584 1119 6585 1003 6586 1002 6587 975 6588 1101 6589 1100 6590 1100 6591 974 6592 975 6593 1003 6594 1119 6595 1120 6596 1120 6597 1004 6598 1003 6599 976 6600 1102 6601 1101 6602 1101 6603 975 6604 976 6605 1004 6606 1120 6607 1108 6608 1108 6609 983 6610 1004 6611 1103 6612 977 6613 1102 6614 1102 6615 976 6616 1103 6617 1005 6618 1121 6619 1104 6620 1104 6621 979 6622 1005 6623 980 6624 1105 6625 1006 6626 1006 6627 1122 6628 980 6629 1007 6630 1123 6631 1076 6632 1076 6633 1075 6634 1007 6635 1026 6636 1142 6637 1141 6638 1141 6639 1025 6640 1026 6641 1025 6642 1141 6643 1140 6644 1140 6645 1024 6646 1025 6647 1024 6648 1140 6649 1139 6650 1139 6651 1023 6652 1024 6653 1023 6654 1139 6655 1138 6656 1138 6657 1022 6658 1023 6659 1022 6660 1138 6661 1137 6662 1137 6663 1021 6664 1022 6665 1021 6666 1137 6667 1136 6668 1136 6669 1020 6670 1021 6671 1020 6672 1136 6673 1135 6674 1135 6675 1019 6676 1020 6677 1019 6678 1135 6679 1134 6680 1134 6681 1018 6682 1019 6683 1018 6684 1134 6685 1133 6686 1133 6687 1017 6688 1018 6689 1017 6690 1133 6691 1132 6692 1132 6693 1016 6694 1017 6695 1016 6696 1132 6697 1131 6698 1131 6699 1015 6700 1016 6701 1015 6702 1131 6703 1121 6704 1121 6705 1005 6706 1015 6707 1122 6708 1006 6709 1014 6710 1014 6711 1130 6712 1122 6713 1032 6714 1148 6715 1123 6716 1123 6717 1007 6718 1032 6719 1124 6720 1008 6721 1031 6722 1031 6723 1147 6724 1124 6725 1034 6726 1150 6727 1149 6728 1149 6729 1033 6730 1034 6731 1033 6732 1149 6733 1151 6734 1151 6735 1035 6736 1033 6737 1009 6738 1125 6739 1008 6740 1008 6741 1124 6742 1009 6743 1035 6744 1151 6745 1152 6746 1152 6747 1036 6748 1035 6749 1010 6750 1126 6751 1125 6752 1125 6753 1009 6754 1010 6755 1036 6756 1152 6757 1153 6758 1153 6759 1037 6760 1036 6761 1011 6762 1127 6763 1126 6764 1126 6765 1010 6766 1011 6767 1037 6768 1153 6769 1154 6770 1154 6771 1038 6772 1037 6773 1012 6774 1128 6775 1127 6776 1127 6777 1011 6778 1012 6779 1038 6780 1154 6781 1155 6782 1155 6783 1039 6784 1038 6785 1013 6786 1129 6787 1128 6788 1128 6789 1012 6790 1013 6791 1039 6792 1155 6793 1148 6794 1148 6795 1032 6796 1039 6797 1130 6798 1014 6799 1129 6800 1129 6801 1013 6802 1130 6803 1115 6804 1114 6805 1040 6806 1040 6807 1156 6808 1115 6809 1027 6810 1143 6811 1142 6812 1142 6813 1026 6814 1027 6815 1156 6816 1040 6817 1157 6818 1157 6819 1041 6820 1156 6821 1028 6822 1144 6823 1143 6824 1143 6825 1027 6826 1028 6827 1041 6828 1157 6829 1158 6830 1158 6831 1042 6832 1041 6833 1029 6834 1145 6835 1144 6836 1144 6837 1028 6838 1029 6839 1042 6840 1158 6841 1159 6842 1159 6843 1043 6844 1042 6845 1030 6846 1146 6847 1145 6848 1145 6849 1029 6850 1030 6851 1043 6852 1159 6853 1150 6854 1150 6855 1034 6856 1043 6857 1147 6858 1031 6859 1146 6860 1146 6861 1030 6862 1147 6863 1044 6864 1160 6865 1187 6866 1187 6867 1071 6868 1044 6869 1045 6870 1161 6871 1160 6872 1160 6873 1044 6874 1045 6875 1046 6876 1162 6877 1161 6878 1161 6879 1045 6880 1046 6881 1047 6882 1163 6883 1162 6884 1162 6885 1046 6886 1047 6887 1048 6888 1164 6889 1163 6890 1163 6891 1047 6892 1048 6893 1049 6894 1165 6895 1164 6896 1164 6897 1048 6898 1049 6899 1050 6900 1166 6901 1165 6902 1165 6903 1049 6904 1050 6905 1051 6906 1167 6907 1166 6908 1166 6909 1050 6910 1051 6911 1052 6912 1168 6913 1167 6914 1167 6915 1051 6916 1052 6917 1053 6918 1169 6919 1168 6920 1168 6921 1052 6922 1053 6923 1054 6924 1170 6925 1169 6926 1169 6927 1053 6928 1054 6929 1055 6930 1171 6931 1170 6932 1170 6933 1054 6934 1055 6935 1056 6936 1172 6937 1171 6938 1171 6939 1055 6940 1056 6941 1057 6942 1173 6943 1172 6944 1172 6945 1056 6946 1057 6947 1058 6948 1174 6949 1173 6950 1173 6951 1057 6952 1058 6953 1059 6954 1175 6955 1174 6956 1174 6957 1058 6958 1059 6959 1060 6960 1176 6961 1175 6962 1175 6963 1059 6964 1060 6965 1061 6966 1177 6967 1176 6968 1176 6969 1060 6970 1061 6971 1062 6972 1178 6973 1177 6974 1177 6975 1061 6976 1062 6977 1063 6978 1179 6979 1178 6980 1178 6981 1062 6982 1063 6983 1064 6984 1180 6985 1179 6986 1179 6987 1063 6988 1064 6989 1065 6990 1181 6991 1180 6992 1180 6993 1064 6994 1065 6995 1066 6996 1182 6997 1181 6998 1181 6999 1065 7000 1066 7001 1067 7002 1183 7003 1182 7004 1182 7005 1066 7006 1067 7007 1068 7008 1184 7009 1183 7010 1183 7011 1067 7012 1068 7013 1069 7014 1185 7015 1184 7016 1184 7017 1068 7018 1069 7019 1070 7020 1186 7021 1185 7022 1185 7023 1069 7024 1070 7025 1071 7026 1187 7027 1186 7028 1186 7029 1070 7030 1071 7031 1188 7032 1314 7033 1190 7034 1190 7035 1315 7036 1191 7037 1188 7038 1190 7039 1191 7040 1188 7041 1191 7042 1318 7043 1318 7044 1193 7045 1188 7046 1314 7047 1338 7048 1219 7049 1219 7050 1190 7051 1314 7052 1190 7053 1220 7054 1221 7055 1221 7056 1316 7057 1315 7058 1190 7059 1221 7060 1315 7061 1318 7062 1347 7063 1213 7064 1213 7065 1193 7066 1318 7067 1320 7068 1344 7069 1224 7070 1224 7071 1223 7072 1320 7073 1320 7074 1223 7075 1225 7076 1225 7077 1195 7078 1320 7079 1195 7080 1225 7081 1226 7082 1226 7083 1196 7084 1195 7085 1196 7086 1226 7087 1227 7088 1227 7089 1197 7090 1196 7091 1197 7092 1227 7093 1228 7094 1228 7095 1198 7096 1197 7097 1198 7098 1228 7099 1229 7100 1229 7101 1199 7102 1198 7103 1199 7104 1229 7105 1230 7106 1230 7107 1200 7108 1199 7109 1200 7110 1230 7111 1357 7112 1200 7113 1357 7114 1231 7115 1200 7116 1231 7117 1201 7118 1201 7119 1231 7120 1232 7121 1232 7122 1202 7123 1201 7124 1202 7125 1232 7126 1233 7127 1233 7128 1203 7129 1202 7130 1203 7131 1233 7132 1234 7133 1234 7134 1204 7135 1203 7136 1204 7137 1234 7138 1235 7139 1235 7140 1205 7141 1204 7142 1205 7143 1235 7144 1236 7145 1236 7146 1206 7147 1205 7148 1206 7149 1236 7150 1237 7151 1237 7152 1207 7153 1206 7154 1207 7155 1237 7156 1238 7157 1238 7158 1208 7159 1207 7160 1208 7161 1238 7162 1239 7163 1239 7164 1209 7165 1208 7166 1209 7167 1239 7168 1240 7169 1240 7170 1210 7171 1209 7172 1210 7173 1240 7174 1241 7175 1241 7176 1211 7177 1210 7178 1211 7179 1241 7180 1219 7181 1219 7182 1338 7183 1211 7184 1213 7185 1347 7186 1242 7187 1242 7188 1214 7189 1213 7190 1214 7191 1242 7192 1243 7193 1243 7194 1215 7195 1214 7196 1215 7197 1243 7198 1244 7199 1244 7200 1216 7201 1215 7202 1216 7203 1244 7204 1245 7205 1245 7206 1217 7207 1216 7208 1217 7209 1245 7210 1224 7211 1224 7212 1344 7213 1217 7214 1190 7215 1219 7216 1246 7217 1246 7218 1220 7219 1190 7220 1316 7221 1221 7222 1363 7223 1363 7224 1248 7225 1316 7226 1356 7227 1267 7228 1266 7229 1356 7230 1266 7231 1231 7232 1357 7233 1356 7234 1231 7235 1231 7236 1266 7237 1265 7238 1265 7239 1232 7240 1231 7241 1232 7242 1265 7243 1264 7244 1264 7245 1233 7246 1232 7247 1233 7248 1264 7249 1263 7250 1263 7251 1234 7252 1233 7253 1234 7254 1263 7255 1262 7256 1262 7257 1235 7258 1234 7259 1235 7260 1262 7261 1261 7262 1261 7263 1236 7264 1235 7265 1236 7266 1261 7267 1260 7268 1260 7269 1237 7270 1236 7271 1237 7272 1260 7273 1259 7274 1259 7275 1238 7276 1237 7277 1238 7278 1259 7279 1258 7280 1258 7281 1239 7282 1238 7283 1239 7284 1258 7285 1257 7286 1257 7287 1240 7288 1239 7289 1240 7290 1257 7291 1256 7292 1256 7293 1241 7294 1240 7295 1219 7296 1241 7297 1256 7298 1256 7299 1246 7300 1219 7301 1363 7302 1371 7303 1273 7304 1273 7305 1248 7306 1363 7307 1365 7308 1388 7309 1275 7310 1275 7311 1274 7312 1365 7313 1365 7314 1274 7315 1276 7316 1276 7317 1250 7318 1365 7319 1250 7320 1276 7321 1277 7322 1277 7323 1251 7324 1250 7325 1251 7326 1277 7327 1278 7328 1278 7329 1252 7330 1251 7331 1278 7332 1279 7333 1253 7334 1253 7335 1252 7336 1278 7337 1279 7338 1280 7339 1254 7340 1254 7341 1253 7342 1279 7343 1254 7344 1280 7345 1273 7346 1273 7347 1371 7348 1254 7349 1356 7350 1397 7351 1268 7352 1268 7353 1267 7354 1356 7355 1268 7356 1397 7357 1282 7358 1282 7359 1269 7360 1268 7361 1269 7362 1282 7363 1283 7364 1283 7365 1270 7366 1269 7367 1270 7368 1283 7369 1284 7370 1284 7371 1271 7372 1270 7373 1271 7374 1284 7375 1275 7376 1275 7377 1388 7378 1271 7379 1348 7380 1285 7381 1312 7382 1312 7383 1350 7384 1348 7385 1348 7386 1349 7387 1286 7388 1286 7389 1285 7390 1348 7391 1349 7392 1361 7393 1287 7394 1287 7395 1286 7396 1349 7397 1288 7398 1287 7399 1361 7400 1361 7401 1360 7402 1288 7403 1359 7404 1289 7405 1288 7406 1288 7407 1360 7408 1359 7409 1358 7410 1290 7411 1289 7412 1289 7413 1359 7414 1358 7415 1291 7416 1290 7417 1358 7418 1358 7419 1222 7420 1291 7421 1192 7422 1292 7423 1291 7424 1291 7425 1222 7426 1192 7427 1317 7428 1293 7429 1292 7430 1292 7431 1192 7432 1317 7433 1317 7434 1364 7435 1294 7436 1294 7437 1293 7438 1317 7439 1389 7440 1295 7441 1294 7442 1294 7443 1364 7444 1389 7445 1396 7446 1296 7447 1295 7448 1295 7449 1389 7450 1396 7451 1395 7452 1297 7453 1296 7454 1296 7455 1396 7456 1395 7457 1394 7458 1298 7459 1297 7460 1297 7461 1395 7462 1394 7463 1393 7464 1299 7465 1298 7466 1298 7467 1394 7468 1393 7469 1300 7470 1299 7471 1393 7472 1393 7473 1392 7474 1300 7475 1301 7476 1300 7477 1392 7478 1392 7479 1390 7480 1301 7481 1390 7482 1391 7483 1302 7484 1302 7485 1301 7486 1390 7487 1391 7488 1400 7489 1303 7490 1303 7491 1302 7492 1391 7493 1399 7494 1304 7495 1303 7496 1303 7497 1400 7498 1399 7499 1398 7500 1305 7501 1304 7502 1304 7503 1399 7504 1398 7505 1306 7506 1305 7507 1398 7508 1398 7509 1281 7510 1306 7511 1355 7512 1307 7513 1306 7514 1306 7515 1281 7516 1355 7517 1354 7518 1308 7519 1307 7520 1307 7521 1355 7522 1354 7523 1353 7524 1309 7525 1308 7526 1308 7527 1354 7528 1353 7529 1352 7530 1310 7531 1309 7532 1309 7533 1353 7534 1352 7535 1351 7536 1311 7537 1310 7538 1310 7539 1352 7540 1351 7541 1350 7542 1312 7543 1311 7544 1311 7545 1351 7546 1350 7547 1319 7548 1339 7549 1340 7550 1340 7551 1341 7552 1342 7553 1342 7554 1343 7555 1218 7556 1340 7557 1342 7558 1218 7559 1218 7560 1194 7561 1321 7562 1321 7563 1322 7564 1323 7565 1218 7566 1321 7567 1323 7568 1323 7569 1324 7570 1325 7571 1325 7572 1326 7573 1327 7574 1323 7575 1325 7576 1327 7577 1218 7578 1323 7579 1327 7580 1327 7581 1328 7582 1329 7583 1329 7584 1330 7585 1331 7586 1327 7587 1329 7588 1331 7589 1331 7590 1332 7591 1333 7592 1333 7593 1334 7594 1335 7595 1331 7596 1333 7597 1335 7598 1327 7599 1331 7600 1335 7601 1335 7602 1336 7603 1337 7604 1337 7605 1212 7606 1189 7607 1335 7608 1337 7609 1189 7610 1327 7611 1335 7612 1189 7613 1218 7614 1327 7615 1189 7616 1340 7617 1218 7618 1189 7619 1319 7620 1340 7621 1189 7622 1313 7623 1319 7624 1189 7625 1362 7626 1372 7627 1373 7628 1373 7629 1374 7630 1375 7631 1375 7632 1376 7633 1377 7634 1373 7635 1375 7636 1377 7637 1377 7638 1378 7639 1379 7640 1379 7641 1380 7642 1381 7643 1377 7644 1379 7645 1381 7646 1381 7647 1382 7648 1383 7649 1383 7650 1384 7651 1385 7652 1381 7653 1383 7654 1385 7655 1377 7656 1381 7657 1385 7658 1385 7659 1386 7660 1387 7661 1387 7662 1272 7663 1249 7664 1385 7665 1387 7666 1249 7667 1249 7668 1366 7669 1367 7670 1367 7671 1368 7672 1369 7673 1249 7674 1367 7675 1369 7676 1385 7677 1249 7678 1369 7679 1369 7680 1370 7681 1255 7682 1255 7683 1247 7684 1346 7685 1369 7686 1255 7687 1346 7688 1385 7689 1369 7690 1346 7691 1377 7692 1385 7693 1346 7694 1373 7695 1377 7696 1346 7697 1362 7698 1373 7699 1346 7700 1345 7701 1362 7702 1346 7703 1402 7704 1403 7705 1404 7706 1404 7707 1405 7708 1406 7709 1406 7710 1407 7711 1408 7712 1404 7713 1406 7714 1408 7715 1408 7716 1409 7717 1410 7718 1410 7719 1411 7720 1412 7721 1408 7722 1410 7723 1412 7724 1412 7725 1413 7726 1414 7727 1414 7728 1415 7729 1416 7730 1412 7731 1414 7732 1416 7733 1408 7734 1412 7735 1416 7736 1416 7737 1417 7738 1418 7739 1418 7740 1419 7741 1420 7742 1416 7743 1418 7744 1420 7745 1420 7746 1421 7747 1422 7748 1422 7749 1423 7750 1424 7751 1420 7752 1422 7753 1424 7754 1416 7755 1420 7756 1424 7757 1424 7758 1425 7759 1426 7760 1426 7761 1427 7762 1428 7763 1424 7764 1426 7765 1428 7766 1416 7767 1424 7768 1428 7769 1408 7770 1416 7771 1428 7772 1404 7773 1408 7774 1428 7775 1402 7776 1404 7777 1428 7778 1401 7779 1402 7780 1428 7781 1191 7782 1315 7783 1316 7784 1316 7785 1317 7786 1191 7787 1230 7788 1355 7789 1356 7790 1356 7791 1357 7792 1230 7793 1188 7794 1313 7795 1189 7796 1189 7797 1314 7798 1188 7799 1191 7800 1317 7801 1192 7802 1192 7803 1318 7804 1191 7805 1193 7806 1319 7807 1313 7808 1313 7809 1188 7810 1193 7811 1314 7812 1189 7813 1212 7814 1212 7815 1338 7816 1314 7817 1220 7818 1345 7819 1346 7820 1346 7821 1221 7822 1220 7823 1318 7824 1192 7825 1222 7826 1222 7827 1347 7828 1318 7829 1213 7830 1339 7831 1319 7832 1319 7833 1193 7834 1213 7835 1320 7836 1194 7837 1218 7838 1218 7839 1344 7840 1320 7841 1224 7842 1349 7843 1348 7844 1348 7845 1223 7846 1224 7847 1223 7848 1348 7849 1350 7850 1350 7851 1225 7852 1223 7853 1195 7854 1321 7855 1194 7856 1194 7857 1320 7858 1195 7859 1225 7860 1350 7861 1351 7862 1351 7863 1226 7864 1225 7865 1196 7866 1322 7867 1321 7868 1321 7869 1195 7870 1196 7871 1226 7872 1351 7873 1352 7874 1352 7875 1227 7876 1226 7877 1197 7878 1323 7879 1322 7880 1322 7881 1196 7882 1197 7883 1227 7884 1352 7885 1353 7886 1353 7887 1228 7888 1227 7889 1198 7890 1324 7891 1323 7892 1323 7893 1197 7894 1198 7895 1228 7896 1353 7897 1354 7898 1354 7899 1229 7900 1228 7901 1199 7902 1325 7903 1324 7904 1324 7905 1198 7906 1199 7907 1229 7908 1354 7909 1355 7910 1355 7911 1230 7912 1229 7913 1200 7914 1326 7915 1325 7916 1325 7917 1199 7918 1200 7919 1201 7920 1327 7921 1326 7922 1326 7923 1200 7924 1201 7925 1202 7926 1328 7927 1327 7928 1327 7929 1201 7930 1202 7931 1203 7932 1329 7933 1328 7934 1328 7935 1202 7936 1203 7937 1204 7938 1330 7939 1329 7940 1329 7941 1203 7942 1204 7943 1205 7944 1331 7945 1330 7946 1330 7947 1204 7948 1205 7949 1206 7950 1332 7951 1331 7952 1331 7953 1205 7954 1206 7955 1207 7956 1333 7957 1332 7958 1332 7959 1206 7960 1207 7961 1208 7962 1334 7963 1333 7964 1333 7965 1207 7966 1208 7967 1209 7968 1335 7969 1334 7970 1334 7971 1208 7972 1209 7973 1210 7974 1336 7975 1335 7976 1335 7977 1209 7978 1210 7979 1211 7980 1337 7981 1336 7982 1336 7983 1210 7984 1211 7985 1338 7986 1212 7987 1337 7988 1337 7989 1211 7990 1338 7991 1347 7992 1222 7993 1358 7994 1358 7995 1242 7996 1347 7997 1214 7998 1340 7999 1339 8000 1339 8001 1213 8002 1214 8003 1242 8004 1358 8005 1359 8006 1359 8007 1243 8008 1242 8009 1215 8010 1341 8011 1340 8012 1340 8013 1214 8014 1215 8015 1243 8016 1359 8017 1360 8018 1360 8019 1244 8020 1243 8021 1216 8022 1342 8023 1341 8024 1341 8025 1215 8026 1216 8027 1244 8028 1360 8029 1361 8030 1361 8031 1245 8032 1244 8033 1217 8034 1343 8035 1342 8036 1342 8037 1216 8038 1217 8039 1245 8040 1361 8041 1349 8042 1349 8043 1224 8044 1245 8045 1344 8046 1218 8047 1343 8048 1343 8049 1217 8050 1344 8051 1246 8052 1362 8053 1345 8054 1345 8055 1220 8056 1246 8057 1221 8058 1346 8059 1247 8060 1247 8061 1363 8062 1221 8063 1248 8064 1364 8065 1317 8066 1317 8067 1316 8068 1248 8069 1267 8070 1383 8071 1382 8072 1382 8073 1266 8074 1267 8075 1266 8076 1382 8077 1381 8078 1381 8079 1265 8080 1266 8081 1265 8082 1381 8083 1380 8084 1380 8085 1264 8086 1265 8087 1264 8088 1380 8089 1379 8090 1379 8091 1263 8092 1264 8093 1263 8094 1379 8095 1378 8096 1378 8097 1262 8098 1263 8099 1262 8100 1378 8101 1377 8102 1377 8103 1261 8104 1262 8105 1261 8106 1377 8107 1376 8108 1376 8109 1260 8110 1261 8111 1260 8112 1376 8113 1375 8114 1375 8115 1259 8116 1260 8117 1259 8118 1375 8119 1374 8120 1374 8121 1258 8122 1259 8123 1258 8124 1374 8125 1373 8126 1373 8127 1257 8128 1258 8129 1257 8130 1373 8131 1372 8132 1372 8133 1256 8134 1257 8135 1256 8136 1372 8137 1362 8138 1362 8139 1246 8140 1256 8141 1363 8142 1247 8143 1255 8144 1255 8145 1371 8146 1363 8147 1273 8148 1389 8149 1364 8150 1364 8151 1248 8152 1273 8153 1365 8154 1249 8155 1272 8156 1272 8157 1388 8158 1365 8159 1275 8160 1391 8161 1390 8162 1390 8163 1274 8164 1275 8165 1274 8166 1390 8167 1392 8168 1392 8169 1276 8170 1274 8171 1250 8172 1366 8173 1249 8174 1249 8175 1365 8176 1250 8177 1276 8178 1392 8179 1393 8180 1393 8181 1277 8182 1276 8183 1251 8184 1367 8185 1366 8186 1366 8187 1250 8188 1251 8189 1277 8190 1393 8191 1394 8192 1394 8193 1278 8194 1277 8195 1252 8196 1368 8197 1367 8198 1367 8199 1251 8200 1252 8201 1278 8202 1394 8203 1395 8204 1395 8205 1279 8206 1278 8207 1253 8208 1369 8209 1368 8210 1368 8211 1252 8212 1253 8213 1279 8214 1395 8215 1396 8216 1396 8217 1280 8218 1279 8219 1254 8220 1370 8221 1369 8222 1369 8223 1253 8224 1254 8225 1280 8226 1396 8227 1389 8228 1389 8229 1273 8230 1280 8231 1371 8232 1255 8233 1370 8234 1370 8235 1254 8236 1371 8237 1356 8238 1355 8239 1281 8240 1281 8241 1397 8242 1356 8243 1268 8244 1384 8245 1383 8246 1383 8247 1267 8248 1268 8249 1397 8250 1281 8251 1398 8252 1398 8253 1282 8254 1397 8255 1269 8256 1385 8257 1384 8258 1384 8259 1268 8260 1269 8261 1282 8262 1398 8263 1399 8264 1399 8265 1283 8266 1282 8267 1270 8268 1386 8269 1385 8270 1385 8271 1269 8272 1270 8273 1283 8274 1399 8275 1400 8276 1400 8277 1284 8278 1283 8279 1271 8280 1387 8281 1386 8282 1386 8283 1270 8284 1271 8285 1284 8286 1400 8287 1391 8288 1391 8289 1275 8290 1284 8291 1388 8292 1272 8293 1387 8294 1387 8295 1271 8296 1388 8297 1285 8298 1401 8299 1428 8300 1428 8301 1312 8302 1285 8303 1286 8304 1402 8305 1401 8306 1401 8307 1285 8308 1286 8309 1287 8310 1403 8311 1402 8312 1402 8313 1286 8314 1287 8315 1288 8316 1404 8317 1403 8318 1403 8319 1287 8320 1288 8321 1289 8322 1405 8323 1404 8324 1404 8325 1288 8326 1289 8327 1290 8328 1406 8329 1405 8330 1405 8331 1289 8332 1290 8333 1291 8334 1407 8335 1406 8336 1406 8337 1290 8338 1291 8339 1292 8340 1408 8341 1407 8342 1407 8343 1291 8344 1292 8345 1293 8346 1409 8347 1408 8348 1408 8349 1292 8350 1293 8351 1294 8352 1410 8353 1409 8354 1409 8355 1293 8356 1294 8357 1295 8358 1411 8359 1410 8360 1410 8361 1294 8362 1295 8363 1296 8364 1412 8365 1411 8366 1411 8367 1295 8368 1296 8369 1297 8370 1413 8371 1412 8372 1412 8373 1296 8374 1297 8375 1298 8376 1414 8377 1413 8378 1413 8379 1297 8380 1298 8381 1299 8382 1415 8383 1414 8384 1414 8385 1298 8386 1299 8387 1300 8388 1416 8389 1415 8390 1415 8391 1299 8392 1300 8393 1301 8394 1417 8395 1416 8396 1416 8397 1300 8398 1301 8399 1302 8400 1418 8401 1417 8402 1417 8403 1301 8404 1302 8405 1303 8406 1419 8407 1418 8408 1418 8409 1302 8410 1303 8411 1304 8412 1420 8413 1419 8414 1419 8415 1303 8416 1304 8417 1305 8418 1421 8419 1420 8420 1420 8421 1304 8422 1305 8423 1306 8424 1422 8425 1421 8426 1421 8427 1305 8428 1306 8429 1307 8430 1423 8431 1422 8432 1422 8433 1306 8434 1307 8435 1308 8436 1424 8437 1423 8438 1423 8439 1307 8440 1308 8441 1309 8442 1425 8443 1424 8444 1424 8445 1308 8446 1309 8447 1310 8448 1426 8449 1425 8450 1425 8451 1309 8452 1310 8453 1311 8454 1427 8455 1426 8456 1426 8457 1310 8458 1311 8459 1312 8460 1428 8461 1427 8462 1427 8463 1311 8464 1312 8465 1458 8466 1457 8467 1429 8468 1429 8469 1430 8470 1458 8471 1459 8472 1458 8473 1430 8474 1430 8475 1431 8476 1459 8477 1460 8478 1459 8479 1431 8480 1431 8481 1432 8482 1460 8483 1461 8484 1460 8485 1432 8486 1432 8487 1433 8488 1461 8489 1462 8490 1461 8491 1433 8492 1433 8493 1434 8494 1462 8495 1463 8496 1462 8497 1434 8498 1434 8499 1435 8500 1463 8501 1464 8502 1463 8503 1435 8504 1435 8505 1436 8506 1464 8507 1465 8508 1464 8509 1436 8510 1436 8511 1437 8512 1465 8513 1466 8514 1465 8515 1437 8516 1437 8517 1438 8518 1466 8519 1467 8520 1466 8521 1438 8522 1438 8523 1439 8524 1467 8525 1468 8526 1467 8527 1439 8528 1439 8529 1440 8530 1468 8531 1469 8532 1468 8533 1440 8534 1440 8535 1441 8536 1469 8537 1470 8538 1469 8539 1441 8540 1441 8541 1442 8542 1470 8543 1471 8544 1470 8545 1442 8546 1442 8547 1443 8548 1471 8549 1472 8550 1471 8551 1443 8552 1443 8553 1444 8554 1472 8555 1473 8556 1472 8557 1444 8558 1444 8559 1445 8560 1473 8561 1474 8562 1473 8563 1445 8564 1445 8565 1446 8566 1474 8567 1475 8568 1474 8569 1446 8570 1446 8571 1447 8572 1475 8573 1476 8574 1475 8575 1447 8576 1447 8577 1448 8578 1476 8579 1477 8580 1476 8581 1448 8582 1448 8583 1449 8584 1477 8585 1478 8586 1477 8587 1449 8588 1449 8589 1450 8590 1478 8591 1479 8592 1478 8593 1450 8594 1450 8595 1451 8596 1479 8597 1480 8598 1479 8599 1451 8600 1451 8601 1452 8602 1480 8603 1481 8604 1480 8605 1452 8606 1452 8607 1453 8608 1481 8609 1482 8610 1481 8611 1453 8612 1453 8613 1454 8614 1482 8615 1483 8616 1482 8617 1454 8618 1454 8619 1455 8620 1483 8621 1484 8622 1483 8623 1455 8624 1455 8625 1456 8626 1484 8627 1457 8628 1484 8629 1456 8630 1456 8631 1429 8632 1457 8633 1432 8634 1431 8635 1430 8636 1432 8637 1430 8638 1429 8639 1432 8640 1429 8641 1456 8642 1432 8643 1456 8644 1455 8645 1432 8646 1455 8647 1454 8648 1432 8649 1454 8650 1453 8651 1432 8652 1453 8653 1452 8654 1432 8655 1452 8656 1451 8657 1432 8658 1451 8659 1450 8660 1432 8661 1450 8662 1449 8663 1432 8664 1449 8665 1448 8666 1432 8667 1448 8668 1447 8669 1432 8670 1447 8671 1446 8672 1432 8673 1446 8674 1445 8675 1432 8676 1445 8677 1444 8678 1432 8679 1444 8680 1443 8681 1432 8682 1443 8683 1442 8684 1432 8685 1442 8686 1441 8687 1432 8688 1441 8689 1440 8690 1432 8691 1440 8692 1439 8693 1433 8694 1432 8695 1439 8696 1434 8697 1433 8698 1439 8699 1434 8700 1439 8701 1438 8702 1434 8703 1438 8704 1437 8705 1435 8706 1434 8707 1437 8708 1435 8709 1437 8710 1436 8711 1463 8712 1464 8713 1465 8714 1458 8715 1459 8716 1460 8717 1457 8718 1458 8719 1460 8720 1484 8721 1457 8722 1460 8723 1483 8724 1484 8725 1460 8726 1482 8727 1483 8728 1460 8729 1481 8730 1482 8731 1460 8732 1480 8733 1481 8734 1460 8735 1479 8736 1480 8737 1460 8738 1478 8739 1479 8740 1460 8741 1477 8742 1478 8743 1460 8744 1476 8745 1477 8746 1460 8747 1475 8748 1476 8749 1460 8750 1474 8751 1475 8752 1460 8753 1473 8754 1474 8755 1460 8756 1472 8757 1473 8758 1460 8759 1471 8760 1472 8761 1460 8762 1470 8763 1471 8764 1460 8765 1469 8766 1470 8767 1460 8768 1468 8769 1469 8770 1460 8771 1467 8772 1468 8773 1460 8774 1467 8775 1460 8776 1461 8777 1467 8778 1461 8779 1462 8780 1466 8781 1467 8782 1462 8783 1465 8784 1466 8785 1462 8786 1463 8787 1465 8788 1462 8789 1514 8790 1513 8791 1485 8792 1485 8793 1486 8794 1514 8795 1515 8796 1514 8797 1486 8798 1486 8799 1487 8800 1515 8801 1516 8802 1515 8803 1487 8804 1487 8805 1488 8806 1516 8807 1517 8808 1516 8809 1488 8810 1488 8811 1489 8812 1517 8813 1518 8814 1517 8815 1489 8816 1489 8817 1490 8818 1518 8819 1519 8820 1518 8821 1490 8822 1490 8823 1491 8824 1519 8825 1520 8826 1519 8827 1491 8828 1491 8829 1492 8830 1520 8831 1521 8832 1520 8833 1492 8834 1492 8835 1493 8836 1521 8837 1522 8838 1521 8839 1493 8840 1493 8841 1494 8842 1522 8843 1523 8844 1522 8845 1494 8846 1494 8847 1495 8848 1523 8849 1524 8850 1523 8851 1495 8852 1495 8853 1496 8854 1524 8855 1525 8856 1524 8857 1496 8858 1496 8859 1497 8860 1525 8861 1526 8862 1525 8863 1497 8864 1497 8865 1498 8866 1526 8867 1527 8868 1526 8869 1498 8870 1498 8871 1499 8872 1527 8873 1528 8874 1527 8875 1499 8876 1499 8877 1500 8878 1528 8879 1529 8880 1528 8881 1500 8882 1500 8883 1501 8884 1529 8885 1530 8886 1529 8887 1501 8888 1501 8889 1502 8890 1530 8891 1531 8892 1530 8893 1502 8894 1502 8895 1503 8896 1531 8897 1532 8898 1531 8899 1503 8900 1503 8901 1504 8902 1532 8903 1533 8904 1532 8905 1504 8906 1504 8907 1505 8908 1533 8909 1534 8910 1533 8911 1505 8912 1505 8913 1506 8914 1534 8915 1535 8916 1534 8917 1506 8918 1506 8919 1507 8920 1535 8921 1536 8922 1535 8923 1507 8924 1507 8925 1508 8926 1536 8927 1537 8928 1536 8929 1508 8930 1508 8931 1509 8932 1537 8933 1538 8934 1537 8935 1509 8936 1509 8937 1510 8938 1538 8939 1539 8940 1538 8941 1510 8942 1510 8943 1511 8944 1539 8945 1540 8946 1539 8947 1511 8948 1511 8949 1512 8950 1540 8951 1513 8952 1540 8953 1512 8954 1512 8955 1485 8956 1513 8957 1488 8958 1487 8959 1486 8960 1488 8961 1486 8962 1485 8963 1488 8964 1485 8965 1512 8966 1488 8967 1512 8968 1511 8969 1488 8970 1511 8971 1510 8972 1488 8973 1510 8974 1509 8975 1488 8976 1509 8977 1508 8978 1488 8979 1508 8980 1507 8981 1488 8982 1507 8983 1506 8984 1488 8985 1506 8986 1505 8987 1488 8988 1505 8989 1504 8990 1488 8991 1504 8992 1503 8993 1488 8994 1503 8995 1502 8996 1488 8997 1502 8998 1501 8999 1488 9000 1501 9001 1500 9002 1488 9003 1500 9004 1499 9005 1488 9006 1499 9007 1498 9008 1488 9009 1498 9010 1497 9011 1488 9012 1497 9013 1496 9014 1488 9015 1496 9016 1495 9017 1489 9018 1488 9019 1495 9020 1490 9021 1489 9022 1495 9023 1490 9024 1495 9025 1494 9026 1490 9027 1494 9028 1493 9029 1491 9030 1490 9031 1493 9032 1491 9033 1493 9034 1492 9035 1519 9036 1520 9037 1521 9038 1514 9039 1515 9040 1516 9041 1513 9042 1514 9043 1516 9044 1540 9045 1513 9046 1516 9047 1539 9048 1540 9049 1516 9050 1538 9051 1539 9052 1516 9053 1537 9054 1538 9055 1516 9056 1536 9057 1537 9058 1516 9059 1535 9060 1536 9061 1516 9062 1534 9063 1535 9064 1516 9065 1533 9066 1534 9067 1516 9068 1532 9069 1533 9070 1516 9071 1531 9072 1532 9073 1516 9074 1530 9075 1531 9076 1516 9077 1529 9078 1530 9079 1516 9080 1528 9081 1529 9082 1516 9083 1527 9084 1528 9085 1516 9086 1526 9087 1527 9088 1516 9089 1525 9090 1526 9091 1516 9092 1524 9093 1525 9094 1516 9095 1523 9096 1524 9097 1516 9098 1523 9099 1516 9100 1517 9101 1523 9102 1517 9103 1518 9104 1522 9105 1523 9106 1518 9107 1521 9108 1522 9109 1518 9110 1519 9111 1521 9112 1518 9113 1541 9114 1667 9115 1543 9116 1543 9117 1668 9118 1544 9119 1541 9120 1543 9121 1544 9122 1541 9123 1544 9124 1671 9125 1671 9126 1546 9127 1541 9128 1667 9129 1691 9130 1572 9131 1572 9132 1543 9133 1667 9134 1543 9135 1573 9136 1574 9137 1574 9138 1669 9139 1668 9140 1543 9141 1574 9142 1668 9143 1671 9144 1700 9145 1566 9146 1566 9147 1546 9148 1671 9149 1673 9150 1697 9151 1577 9152 1577 9153 1576 9154 1673 9155 1673 9156 1576 9157 1578 9158 1578 9159 1548 9160 1673 9161 1548 9162 1578 9163 1579 9164 1579 9165 1549 9166 1548 9167 1549 9168 1579 9169 1580 9170 1580 9171 1550 9172 1549 9173 1550 9174 1580 9175 1581 9176 1581 9177 1551 9178 1550 9179 1551 9180 1581 9181 1582 9182 1582 9183 1552 9184 1551 9185 1552 9186 1582 9187 1583 9188 1583 9189 1553 9190 1552 9191 1553 9192 1583 9193 1710 9194 1553 9195 1710 9196 1584 9197 1553 9198 1584 9199 1554 9200 1554 9201 1584 9202 1585 9203 1585 9204 1555 9205 1554 9206 1555 9207 1585 9208 1586 9209 1586 9210 1556 9211 1555 9212 1556 9213 1586 9214 1587 9215 1587 9216 1557 9217 1556 9218 1557 9219 1587 9220 1588 9221 1588 9222 1558 9223 1557 9224 1558 9225 1588 9226 1589 9227 1589 9228 1559 9229 1558 9230 1559 9231 1589 9232 1590 9233 1590 9234 1560 9235 1559 9236 1560 9237 1590 9238 1591 9239 1591 9240 1561 9241 1560 9242 1561 9243 1591 9244 1592 9245 1592 9246 1562 9247 1561 9248 1562 9249 1592 9250 1593 9251 1593 9252 1563 9253 1562 9254 1563 9255 1593 9256 1594 9257 1594 9258 1564 9259 1563 9260 1564 9261 1594 9262 1572 9263 1572 9264 1691 9265 1564 9266 1566 9267 1700 9268 1595 9269 1595 9270 1567 9271 1566 9272 1567 9273 1595 9274 1596 9275 1596 9276 1568 9277 1567 9278 1568 9279 1596 9280 1597 9281 1597 9282 1569 9283 1568 9284 1569 9285 1597 9286 1598 9287 1598 9288 1570 9289 1569 9290 1570 9291 1598 9292 1577 9293 1577 9294 1697 9295 1570 9296 1543 9297 1572 9298 1599 9299 1599 9300 1573 9301 1543 9302 1669 9303 1574 9304 1716 9305 1716 9306 1601 9307 1669 9308 1709 9309 1620 9310 1619 9311 1709 9312 1619 9313 1584 9314 1710 9315 1709 9316 1584 9317 1584 9318 1619 9319 1618 9320 1618 9321 1585 9322 1584 9323 1585 9324 1618 9325 1617 9326 1617 9327 1586 9328 1585 9329 1586 9330 1617 9331 1616 9332 1616 9333 1587 9334 1586 9335 1587 9336 1616 9337 1615 9338 1615 9339 1588 9340 1587 9341 1588 9342 1615 9343 1614 9344 1614 9345 1589 9346 1588 9347 1589 9348 1614 9349 1613 9350 1613 9351 1590 9352 1589 9353 1590 9354 1613 9355 1612 9356 1612 9357 1591 9358 1590 9359 1591 9360 1612 9361 1611 9362 1611 9363 1592 9364 1591 9365 1592 9366 1611 9367 1610 9368 1610 9369 1593 9370 1592 9371 1593 9372 1610 9373 1609 9374 1609 9375 1594 9376 1593 9377 1572 9378 1594 9379 1609 9380 1609 9381 1599 9382 1572 9383 1716 9384 1724 9385 1626 9386 1626 9387 1601 9388 1716 9389 1718 9390 1741 9391 1628 9392 1628 9393 1627 9394 1718 9395 1718 9396 1627 9397 1629 9398 1629 9399 1603 9400 1718 9401 1603 9402 1629 9403 1630 9404 1630 9405 1604 9406 1603 9407 1604 9408 1630 9409 1631 9410 1631 9411 1605 9412 1604 9413 1631 9414 1632 9415 1606 9416 1606 9417 1605 9418 1631 9419 1632 9420 1633 9421 1607 9422 1607 9423 1606 9424 1632 9425 1607 9426 1633 9427 1626 9428 1626 9429 1724 9430 1607 9431 1709 9432 1750 9433 1621 9434 1621 9435 1620 9436 1709 9437 1621 9438 1750 9439 1635 9440 1635 9441 1622 9442 1621 9443 1622 9444 1635 9445 1636 9446 1636 9447 1623 9448 1622 9449 1623 9450 1636 9451 1637 9452 1637 9453 1624 9454 1623 9455 1624 9456 1637 9457 1628 9458 1628 9459 1741 9460 1624 9461 1701 9462 1638 9463 1665 9464 1665 9465 1703 9466 1701 9467 1701 9468 1702 9469 1639 9470 1639 9471 1638 9472 1701 9473 1702 9474 1714 9475 1640 9476 1640 9477 1639 9478 1702 9479 1641 9480 1640 9481 1714 9482 1714 9483 1713 9484 1641 9485 1712 9486 1642 9487 1641 9488 1641 9489 1713 9490 1712 9491 1711 9492 1643 9493 1642 9494 1642 9495 1712 9496 1711 9497 1644 9498 1643 9499 1711 9500 1711 9501 1575 9502 1644 9503 1545 9504 1645 9505 1644 9506 1644 9507 1575 9508 1545 9509 1670 9510 1646 9511 1645 9512 1645 9513 1545 9514 1670 9515 1670 9516 1717 9517 1647 9518 1647 9519 1646 9520 1670 9521 1742 9522 1648 9523 1647 9524 1647 9525 1717 9526 1742 9527 1749 9528 1649 9529 1648 9530 1648 9531 1742 9532 1749 9533 1748 9534 1650 9535 1649 9536 1649 9537 1749 9538 1748 9539 1747 9540 1651 9541 1650 9542 1650 9543 1748 9544 1747 9545 1746 9546 1652 9547 1651 9548 1651 9549 1747 9550 1746 9551 1653 9552 1652 9553 1746 9554 1746 9555 1745 9556 1653 9557 1654 9558 1653 9559 1745 9560 1745 9561 1743 9562 1654 9563 1743 9564 1744 9565 1655 9566 1655 9567 1654 9568 1743 9569 1744 9570 1753 9571 1656 9572 1656 9573 1655 9574 1744 9575 1752 9576 1657 9577 1656 9578 1656 9579 1753 9580 1752 9581 1751 9582 1658 9583 1657 9584 1657 9585 1752 9586 1751 9587 1659 9588 1658 9589 1751 9590 1751 9591 1634 9592 1659 9593 1708 9594 1660 9595 1659 9596 1659 9597 1634 9598 1708 9599 1707 9600 1661 9601 1660 9602 1660 9603 1708 9604 1707 9605 1706 9606 1662 9607 1661 9608 1661 9609 1707 9610 1706 9611 1705 9612 1663 9613 1662 9614 1662 9615 1706 9616 1705 9617 1704 9618 1664 9619 1663 9620 1663 9621 1705 9622 1704 9623 1703 9624 1665 9625 1664 9626 1664 9627 1704 9628 1703 9629 1672 9630 1692 9631 1693 9632 1693 9633 1694 9634 1695 9635 1695 9636 1696 9637 1571 9638 1693 9639 1695 9640 1571 9641 1571 9642 1547 9643 1674 9644 1674 9645 1675 9646 1676 9647 1571 9648 1674 9649 1676 9650 1676 9651 1677 9652 1678 9653 1678 9654 1679 9655 1680 9656 1676 9657 1678 9658 1680 9659 1571 9660 1676 9661 1680 9662 1680 9663 1681 9664 1682 9665 1682 9666 1683 9667 1684 9668 1680 9669 1682 9670 1684 9671 1684 9672 1685 9673 1686 9674 1686 9675 1687 9676 1688 9677 1684 9678 1686 9679 1688 9680 1680 9681 1684 9682 1688 9683 1688 9684 1689 9685 1690 9686 1690 9687 1565 9688 1542 9689 1688 9690 1690 9691 1542 9692 1680 9693 1688 9694 1542 9695 1571 9696 1680 9697 1542 9698 1693 9699 1571 9700 1542 9701 1672 9702 1693 9703 1542 9704 1666 9705 1672 9706 1542 9707 1715 9708 1725 9709 1726 9710 1726 9711 1727 9712 1728 9713 1728 9714 1729 9715 1730 9716 1726 9717 1728 9718 1730 9719 1730 9720 1731 9721 1732 9722 1732 9723 1733 9724 1734 9725 1730 9726 1732 9727 1734 9728 1734 9729 1735 9730 1736 9731 1736 9732 1737 9733 1738 9734 1734 9735 1736 9736 1738 9737 1730 9738 1734 9739 1738 9740 1738 9741 1739 9742 1740 9743 1740 9744 1625 9745 1602 9746 1738 9747 1740 9748 1602 9749 1602 9750 1719 9751 1720 9752 1720 9753 1721 9754 1722 9755 1602 9756 1720 9757 1722 9758 1738 9759 1602 9760 1722 9761 1722 9762 1723 9763 1608 9764 1608 9765 1600 9766 1699 9767 1722 9768 1608 9769 1699 9770 1738 9771 1722 9772 1699 9773 1730 9774 1738 9775 1699 9776 1726 9777 1730 9778 1699 9779 1715 9780 1726 9781 1699 9782 1698 9783 1715 9784 1699 9785 1755 9786 1756 9787 1757 9788 1757 9789 1758 9790 1759 9791 1759 9792 1760 9793 1761 9794 1757 9795 1759 9796 1761 9797 1761 9798 1762 9799 1763 9800 1763 9801 1764 9802 1765 9803 1761 9804 1763 9805 1765 9806 1765 9807 1766 9808 1767 9809 1767 9810 1768 9811 1769 9812 1765 9813 1767 9814 1769 9815 1761 9816 1765 9817 1769 9818 1769 9819 1770 9820 1771 9821 1771 9822 1772 9823 1773 9824 1769 9825 1771 9826 1773 9827 1773 9828 1774 9829 1775 9830 1775 9831 1776 9832 1777 9833 1773 9834 1775 9835 1777 9836 1769 9837 1773 9838 1777 9839 1777 9840 1778 9841 1779 9842 1779 9843 1780 9844 1781 9845 1777 9846 1779 9847 1781 9848 1769 9849 1777 9850 1781 9851 1761 9852 1769 9853 1781 9854 1757 9855 1761 9856 1781 9857 1755 9858 1757 9859 1781 9860 1754 9861 1755 9862 1781 9863 1544 9864 1668 9865 1669 9866 1669 9867 1670 9868 1544 9869 1583 9870 1708 9871 1709 9872 1709 9873 1710 9874 1583 9875 1541 9876 1666 9877 1542 9878 1542 9879 1667 9880 1541 9881 1544 9882 1670 9883 1545 9884 1545 9885 1671 9886 1544 9887 1546 9888 1672 9889 1666 9890 1666 9891 1541 9892 1546 9893 1667 9894 1542 9895 1565 9896 1565 9897 1691 9898 1667 9899 1573 9900 1698 9901 1699 9902 1699 9903 1574 9904 1573 9905 1671 9906 1545 9907 1575 9908 1575 9909 1700 9910 1671 9911 1566 9912 1692 9913 1672 9914 1672 9915 1546 9916 1566 9917 1673 9918 1547 9919 1571 9920 1571 9921 1697 9922 1673 9923 1577 9924 1702 9925 1701 9926 1701 9927 1576 9928 1577 9929 1576 9930 1701 9931 1703 9932 1703 9933 1578 9934 1576 9935 1548 9936 1674 9937 1547 9938 1547 9939 1673 9940 1548 9941 1578 9942 1703 9943 1704 9944 1704 9945 1579 9946 1578 9947 1549 9948 1675 9949 1674 9950 1674 9951 1548 9952 1549 9953 1579 9954 1704 9955 1705 9956 1705 9957 1580 9958 1579 9959 1550 9960 1676 9961 1675 9962 1675 9963 1549 9964 1550 9965 1580 9966 1705 9967 1706 9968 1706 9969 1581 9970 1580 9971 1551 9972 1677 9973 1676 9974 1676 9975 1550 9976 1551 9977 1581 9978 1706 9979 1707 9980 1707 9981 1582 9982 1581 9983 1552 9984 1678 9985 1677 9986 1677 9987 1551 9988 1552 9989 1582 9990 1707 9991 1708 9992 1708 9993 1583 9994 1582 9995 1553 9996 1679 9997 1678 9998 1678 9999 1552 10000 1553 10001 1554 10002 1680 10003 1679 10004 1679 10005 1553 10006 1554 10007 1555 10008 1681 10009 1680 10010 1680 10011 1554 10012 1555 10013 1556 10014 1682 10015 1681 10016 1681 10017 1555 10018 1556 10019 1557 10020 1683 10021 1682 10022 1682 10023 1556 10024 1557 10025 1558 10026 1684 10027 1683 10028 1683 10029 1557 10030 1558 10031 1559 10032 1685 10033 1684 10034 1684 10035 1558 10036 1559 10037 1560 10038 1686 10039 1685 10040 1685 10041 1559 10042 1560 10043 1561 10044 1687 10045 1686 10046 1686 10047 1560 10048 1561 10049 1562 10050 1688 10051 1687 10052 1687 10053 1561 10054 1562 10055 1563 10056 1689 10057 1688 10058 1688 10059 1562 10060 1563 10061 1564 10062 1690 10063 1689 10064 1689 10065 1563 10066 1564 10067 1691 10068 1565 10069 1690 10070 1690 10071 1564 10072 1691 10073 1700 10074 1575 10075 1711 10076 1711 10077 1595 10078 1700 10079 1567 10080 1693 10081 1692 10082 1692 10083 1566 10084 1567 10085 1595 10086 1711 10087 1712 10088 1712 10089 1596 10090 1595 10091 1568 10092 1694 10093 1693 10094 1693 10095 1567 10096 1568 10097 1596 10098 1712 10099 1713 10100 1713 10101 1597 10102 1596 10103 1569 10104 1695 10105 1694 10106 1694 10107 1568 10108 1569 10109 1597 10110 1713 10111 1714 10112 1714 10113 1598 10114 1597 10115 1570 10116 1696 10117 1695 10118 1695 10119 1569 10120 1570 10121 1598 10122 1714 10123 1702 10124 1702 10125 1577 10126 1598 10127 1697 10128 1571 10129 1696 10130 1696 10131 1570 10132 1697 10133 1599 10134 1715 10135 1698 10136 1698 10137 1573 10138 1599 10139 1574 10140 1699 10141 1600 10142 1600 10143 1716 10144 1574 10145 1601 10146 1717 10147 1670 10148 1670 10149 1669 10150 1601 10151 1620 10152 1736 10153 1735 10154 1735 10155 1619 10156 1620 10157 1619 10158 1735 10159 1734 10160 1734 10161 1618 10162 1619 10163 1618 10164 1734 10165 1733 10166 1733 10167 1617 10168 1618 10169 1617 10170 1733 10171 1732 10172 1732 10173 1616 10174 1617 10175 1616 10176 1732 10177 1731 10178 1731 10179 1615 10180 1616 10181 1615 10182 1731 10183 1730 10184 1730 10185 1614 10186 1615 10187 1614 10188 1730 10189 1729 10190 1729 10191 1613 10192 1614 10193 1613 10194 1729 10195 1728 10196 1728 10197 1612 10198 1613 10199 1612 10200 1728 10201 1727 10202 1727 10203 1611 10204 1612 10205 1611 10206 1727 10207 1726 10208 1726 10209 1610 10210 1611 10211 1610 10212 1726 10213 1725 10214 1725 10215 1609 10216 1610 10217 1609 10218 1725 10219 1715 10220 1715 10221 1599 10222 1609 10223 1716 10224 1600 10225 1608 10226 1608 10227 1724 10228 1716 10229 1626 10230 1742 10231 1717 10232 1717 10233 1601 10234 1626 10235 1718 10236 1602 10237 1625 10238 1625 10239 1741 10240 1718 10241 1628 10242 1744 10243 1743 10244 1743 10245 1627 10246 1628 10247 1627 10248 1743 10249 1745 10250 1745 10251 1629 10252 1627 10253 1603 10254 1719 10255 1602 10256 1602 10257 1718 10258 1603 10259 1629 10260 1745 10261 1746 10262 1746 10263 1630 10264 1629 10265 1604 10266 1720 10267 1719 10268 1719 10269 1603 10270 1604 10271 1630 10272 1746 10273 1747 10274 1747 10275 1631 10276 1630 10277 1605 10278 1721 10279 1720 10280 1720 10281 1604 10282 1605 10283 1631 10284 1747 10285 1748 10286 1748 10287 1632 10288 1631 10289 1606 10290 1722 10291 1721 10292 1721 10293 1605 10294 1606 10295 1632 10296 1748 10297 1749 10298 1749 10299 1633 10300 1632 10301 1607 10302 1723 10303 1722 10304 1722 10305 1606 10306 1607 10307 1633 10308 1749 10309 1742 10310 1742 10311 1626 10312 1633 10313 1724 10314 1608 10315 1723 10316 1723 10317 1607 10318 1724 10319 1709 10320 1708 10321 1634 10322 1634 10323 1750 10324 1709 10325 1621 10326 1737 10327 1736 10328 1736 10329 1620 10330 1621 10331 1750 10332 1634 10333 1751 10334 1751 10335 1635 10336 1750 10337 1622 10338 1738 10339 1737 10340 1737 10341 1621 10342 1622 10343 1635 10344 1751 10345 1752 10346 1752 10347 1636 10348 1635 10349 1623 10350 1739 10351 1738 10352 1738 10353 1622 10354 1623 10355 1636 10356 1752 10357 1753 10358 1753 10359 1637 10360 1636 10361 1624 10362 1740 10363 1739 10364 1739 10365 1623 10366 1624 10367 1637 10368 1753 10369 1744 10370 1744 10371 1628 10372 1637 10373 1741 10374 1625 10375 1740 10376 1740 10377 1624 10378 1741 10379 1638 10380 1754 10381 1781 10382 1781 10383 1665 10384 1638 10385 1639 10386 1755 10387 1754 10388 1754 10389 1638 10390 1639 10391 1640 10392 1756 10393 1755 10394 1755 10395 1639 10396 1640 10397 1641 10398 1757 10399 1756 10400 1756 10401 1640 10402 1641 10403 1642 10404 1758 10405 1757 10406 1757 10407 1641 10408 1642 10409 1643 10410 1759 10411 1758 10412 1758 10413 1642 10414 1643 10415 1644 10416 1760 10417 1759 10418 1759 10419 1643 10420 1644 10421 1645 10422 1761 10423 1760 10424 1760 10425 1644 10426 1645 10427 1646 10428 1762 10429 1761 10430 1761 10431 1645 10432 1646 10433 1647 10434 1763 10435 1762 10436 1762 10437 1646 10438 1647 10439 1648 10440 1764 10441 1763 10442 1763 10443 1647 10444 1648 10445 1649 10446 1765 10447 1764 10448 1764 10449 1648 10450 1649 10451 1650 10452 1766 10453 1765 10454 1765 10455 1649 10456 1650 10457 1651 10458 1767 10459 1766 10460 1766 10461 1650 10462 1651 10463 1652 10464 1768 10465 1767 10466 1767 10467 1651 10468 1652 10469 1653 10470 1769 10471 1768 10472 1768 10473 1652 10474 1653 10475 1654 10476 1770 10477 1769 10478 1769 10479 1653 10480 1654 10481 1655 10482 1771 10483 1770 10484 1770 10485 1654 10486 1655 10487 1656 10488 1772 10489 1771 10490 1771 10491 1655 10492 1656 10493 1657 10494 1773 10495 1772 10496 1772 10497 1656 10498 1657 10499 1658 10500 1774 10501 1773 10502 1773 10503 1657 10504 1658 10505 1659 10506 1775 10507 1774 10508 1774 10509 1658 10510 1659 10511 1660 10512 1776 10513 1775 10514 1775 10515 1659 10516 1660 10517 1661 10518 1777 10519 1776 10520 1776 10521 1660 10522 1661 10523 1662 10524 1778 10525 1777 10526 1777 10527 1661 10528 1662 10529 1663 10530 1779 10531 1778 10532 1778 10533 1662 10534 1663 10535 1664 10536 1780 10537 1779 10538 1779 10539 1663 10540 1664 10541 1665 10542 1781 10543 1780 10544 1780 10545 1664 10546 1665 10547 1811 10548 1810 10549 1782 10550 1782 10551 1783 10552 1811 10553 1812 10554 1811 10555 1783 10556 1783 10557 1784 10558 1812 10559 1813 10560 1812 10561 1784 10562 1784 10563 1785 10564 1813 10565 1814 10566 1813 10567 1785 10568 1785 10569 1786 10570 1814 10571 1815 10572 1814 10573 1786 10574 1786 10575 1787 10576 1815 10577 1816 10578 1815 10579 1787 10580 1787 10581 1788 10582 1816 10583 1817 10584 1816 10585 1788 10586 1788 10587 1789 10588 1817 10589 1818 10590 1817 10591 1789 10592 1789 10593 1790 10594 1818 10595 1819 10596 1818 10597 1790 10598 1790 10599 1791 10600 1819 10601 1820 10602 1819 10603 1791 10604 1791 10605 1792 10606 1820 10607 1821 10608 1820 10609 1792 10610 1792 10611 1793 10612 1821 10613 1822 10614 1821 10615 1793 10616 1793 10617 1794 10618 1822 10619 1823 10620 1822 10621 1794 10622 1794 10623 1795 10624 1823 10625 1824 10626 1823 10627 1795 10628 1795 10629 1796 10630 1824 10631 1825 10632 1824 10633 1796 10634 1796 10635 1797 10636 1825 10637 1826 10638 1825 10639 1797 10640 1797 10641 1798 10642 1826 10643 1827 10644 1826 10645 1798 10646 1798 10647 1799 10648 1827 10649 1828 10650 1827 10651 1799 10652 1799 10653 1800 10654 1828 10655 1829 10656 1828 10657 1800 10658 1800 10659 1801 10660 1829 10661 1830 10662 1829 10663 1801 10664 1801 10665 1802 10666 1830 10667 1831 10668 1830 10669 1802 10670 1802 10671 1803 10672 1831 10673 1832 10674 1831 10675 1803 10676 1803 10677 1804 10678 1832 10679 1833 10680 1832 10681 1804 10682 1804 10683 1805 10684 1833 10685 1834 10686 1833 10687 1805 10688 1805 10689 1806 10690 1834 10691 1835 10692 1834 10693 1806 10694 1806 10695 1807 10696 1835 10697 1836 10698 1835 10699 1807 10700 1807 10701 1808 10702 1836 10703 1837 10704 1836 10705 1808 10706 1808 10707 1809 10708 1837 10709 1810 10710 1837 10711 1809 10712 1809 10713 1782 10714 1810 10715 1785 10716 1784 10717 1783 10718 1785 10719 1783 10720 1782 10721 1785 10722 1782 10723 1809 10724 1785 10725 1809 10726 1808 10727 1785 10728 1808 10729 1807 10730 1785 10731 1807 10732 1806 10733 1785 10734 1806 10735 1805 10736 1785 10737 1805 10738 1804 10739 1785 10740 1804 10741 1803 10742 1785 10743 1803 10744 1802 10745 1785 10746 1802 10747 1801 10748 1785 10749 1801 10750 1800 10751 1785 10752 1800 10753 1799 10754 1785 10755 1799 10756 1798 10757 1785 10758 1798 10759 1797 10760 1785 10761 1797 10762 1796 10763 1785 10764 1796 10765 1795 10766 1785 10767 1795 10768 1794 10769 1785 10770 1794 10771 1793 10772 1785 10773 1793 10774 1792 10775 1786 10776 1785 10777 1792 10778 1787 10779 1786 10780 1792 10781 1787 10782 1792 10783 1791 10784 1787 10785 1791 10786 1790 10787 1788 10788 1787 10789 1790 10790 1788 10791 1790 10792 1789 10793 1816 10794 1817 10795 1818 10796 1811 10797 1812 10798 1813 10799 1810 10800 1811 10801 1813 10802 1837 10803 1810 10804 1813 10805 1836 10806 1837 10807 1813 10808 1835 10809 1836 10810 1813 10811 1834 10812 1835 10813 1813 10814 1833 10815 1834 10816 1813 10817 1832 10818 1833 10819 1813 10820 1831 10821 1832 10822 1813 10823 1830 10824 1831 10825 1813 10826 1829 10827 1830 10828 1813 10829 1828 10830 1829 10831 1813 10832 1827 10833 1828 10834 1813 10835 1826 10836 1827 10837 1813 10838 1825 10839 1826 10840 1813 10841 1824 10842 1825 10843 1813 10844 1823 10845 1824 10846 1813 10847 1822 10848 1823 10849 1813 10850 1821 10851 1822 10852 1813 10853 1820 10854 1821 10855 1813 10856 1820 10857 1813 10858 1814 10859 1820 10860 1814 10861 1815 10862 1819 10863 1820 10864 1815 10865 1818 10866 1819 10867 1815 10868 1816 10869 1818 10870 1815 10871 1867 10872 1866 10873 1838 10874 1838 10875 1839 10876 1867 10877 1868 10878 1867 10879 1839 10880 1839 10881 1840 10882 1868 10883 1869 10884 1868 10885 1840 10886 1840 10887 1841 10888 1869 10889 1870 10890 1869 10891 1841 10892 1841 10893 1842 10894 1870 10895 1871 10896 1870 10897 1842 10898 1842 10899 1843 10900 1871 10901 1872 10902 1871 10903 1843 10904 1843 10905 1844 10906 1872 10907 1873 10908 1872 10909 1844 10910 1844 10911 1845 10912 1873 10913 1874 10914 1873 10915 1845 10916 1845 10917 1846 10918 1874 10919 1875 10920 1874 10921 1846 10922 1846 10923 1847 10924 1875 10925 1876 10926 1875 10927 1847 10928 1847 10929 1848 10930 1876 10931 1877 10932 1876 10933 1848 10934 1848 10935 1849 10936 1877 10937 1878 10938 1877 10939 1849 10940 1849 10941 1850 10942 1878 10943 1879 10944 1878 10945 1850 10946 1850 10947 1851 10948 1879 10949 1880 10950 1879 10951 1851 10952 1851 10953 1852 10954 1880 10955 1881 10956 1880 10957 1852 10958 1852 10959 1853 10960 1881 10961 1882 10962 1881 10963 1853 10964 1853 10965 1854 10966 1882 10967 1883 10968 1882 10969 1854 10970 1854 10971 1855 10972 1883 10973 1884 10974 1883 10975 1855 10976 1855 10977 1856 10978 1884 10979 1885 10980 1884 10981 1856 10982 1856 10983 1857 10984 1885 10985 1886 10986 1885 10987 1857 10988 1857 10989 1858 10990 1886 10991 1887 10992 1886 10993 1858 10994 1858 10995 1859 10996 1887 10997 1888 10998 1887 10999 1859 11000 1859 11001 1860 11002 1888 11003 1889 11004 1888 11005 1860 11006 1860 11007 1861 11008 1889 11009 1890 11010 1889 11011 1861 11012 1861 11013 1862 11014 1890 11015 1891 11016 1890 11017 1862 11018 1862 11019 1863 11020 1891 11021 1892 11022 1891 11023 1863 11024 1863 11025 1864 11026 1892 11027 1893 11028 1892 11029 1864 11030 1864 11031 1865 11032 1893 11033 1866 11034 1893 11035 1865 11036 1865 11037 1838 11038 1866 11039 1841 11040 1840 11041 1839 11042 1841 11043 1839 11044 1838 11045 1841 11046 1838 11047 1865 11048 1841 11049 1865 11050 1864 11051 1841 11052 1864 11053 1863 11054 1841 11055 1863 11056 1862 11057 1841 11058 1862 11059 1861 11060 1841 11061 1861 11062 1860 11063 1841 11064 1860 11065 1859 11066 1841 11067 1859 11068 1858 11069 1841 11070 1858 11071 1857 11072 1841 11073 1857 11074 1856 11075 1841 11076 1856 11077 1855 11078 1841 11079 1855 11080 1854 11081 1841 11082 1854 11083 1853 11084 1841 11085 1853 11086 1852 11087 1841 11088 1852 11089 1851 11090 1841 11091 1851 11092 1850 11093 1841 11094 1850 11095 1849 11096 1841 11097 1849 11098 1848 11099 1842 11100 1841 11101 1848 11102 1843 11103 1842 11104 1848 11105 1843 11106 1848 11107 1847 11108 1843 11109 1847 11110 1846 11111 1844 11112 1843 11113 1846 11114 1844 11115 1846 11116 1845 11117 1872 11118 1873 11119 1874 11120 1867 11121 1868 11122 1869 11123 1866 11124 1867 11125 1869 11126 1893 11127 1866 11128 1869 11129 1892 11130 1893 11131 1869 11132 1891 11133 1892 11134 1869 11135 1890 11136 1891 11137 1869 11138 1889 11139 1890 11140 1869 11141 1888 11142 1889 11143 1869 11144 1887 11145 1888 11146 1869 11147 1886 11148 1887 11149 1869 11150 1885 11151 1886 11152 1869 11153 1884 11154 1885 11155 1869 11156 1883 11157 1884 11158 1869 11159 1882 11160 1883 11161 1869 11162 1881 11163 1882 11164 1869 11165 1880 11166 1881 11167 1869 11168 1879 11169 1880 11170 1869 11171 1878 11172 1879 11173 1869 11174 1877 11175 1878 11176 1869 11177 1876 11178 1877 11179 1869 11180 1876 11181 1869 11182 1870 11183 1876 11184 1870 11185 1871 11186 1875 11187 1876 11188 1871 11189 1874 11190 1875 11191 1871 11192 1872 11193 1874 11194 1871 11195 1923 11196 1922 11197 1894 11198 1894 11199 1895 11200 1923 11201 1924 11202 1923 11203 1895 11204 1895 11205 1896 11206 1924 11207 1925 11208 1924 11209 1896 11210 1896 11211 1897 11212 1925 11213 1926 11214 1925 11215 1897 11216 1897 11217 1898 11218 1926 11219 1927 11220 1926 11221 1898 11222 1898 11223 1899 11224 1927 11225 1928 11226 1927 11227 1899 11228 1899 11229 1900 11230 1928 11231 1929 11232 1928 11233 1900 11234 1900 11235 1901 11236 1929 11237 1930 11238 1929 11239 1901 11240 1901 11241 1902 11242 1930 11243 1931 11244 1930 11245 1902 11246 1902 11247 1903 11248 1931 11249 1932 11250 1931 11251 1903 11252 1903 11253 1904 11254 1932 11255 1933 11256 1932 11257 1904 11258 1904 11259 1905 11260 1933 11261 1934 11262 1933 11263 1905 11264 1905 11265 1906 11266 1934 11267 1935 11268 1934 11269 1906 11270 1906 11271 1907 11272 1935 11273 1936 11274 1935 11275 1907 11276 1907 11277 1908 11278 1936 11279 1937 11280 1936 11281 1908 11282 1908 11283 1909 11284 1937 11285 1938 11286 1937 11287 1909 11288 1909 11289 1910 11290 1938 11291 1939 11292 1938 11293 1910 11294 1910 11295 1911 11296 1939 11297 1940 11298 1939 11299 1911 11300 1911 11301 1912 11302 1940 11303 1941 11304 1940 11305 1912 11306 1912 11307 1913 11308 1941 11309 1942 11310 1941 11311 1913 11312 1913 11313 1914 11314 1942 11315 1943 11316 1942 11317 1914 11318 1914 11319 1915 11320 1943 11321 1944 11322 1943 11323 1915 11324 1915 11325 1916 11326 1944 11327 1945 11328 1944 11329 1916 11330 1916 11331 1917 11332 1945 11333 1946 11334 1945 11335 1917 11336 1917 11337 1918 11338 1946 11339 1947 11340 1946 11341 1918 11342 1918 11343 1919 11344 1947 11345 1948 11346 1947 11347 1919 11348 1919 11349 1920 11350 1948 11351 1949 11352 1948 11353 1920 11354 1920 11355 1921 11356 1949 11357 1922 11358 1949 11359 1921 11360 1921 11361 1894 11362 1922 11363 1897 11364 1896 11365 1895 11366 1897 11367 1895 11368 1894 11369 1897 11370 1894 11371 1921 11372 1897 11373 1921 11374 1920 11375 1897 11376 1920 11377 1919 11378 1897 11379 1919 11380 1918 11381 1897 11382 1918 11383 1917 11384 1897 11385 1917 11386 1916 11387 1897 11388 1916 11389 1915 11390 1897 11391 1915 11392 1914 11393 1897 11394 1914 11395 1913 11396 1897 11397 1913 11398 1912 11399 1897 11400 1912 11401 1911 11402 1897 11403 1911 11404 1910 11405 1897 11406 1910 11407 1909 11408 1897 11409 1909 11410 1908 11411 1897 11412 1908 11413 1907 11414 1897 11415 1907 11416 1906 11417 1897 11418 1906 11419 1905 11420 1897 11421 1905 11422 1904 11423 1898 11424 1897 11425 1904 11426 1899 11427 1898 11428 1904 11429 1899 11430 1904 11431 1903 11432 1899 11433 1903 11434 1902 11435 1900 11436 1899 11437 1902 11438 1900 11439 1902 11440 1901 11441 1928 11442 1929 11443 1930 11444 1923 11445 1924 11446 1925 11447 1922 11448 1923 11449 1925 11450 1949 11451 1922 11452 1925 11453 1948 11454 1949 11455 1925 11456 1947 11457 1948 11458 1925 11459 1946 11460 1947 11461 1925 11462 1945 11463 1946 11464 1925 11465 1944 11466 1945 11467 1925 11468 1943 11469 1944 11470 1925 11471 1942 11472 1943 11473 1925 11474 1941 11475 1942 11476 1925 11477 1940 11478 1941 11479 1925 11480 1939 11481 1940 11482 1925 11483 1938 11484 1939 11485 1925 11486 1937 11487 1938 11488 1925 11489 1936 11490 1937 11491 1925 11492 1935 11493 1936 11494 1925 11495 1934 11496 1935 11497 1925 11498 1933 11499 1934 11500 1925 11501 1932 11502 1933 11503 1925 11504 1932 11505 1925 11506 1926 11507 1932 11508 1926 11509 1927 11510 1931 11511 1932 11512 1927 11513 1930 11514 1931 11515 1927 11516 1928 11517 1930 11518 1927 11519 1979 11520 1978 11521 1950 11522 1950 11523 1951 11524 1979 11525 1980 11526 1979 11527 1951 11528 1951 11529 1952 11530 1980 11531 1981 11532 1980 11533 1952 11534 1952 11535 1953 11536 1981 11537 1982 11538 1981 11539 1953 11540 1953 11541 1954 11542 1982 11543 1983 11544 1982 11545 1954 11546 1954 11547 1955 11548 1983 11549 1984 11550 1983 11551 1955 11552 1955 11553 1956 11554 1984 11555 1985 11556 1984 11557 1956 11558 1956 11559 1957 11560 1985 11561 1986 11562 1985 11563 1957 11564 1957 11565 1958 11566 1986 11567 1987 11568 1986 11569 1958 11570 1958 11571 1959 11572 1987 11573 1988 11574 1987 11575 1959 11576 1959 11577 1960 11578 1988 11579 1989 11580 1988 11581 1960 11582 1960 11583 1961 11584 1989 11585 1990 11586 1989 11587 1961 11588 1961 11589 1962 11590 1990 11591 1991 11592 1990 11593 1962 11594 1962 11595 1963 11596 1991 11597 1992 11598 1991 11599 1963 11600 1963 11601 1964 11602 1992 11603 1993 11604 1992 11605 1964 11606 1964 11607 1965 11608 1993 11609 1994 11610 1993 11611 1965 11612 1965 11613 1966 11614 1994 11615 1995 11616 1994 11617 1966 11618 1966 11619 1967 11620 1995 11621 1996 11622 1995 11623 1967 11624 1967 11625 1968 11626 1996 11627 1997 11628 1996 11629 1968 11630 1968 11631 1969 11632 1997 11633 1998 11634 1997 11635 1969 11636 1969 11637 1970 11638 1998 11639 1999 11640 1998 11641 1970 11642 1970 11643 1971 11644 1999 11645 2000 11646 1999 11647 1971 11648 1971 11649 1972 11650 2000 11651 2001 11652 2000 11653 1972 11654 1972 11655 1973 11656 2001 11657 2002 11658 2001 11659 1973 11660 1973 11661 1974 11662 2002 11663 2003 11664 2002 11665 1974 11666 1974 11667 1975 11668 2003 11669 2004 11670 2003 11671 1975 11672 1975 11673 1976 11674 2004 11675 2005 11676 2004 11677 1976 11678 1976 11679 1977 11680 2005 11681 1978 11682 2005 11683 1977 11684 1977 11685 1950 11686 1978 11687 1953 11688 1952 11689 1951 11690 1953 11691 1951 11692 1950 11693 1953 11694 1950 11695 1977 11696 1953 11697 1977 11698 1976 11699 1953 11700 1976 11701 1975 11702 1953 11703 1975 11704 1974 11705 1953 11706 1974 11707 1973 11708 1953 11709 1973 11710 1972 11711 1953 11712 1972 11713 1971 11714 1953 11715 1971 11716 1970 11717 1953 11718 1970 11719 1969 11720 1953 11721 1969 11722 1968 11723 1953 11724 1968 11725 1967 11726 1953 11727 1967 11728 1966 11729 1953 11730 1966 11731 1965 11732 1953 11733 1965 11734 1964 11735 1953 11736 1964 11737 1963 11738 1953 11739 1963 11740 1962 11741 1953 11742 1962 11743 1961 11744 1953 11745 1961 11746 1960 11747 1954 11748 1953 11749 1960 11750 1955 11751 1954 11752 1960 11753 1955 11754 1960 11755 1959 11756 1955 11757 1959 11758 1958 11759 1956 11760 1955 11761 1958 11762 1956 11763 1958 11764 1957 11765 1984 11766 1985 11767 1986 11768 1979 11769 1980 11770 1981 11771 1978 11772 1979 11773 1981 11774 2005 11775 1978 11776 1981 11777 2004 11778 2005 11779 1981 11780 2003 11781 2004 11782 1981 11783 2002 11784 2003 11785 1981 11786 2001 11787 2002 11788 1981 11789 2000 11790 2001 11791 1981 11792 1999 11793 2000 11794 1981 11795 1998 11796 1999 11797 1981 11798 1997 11799 1998 11800 1981 11801 1996 11802 1997 11803 1981 11804 1995 11805 1996 11806 1981 11807 1994 11808 1995 11809 1981 11810 1993 11811 1994 11812 1981 11813 1992 11814 1993 11815 1981 11816 1991 11817 1992 11818 1981 11819 1990 11820 1991 11821 1981 11822 1989 11823 1990 11824 1981 11825 1988 11826 1989 11827 1981 11828 1988 11829 1981 11830 1982 11831 1988 11832 1982 11833 1983 11834 1987 11835 1988 11836 1983 11837 1986 11838 1987 11839 1983 11840 1984 11841 1986 11842 1983 11843</p>
        </triangles>
      </mesh>
    </geometry>
    <geometry id="torpedo_map_ncl1_1-lib" name="torpedo_map_ncl1_1Mesh">
      <mesh>
        <source id="torpedo_map_ncl1_1-POSITION">
          <float_array id="torpedo_map_ncl1_1-POSITION-array" count="846">
-30.000000 0.000000 0.100010
-30.000000 -30.000000 0.100010
0.000000 -30.000000 0.100010
0.000000 -8.535203 0.100010
-0.433593 -8.330129 0.100010
-0.862878 -8.072826 0.100010
-1.264874 -7.774685 0.100010
-1.635713 -7.438578 0.100010
-1.971822 -7.067739 0.100010
-2.269965 -6.665741 0.100010
-2.527268 -6.236457 0.100010
-2.741256 -5.784019 0.100010
-2.909866 -5.312785 0.100010
-3.031476 -4.827294 0.100010
-3.104914 -4.332221 0.100010
-3.129472 -3.832333 0.100010
-3.104915 -3.332445 0.100010
-3.031478 -2.837372 0.100010
-2.909869 -2.351880 0.100010
-2.741259 -1.880646 0.100010
-2.527272 -1.428208 0.100010
-2.269969 -0.998923 0.100010
-1.971827 -0.596925 0.100010
-1.635719 -0.226086 0.100010
-1.386271 0.000000 0.100010
-1.264880 0.110023 0.100010
-0.862882 0.408165 0.100010
-0.433597 0.665469 0.100010
0.000000 0.870545 0.100010
0.000000 30.000000 0.100010
-30.000000 30.000000 0.100010
-30.000000 0.000000 -0.100000
-30.000000 -30.000000 -0.100000
0.000000 -30.000000 -0.100000
30.000000 -30.000000 0.100010
30.000000 0.000000 0.100010
5.327327 0.000000 0.100010
5.576773 -0.226084 0.100010
5.912881 -0.596923 0.100010
6.211022 -0.998921 0.100010
6.468326 -1.428205 0.100010
6.682313 -1.880643 0.100010
6.850924 -2.351877 0.100010
6.972532 -2.837368 0.100010
7.045969 -3.332441 0.100010
7.070528 -3.832329 0.100010
7.045968 -4.332234 0.100010
6.972529 -4.827306 0.100010
6.850919 -5.312796 0.100010
6.682308 -5.784028 0.100010
6.468320 -6.236464 0.100010
6.211016 -6.665748 0.100010
5.912873 -7.067743 0.100010
5.576765 -7.438581 0.100010
5.205926 -7.774688 0.100010
4.803929 -8.072828 0.100010
4.374644 -8.330131 0.100010
3.922207 -8.544117 0.100010
3.450974 -8.712727 0.100010
2.965484 -8.834334 0.100010
2.470412 -8.907771 0.100010
1.970525 -8.932329 0.100010
1.470639 -8.907770 0.100010
0.975567 -8.834333 0.100010
0.490077 -8.712725 0.100010
0.018844 -8.544115 0.100010
-30.000000 30.000000 -0.100000
30.000000 30.000000 0.100010
0.018841 0.879456 0.100010
0.490074 1.048066 0.100010
0.914410 1.154357 0.100010
12.965551 16.367788 0.100010
12.465665 16.392347 0.100010
11.970592 16.465784 0.100010
11.485102 16.587393 0.100010
11.013869 16.756002 0.100010
10.561432 16.969990 0.100010
10.132148 17.227291 0.100010
9.730151 17.525433 0.100010
9.359313 17.861540 0.100010
9.023204 18.232378 0.100010
8.725061 18.634377 0.100010
8.467757 19.063662 0.100010
8.253770 19.516098 0.100010
8.085159 19.987331 0.100010
7.963549 20.472824 0.100010
7.890111 20.967897 0.100010
7.865553 21.467785 0.100010
7.890111 21.967672 0.100010
7.963548 22.462746 0.100010
8.085156 22.948236 0.100010
8.253767 23.419472 0.100010
8.467753 23.871910 0.100010
8.725057 24.301195 0.100010
9.023198 24.703192 0.100010
9.359307 25.074032 0.100010
9.730146 25.410141 0.100010
10.132143 25.708282 0.100010
10.561428 25.965586 0.100010
11.013866 26.179573 0.100010
11.485100 26.348183 0.100010
11.970592 26.469793 0.100010
12.465665 26.543230 0.100010
12.965552 26.567789 0.100010
13.465440 26.543230 0.100010
13.960513 26.469793 0.100010
14.446005 26.348185 0.100010
14.917238 26.179573 0.100010
15.369677 25.965588 0.100010
15.798962 25.708282 0.100010
16.200958 25.410141 0.100010
16.571798 25.074034 0.100010
16.907907 24.703194 0.100010
17.206047 24.301197 0.100010
17.463352 23.871912 0.100010
17.677338 23.419474 0.100010
17.845949 22.948240 0.100010
17.967558 22.462749 0.100010
18.040995 21.967676 0.100010
18.065554 21.467789 0.100010
18.040993 20.967884 0.100010
17.967556 20.472813 0.100010
17.845943 19.987322 0.100010
17.677334 19.516090 0.100010
17.463345 19.063654 0.100010
17.206041 18.634371 0.100010
16.907900 18.232374 0.100010
16.571791 17.861536 0.100010
16.200951 17.525429 0.100010
15.798954 17.227289 0.100010
15.369670 16.969986 0.100010
14.917233 16.756001 0.100010
14.446000 16.587391 0.100010
13.960509 16.465782 0.100010
13.465437 16.392345 0.100010
0.975566 1.169676 0.100010
1.470639 1.243113 0.100010
1.970527 1.267671 0.100010
2.470414 1.243113 0.100010
2.965488 1.169676 0.100010
3.450979 1.048067 0.100010
3.922213 0.879457 0.100010
4.374651 0.665469 0.100010
4.803936 0.408166 0.100010
5.205934 0.110024 0.100010
0.000000 30.000000 -0.100000
-1.386271 0.000000 -0.100000
-1.635719 -0.226086 -0.100000
-1.971827 -0.596925 -0.100000
-2.269969 -0.998923 -0.100000
-2.527272 -1.428208 -0.100000
-2.741259 -1.880646 -0.100000
-2.909869 -2.351880 -0.100000
-3.031478 -2.837372 -0.100000
-3.104915 -3.332445 -0.100000
-3.129472 -3.832333 -0.100000
-3.104914 -4.332221 -0.100000
-3.031476 -4.827294 -0.100000
-2.909866 -5.312785 -0.100000
-2.741256 -5.784019 -0.100000
-2.527268 -6.236457 -0.100000
-2.269965 -6.665741 -0.100000
-1.971822 -7.067739 -0.100000
-1.635713 -7.438578 -0.100000
-1.264874 -7.774685 -0.100000
-0.862878 -8.072826 -0.100000
-0.433593 -8.330129 -0.100000
0.000000 -8.535203 -0.100000
30.000000 -30.000000 -0.100000
30.000000 0.000000 -0.100000
0.000000 0.870545 -0.100000
-0.433597 0.665469 -0.100000
-0.862882 0.408165 -0.100000
-1.264880 0.110023 -0.100000
30.000000 30.000000 -0.100000
12.965551 16.367788 -0.100000
12.465665 16.392347 -0.100000
11.970592 16.465784 -0.100000
11.485102 16.587393 -0.100000
11.013869 16.756002 -0.100000
10.561432 16.969990 -0.100000
10.132148 17.227291 -0.100000
9.730151 17.525433 -0.100000
9.359313 17.861540 -0.100000
9.023204 18.232378 -0.100000
8.725061 18.634377 -0.100000
8.467757 19.063662 -0.100000
8.253770 19.516098 -0.100000
8.085159 19.987331 -0.100000
7.963549 20.472824 -0.100000
7.890111 20.967897 -0.100000
7.865553 21.467785 -0.100000
7.890111 21.967672 -0.100000
7.963548 22.462746 -0.100000
8.085156 22.948236 -0.100000
8.253767 23.419472 -0.100000
8.467753 23.871910 -0.100000
8.725057 24.301195 -0.100000
9.023198 24.703192 -0.100000
9.359307 25.074032 -0.100000
9.730146 25.410141 -0.100000
10.132143 25.708282 -0.100000
10.561428 25.965586 -0.100000
11.013866 26.179573 -0.100000
11.485100 26.348183 -0.100000
11.970592 26.469793 -0.100000
12.465665 26.543230 -0.100000
12.965552 26.567789 -0.100000
13.465440 26.543230 -0.100000
13.960513 26.469793 -0.100000
14.446005 26.348185 -0.100000
14.917238 26.179573 -0.100000
15.369677 25.965588 -0.100000
15.798962 25.708282 -0.100000
16.200958 25.410141 -0.100000
16.571798 25.074034 -0.100000
16.907907 24.703194 -0.100000
17.206047 24.301197 -0.100000
17.463352 23.871912 -0.100000
17.677338 23.419474 -0.100000
17.845949 22.948240 -0.100000
17.967558 22.462749 -0.100000
18.040995 21.967676 -0.100000
18.065554 21.467789 -0.100000
18.040993 20.967884 -0.100000
17.967556 20.472813 -0.100000
17.845943 19.987322 -0.100000
17.677334 19.516090 -0.100000
17.463345 19.063654 -0.100000
17.206041 18.634371 -0.100000
16.907900 18.232374 -0.100000
16.571791 17.861536 -0.100000
16.200951 17.525429 -0.100000
15.798954 17.227289 -0.100000
15.369670 16.969986 -0.100000
14.917233 16.756001 -0.100000
14.446000 16.587391 -0.100000
13.960509 16.465782 -0.100000
13.465437 16.392345 -0.100000
0.018844 -8.544115 -0.100000
0.490077 -8.712725 -0.100000
0.975567 -8.834333 -0.100000
1.470639 -8.907770 -0.100000
1.970525 -8.932329 -0.100000
2.470412 -8.907771 -0.100000
2.965484 -8.834334 -0.100000
3.450974 -8.712727 -0.100000
3.922207 -8.544117 -0.100000
4.374644 -8.330131 -0.100000
4.803929 -8.072828 -0.100000
5.205926 -7.774688 -0.100000
5.576765 -7.438581 -0.100000
5.912873 -7.067743 -0.100000
6.211016 -6.665748 -0.100000
6.468320 -6.236464 -0.100000
6.682308 -5.784028 -0.100000
6.850919 -5.312796 -0.100000
6.972529 -4.827306 -0.100000
7.045968 -4.332234 -0.100000
7.070528 -3.832329 -0.100000
7.045969 -3.332441 -0.100000
6.972532 -2.837368 -0.100000
6.850924 -2.351877 -0.100000
6.682313 -1.880643 -0.100000
6.468326 -1.428205 -0.100000
6.211022 -0.998921 -0.100000
5.912881 -0.596923 -0.100000
5.576773 -0.226084 -0.100000
5.327327 0.000000 -0.100000
5.205934 0.110024 -0.100000
4.803936 0.408166 -0.100000
4.374651 0.665469 -0.100000
3.922213 0.879457 -0.100000
3.450979 1.048067 -0.100000
2.965488 1.169676 -0.100000
2.470414 1.243113 -0.100000
1.970527 1.267671 -0.100000
1.470639 1.243113 -0.100000
0.975566 1.169676 -0.100000
0.914410 1.154357 -0.100000
0.490074 1.048066 -0.100000
0.018841 0.879456 -0.100000
</float_array>
          <technique_common>
            <accessor source="#torpedo_map_ncl1_1-POSITION-array" count="282" stride="3">
              <param name="X" type="float"/>
              <param name="Y" type="float"/>
              <param name="Z" type="float"/>
            </accessor>
          </technique_common>
        </source>
        <source id="torpedo_map_ncl1_1-Normal0">
          <float_array id="torpedo_map_ncl1_1-Normal0-array" count="5112">
0.000000 0.000000 1.000000
0.000000 0.000000 1.000000
0.000000 0.000000 1.000000
0.000000 0.000000 1.000000
0.000000 0.000000 1.000000
0.000000 0.000000 1.000000
0.000000 0.000000 1.000000
0.000000 0.000000 1.000000
0.000000 0.000000 1.000000
0.000000 0.000000 1.000000
0.000000 0.000000 1.000000
0.000000 0.000000 1.000000
0.000000 0.000000 1.000000
0.000000 0.000000 1.000000
0.000000 0.000000 1.000000
0.000000 0.000000 1.000000
0.000000 0.000000 1.000000
0.000000 0.000000 1.000000
0.000000 0.000000 1.000000
0.000000 0.000000 1.000000
0.000000 0.000000 1.000000
0.000000 0.000000 1.000000
0.000000 0.000000 1.000000
0.000000 0.000000 1.000000
0.000000 0.000000 1.000000
0.000000 0.000000 1.000000
0.000000 0.000000 1.000000
0.000000 0.000000 1.000000
0.000000 0.000000 1.000000
0.000000 0.000000 1.000000
0.000000 0.000000 1.000000
0.000000 0.000000 1.000000
0.000000 0.000000 1.000000
0.000000 0.000000 1.000000
0.000000 0.000000 1.000000
0.000000 0.000000 1.000000
0.000000 0.000000 1.000000
0.000000 0.000000 1.000000
0.000000 0.000000 1.000000
0.000000 0.000000 1.000000
0.000000 0.000000 1.000000
0.000000 0.000000 1.000000
0.000000 0.000000 1.000000
0.000000 0.000000 1.000000
0.000000 0.000000 1.000000
0.000000 0.000000 1.000000
0.000000 0.000000 1.000000
0.000000 0.000000 1.000000
0.000000 0.000000 1.000000
0.000000 0.000000 1.000000
0.000000 0.000000 1.000000
0.000000 0.000000 1.000000
0.000000 0.000000 1.000000
0.000000 0.000000 1.000000
0.000000 0.000000 1.000000
0.000000 0.000000 1.000000
0.000000 0.000000 1.000000
0.000000 0.000000 1.000000
0.000000 0.000000 1.000000
0.000000 0.000000 1.000000
0.000000 0.000000 1.000000
0.000000 0.000000 1.000000
0.000000 0.000000 1.000000
0.000000 0.000000 1.000000
0.000000 0.000000 1.000000
0.000000 0.000000 1.000000
0.000000 0.000000 1.000000
0.000000 0.000000 1.000000
0.000000 0.000000 1.000000
0.000000 0.000000 -1.000000
0.000000 0.000000 -1.000000
0.000000 0.000000 -1.000000
0.000000 0.000000 -1.000000
0.000000 0.000000 -1.000000
0.000000 0.000000 -1.000000
0.000000 0.000000 -1.000000
0.000000 0.000000 -1.000000
0.000000 0.000000 -1.000000
0.000000 0.000000 -1.000000
0.000000 0.000000 -1.000000
0.000000 0.000000 -1.000000
0.000000 0.000000 -1.000000
0.000000 0.000000 -1.000000
0.000000 0.000000 -1.000000
0.000000 0.000000 -1.000000
0.000000 0.000000 -1.000000
0.000000 0.000000 -1.000000
0.000000 0.000000 -1.000000
0.000000 0.000000 -1.000000
0.000000 0.000000 -1.000000
0.000000 0.000000 -1.000000
0.000000 0.000000 -1.000000
0.000000 0.000000 -1.000000
0.000000 0.000000 -1.000000
0.000000 0.000000 -1.000000
0.000000 0.000000 -1.000000
0.000000 0.000000 -1.000000
0.000000 0.000000 -1.000000
0.000000 0.000000 -1.000000
0.000000 0.000000 -1.000000
0.000000 0.000000 -1.000000
0.000000 0.000000 -1.000000
0.000000 0.000000 -1.000000
0.000000 0.000000 -1.000000
0.000000 0.000000 -1.000000
0.000000 0.000000 -1.000000
0.000000 0.000000 -1.000000
0.000000 0.000000 -1.000000
0.000000 0.000000 -1.000000
0.000000 0.000000 -1.000000
0.000000 0.000000 -1.000000
0.000000 0.000000 -1.000000
0.000000 0.000000 -1.000000
0.000000 0.000000 -1.000000
0.000000 0.000000 -1.000000
0.000000 0.000000 -1.000000
0.000000 0.000000 -1.000000
0.000000 0.000000 -1.000000
0.000000 0.000000 -1.000000
0.000000 0.000000 -1.000000
0.000000 0.000000 -1.000000
0.000000 0.000000 -1.000000
0.000000 0.000000 -1.000000
0.000000 0.000000 -1.000000
0.000000 0.000000 -1.000000
0.000000 0.000000 -1.000000
0.000000 0.000000 -1.000000
0.000000 0.000000 -1.000000
0.000000 0.000000 -1.000000
0.000000 0.000000 -1.000000
0.000000 0.000000 -1.000000
0.000000 0.000000 -1.000000
0.000000 0.000000 -1.000000
0.000000 0.000000 -1.000000
0.000000 0.000000 -1.000000
0.000000 0.000000 -1.000000
0.000000 0.000000 -1.000000
0.000000 0.000000 -1.000000
0.000000 0.000000 1.000000
0.000000 0.000000 1.000000
0.000000 0.000000 1.000000
0.000000 0.000000 1.000000
0.000000 0.000000 1.000000
0.000000 0.000000 1.000000
0.000000 0.000000 1.000000
0.000000 0.000000 1.000000
0.000000 0.000000 1.000000
0.000000 0.000000 1.000000
0.000000 0.000000 1.000000
0.000000 0.000000 1.000000
0.000000 0.000000 1.000000
0.000000 0.000000 1.000000
0.000000 0.000000 1.000000
0.000000 0.000000 1.000000
0.000000 0.000000 1.000000
0.000000 0.000000 1.000000
0.000000 0.000000 -1.000000
0.000000 0.000000 -1.000000
0.000000 0.000000 -1.000000
0.000000 0.000000 -1.000000
0.000000 0.000000 -1.000000
0.000000 0.000000 -1.000000
0.000000 0.000000 -1.000000
0.000000 0.000000 -1.000000
0.000000 0.000000 -1.000000
0.000000 0.000000 -1.000000
0.000000 0.000000 -1.000000
0.000000 0.000000 -1.000000
0.000000 0.000000 -1.000000
0.000000 0.000000 -1.000000
0.000000 0.000000 -1.000000
0.000000 0.000000 -1.000000
0.000000 0.000000 -1.000000
0.000000 0.000000 -1.000000
-1.000000 0.000000 0.000000
-1.000000 0.000000 0.000000
-1.000000 0.000000 0.000000
-1.000000 0.000000 0.000000
-1.000000 0.000000 0.000000
-1.000000 0.000000 0.000000
0.000000 -1.000000 0.000000
0.000000 -1.000000 0.000000
0.000000 -1.000000 0.000000
0.000000 -1.000000 0.000000
0.000000 -1.000000 0.000000
0.000000 -1.000000 0.000000
-1.000000 0.000000 0.000000
-1.000000 0.000000 0.000000
-1.000000 0.000000 0.000000
-1.000000 0.000000 0.000000
-1.000000 0.000000 0.000000
-1.000000 0.000000 0.000000
0.000000 1.000000 0.000000
0.000000 1.000000 0.000000
0.000000 1.000000 0.000000
0.000000 1.000000 0.000000
0.000000 1.000000 0.000000
0.000000 1.000000 0.000000
0.000000 -1.000000 0.000000
0.000000 -1.000000 0.000000
0.000000 -1.000000 0.000000
0.000000 -1.000000 0.000000
0.000000 -1.000000 0.000000
0.000000 -1.000000 0.000000
1.000000 0.000000 0.000000
1.000000 0.000000 0.000000
1.000000 0.000000 0.000000
1.000000 0.000000 0.000000
1.000000 0.000000 0.000000
1.000000 0.000000 0.000000
1.000000 0.000000 0.000000
1.000000 0.000000 0.000000
1.000000 0.000000 0.000000
1.000000 0.000000 0.000000
1.000000 0.000000 0.000000
1.000000 0.000000 0.000000
0.000000 1.000000 0.000000
0.000000 1.000000 0.000000
0.000000 1.000000 0.000000
0.000000 1.000000 0.000000
0.000000 1.000000 0.000000
0.000000 1.000000 0.000000
0.000002 1.000000 0.000000
0.000002 1.000000 0.000000
0.098018 0.995185 0.000000
0.098018 0.995185 0.000000
0.098018 0.995185 0.000000
0.000002 1.000000 0.000000
0.098018 0.995185 0.000000
0.098018 0.995185 0.000000
0.195090 0.980785 0.000000
0.195090 0.980785 0.000000
0.195090 0.980785 0.000000
0.098018 0.995185 0.000000
0.195090 0.980785 0.000000
0.195090 0.980785 0.000000
0.290284 0.956940 0.000000
0.290284 0.956940 0.000000
0.290284 0.956940 0.000000
0.195090 0.980785 0.000000
0.290284 0.956940 0.000000
0.290284 0.956940 0.000000
0.382684 0.923879 0.000000
0.382684 0.923879 0.000000
0.382684 0.923879 0.000000
0.290284 0.956940 0.000000
0.382684 0.923879 0.000000
0.382684 0.923879 0.000000
0.471396 0.881922 0.000000
0.471396 0.881922 0.000000
0.471396 0.881922 0.000000
0.382684 0.923879 0.000000
0.471396 0.881922 0.000000
0.471396 0.881922 0.000000
0.555569 0.831470 0.000000
0.555569 0.831470 0.000000
0.555569 0.831470 0.000000
0.471396 0.881922 0.000000
0.555569 0.831470 0.000000
0.555569 0.831470 0.000000
0.634393 0.773011 0.000000
0.634393 0.773011 0.000000
0.634393 0.773011 0.000000
0.555569 0.831470 0.000000
0.634393 0.773011 0.000000
0.634393 0.773011 0.000000
0.707106 0.707108 0.000000
0.707106 0.707108 0.000000
0.707106 0.707108 0.000000
0.634393 0.773011 0.000000
0.707106 0.707108 0.000000
0.707106 0.707108 0.000000
0.773010 0.634394 0.000000
0.773010 0.634394 0.000000
0.773010 0.634394 0.000000
0.707106 0.707108 0.000000
0.773010 0.634394 0.000000
0.773010 0.634394 0.000000
0.831469 0.555571 0.000000
0.831469 0.555571 0.000000
0.831469 0.555571 0.000000
0.773010 0.634394 0.000000
0.831469 0.555571 0.000000
0.831469 0.555571 0.000000
0.881921 0.471398 0.000000
0.881921 0.471398 0.000000
0.881921 0.471398 0.000000
0.831469 0.555571 0.000000
0.881921 0.471398 0.000000
0.881921 0.471398 0.000000
0.923879 0.382685 0.000000
0.923879 0.382685 0.000000
0.923879 0.382685 0.000000
0.881921 0.471398 0.000000
0.923879 0.382685 0.000000
0.923879 0.382685 0.000000
0.956940 0.290286 0.000000
0.956940 0.290286 0.000000
0.956940 0.290286 0.000000
0.923879 0.382685 0.000000
0.956940 0.290286 0.000000
0.956940 0.290286 0.000000
0.980785 0.195091 0.000000
0.980785 0.195091 0.000000
0.980785 0.195091 0.000000
0.956940 0.290286 0.000000
0.980785 0.195091 0.000000
0.980785 0.195091 0.000000
0.995185 0.098018 0.000000
0.995185 0.098018 0.000000
0.995185 0.098018 0.000000
0.980785 0.195091 0.000000
0.995185 0.098018 0.000000
0.995185 0.098018 0.000000
1.000000 0.000000 0.000000
1.000000 0.000000 0.000000
1.000000 0.000000 0.000000
0.995185 0.098018 0.000000
1.000000 0.000000 0.000000
1.000000 0.000000 0.000000
0.995185 -0.098016 0.000000
0.995185 -0.098016 0.000000
0.995185 -0.098016 0.000000
1.000000 0.000000 0.000000
0.995185 -0.098016 0.000000
0.995185 -0.098016 0.000000
0.980785 -0.195090 0.000000
0.980785 -0.195090 0.000000
0.980785 -0.195090 0.000000
0.995185 -0.098016 0.000000
0.980785 -0.195090 0.000000
0.980785 -0.195090 0.000000
0.956940 -0.290284 0.000000
0.956940 -0.290284 0.000000
0.956940 -0.290284 0.000000
0.980785 -0.195090 0.000000
0.956940 -0.290284 0.000000
0.956940 -0.290284 0.000000
0.923880 -0.382683 0.000000
0.923880 -0.382683 0.000000
0.923880 -0.382683 0.000000
0.956940 -0.290284 0.000000
0.923880 -0.382683 0.000000
0.923880 -0.382683 0.000000
0.881922 -0.471396 0.000000
0.881922 -0.471396 0.000000
0.881922 -0.471396 0.000000
0.923880 -0.382683 0.000000
0.881922 -0.471396 0.000000
0.881922 -0.471396 0.000000
0.831470 -0.555570 0.000000
0.831470 -0.555570 0.000000
0.831470 -0.555570 0.000000
0.881922 -0.471396 0.000000
0.831470 -0.555570 0.000000
0.831470 -0.555570 0.000000
0.773011 -0.634393 0.000000
0.773011 -0.634393 0.000000
0.773011 -0.634393 0.000000
0.831470 -0.555570 0.000000
0.773011 -0.634393 0.000000
0.773011 -0.634393 0.000000
0.707107 -0.707106 0.000000
0.707107 -0.707106 0.000000
0.707107 -0.707106 0.000000
0.773011 -0.634393 0.000000
0.707107 -0.707106 0.000000
0.707107 -0.707106 0.000000
0.634394 -0.773010 0.000000
0.634394 -0.773010 0.000000
0.634394 -0.773010 0.000000
0.707107 -0.707106 0.000000
0.634394 -0.773010 0.000000
0.634394 -0.773010 0.000000
0.555570 -0.831470 0.000000
0.555570 -0.831470 0.000000
0.555570 -0.831470 0.000000
0.634394 -0.773010 0.000000
0.555570 -0.831470 0.000000
0.555570 -0.831470 0.000000
0.471396 -0.881921 0.000000
0.471396 -0.881921 0.000000
0.471396 -0.881921 0.000000
0.555570 -0.831470 0.000000
0.471396 -0.881921 0.000000
0.471396 -0.881921 0.000000
0.382683 -0.923880 0.000000
0.382683 -0.923880 0.000000
0.382683 -0.923880 0.000000
0.471396 -0.881921 0.000000
0.382683 -0.923880 0.000000
0.382683 -0.923880 0.000000
0.290286 -0.956940 0.000000
0.290286 -0.956940 0.000000
0.290286 -0.956940 0.000000
0.382683 -0.923880 0.000000
0.290286 -0.956940 0.000000
0.290286 -0.956940 0.000000
0.195091 -0.980785 0.000000
0.195091 -0.980785 0.000000
0.195091 -0.980785 0.000000
0.290286 -0.956940 0.000000
0.195091 -0.980785 0.000000
0.195091 -0.980785 0.000000
0.098018 -0.995185 0.000000
0.098018 -0.995185 0.000000
0.098018 -0.995185 0.000000
0.195091 -0.980785 0.000000
0.098018 -0.995185 0.000000
0.098018 -0.995185 0.000000
-0.000000 -1.000000 0.000000
-0.000000 -1.000000 0.000000
0.000000 -1.000000 0.000000
0.098018 -0.995185 0.000000
0.000000 -1.000000 0.000000
-0.000000 -1.000000 0.000000
-0.098018 -0.995185 0.000000
-0.098018 -0.995185 0.000000
-0.098018 -0.995185 0.000000
0.000000 -1.000000 0.000000
-0.098018 -0.995185 0.000000
-0.098018 -0.995185 0.000000
-0.195089 -0.980785 0.000000
-0.195089 -0.980785 0.000000
-0.195089 -0.980785 0.000000
-0.098018 -0.995185 0.000000
-0.195089 -0.980785 0.000000
-0.195089 -0.980785 0.000000
-0.290285 -0.956940 0.000000
-0.290285 -0.956940 0.000000
-0.290285 -0.956940 0.000000
-0.195089 -0.980785 0.000000
-0.290285 -0.956940 0.000000
-0.290285 -0.956940 0.000000
-0.382683 -0.923880 0.000000
-0.382683 -0.923880 0.000000
-0.382683 -0.923880 0.000000
-0.290285 -0.956940 0.000000
-0.382683 -0.923880 0.000000
-0.382683 -0.923880 0.000000
-0.471396 -0.881921 0.000000
-0.471396 -0.881921 0.000000
-0.471396 -0.881921 0.000000
-0.382683 -0.923880 0.000000
-0.471396 -0.881921 0.000000
-0.471396 -0.881921 0.000000
-0.555572 -0.831469 0.000000
-0.555572 -0.831469 0.000000
-0.555572 -0.831469 0.000000
-0.471396 -0.881921 0.000000
-0.555572 -0.831469 0.000000
-0.555572 -0.831469 0.000000
-0.634392 -0.773011 0.000000
-0.634392 -0.773011 0.000000
-0.634392 -0.773011 0.000000
-0.555572 -0.831469 0.000000
-0.634392 -0.773011 0.000000
-0.634392 -0.773011 0.000000
-0.707106 -0.707108 0.000000
-0.707106 -0.707108 0.000000
-0.707106 -0.707108 0.000000
-0.634392 -0.773011 0.000000
-0.707106 -0.707108 0.000000
-0.707106 -0.707108 0.000000
-0.773012 -0.634392 0.000000
-0.773012 -0.634392 0.000000
-0.773012 -0.634392 0.000000
-0.707106 -0.707108 0.000000
-0.773012 -0.634392 0.000000
-0.773012 -0.634392 0.000000
-0.831469 -0.555570 0.000000
-0.831469 -0.555570 0.000000
-0.831469 -0.555570 0.000000
-0.773012 -0.634392 0.000000
-0.831469 -0.555570 0.000000
-0.831469 -0.555570 0.000000
-0.881921 -0.471396 0.000000
-0.881921 -0.471396 0.000000
-0.881921 -0.471396 0.000000
-0.831469 -0.555570 0.000000
-0.881921 -0.471396 0.000000
-0.881921 -0.471396 0.000000
-0.923880 -0.382683 0.000000
-0.923880 -0.382683 0.000000
-0.923880 -0.382683 0.000000
-0.881921 -0.471396 0.000000
-0.923880 -0.382683 0.000000
-0.923880 -0.382683 0.000000
-0.956940 -0.290286 0.000000
-0.956940 -0.290286 0.000000
-0.956940 -0.290286 0.000000
-0.923880 -0.382683 0.000000
-0.956940 -0.290286 0.000000
-0.956940 -0.290286 0.000000
-0.980785 -0.195090 0.000000
-0.980785 -0.195090 0.000000
-0.980785 -0.195090 0.000000
-0.956940 -0.290286 0.000000
-0.980785 -0.195090 0.000000
-0.980785 -0.195090 0.000000
-0.995185 -0.098018 0.000000
-0.995185 -0.098018 0.000000
-0.995185 -0.098018 0.000000
-0.980785 -0.195090 0.000000
-0.995185 -0.098018 0.000000
-0.995185 -0.098018 0.000000
-1.000000 0.000001 0.000000
-1.000000 0.000001 0.000000
-1.000000 0.000001 0.000000
-0.995185 -0.098018 0.000000
-1.000000 0.000001 0.000000
-1.000000 0.000001 0.000000
-0.995185 0.098019 0.000000
-0.995185 0.098019 0.000000
-0.995185 0.098019 0.000000
-1.000000 0.000001 0.000000
-0.995185 0.098019 0.000000
-0.995185 0.098019 0.000000
-0.980785 0.195093 0.000000
-0.980785 0.195093 0.000000
-0.980785 0.195093 0.000000
-0.995185 0.098019 0.000000
-0.980785 0.195093 0.000000
-0.980785 0.195093 0.000000
-0.956939 0.290288 0.000000
-0.956939 0.290288 0.000000
-0.956939 0.290288 0.000000
-0.980785 0.195093 0.000000
-0.956939 0.290288 0.000000
-0.956939 0.290288 0.000000
-0.923878 0.382686 0.000000
-0.923878 0.382686 0.000000
-0.923879 0.382686 0.000000
-0.956939 0.290288 0.000000
-0.923879 0.382686 0.000000
-0.923878 0.382686 0.000000
-0.881920 0.471400 0.000000
-0.881920 0.471400 0.000000
-0.881920 0.471400 0.000000
-0.923879 0.382686 0.000000
-0.881920 0.471400 0.000000
-0.881920 0.471400 0.000000
-0.831469 0.555571 0.000000
-0.831469 0.555571 0.000000
-0.831469 0.555571 0.000000
-0.881920 0.471400 0.000000
-0.831469 0.555571 0.000000
-0.831469 0.555571 0.000000
-0.773010 0.634394 0.000000
-0.773010 0.634394 0.000000
-0.773010 0.634394 0.000000
-0.831469 0.555571 0.000000
-0.773010 0.634394 0.000000
-0.773010 0.634394 0.000000
-0.707105 0.707109 0.000000
-0.707105 0.707109 0.000000
-0.707105 0.707109 0.000000
-0.773010 0.634394 0.000000
-0.707105 0.707109 0.000000
-0.707105 0.707109 0.000000
-0.634391 0.773012 0.000000
-0.634391 0.773012 0.000000
-0.634391 0.773012 0.000000
-0.707105 0.707109 0.000000
-0.634391 0.773012 0.000000
-0.634391 0.773012 0.000000
-0.555569 0.831470 0.000000
-0.555569 0.831470 0.000000
-0.555570 0.831470 0.000000
-0.634391 0.773012 0.000000
-0.555570 0.831470 0.000000
-0.555569 0.831470 0.000000
-0.471396 0.881922 0.000000
-0.471396 0.881922 0.000000
-0.471396 0.881922 0.000000
-0.555570 0.831470 0.000000
-0.471396 0.881922 0.000000
-0.471396 0.881922 0.000000
-0.382682 0.923880 0.000000
-0.382682 0.923880 0.000000
-0.382682 0.923880 0.000000
-0.471396 0.881922 0.000000
-0.382682 0.923880 0.000000
-0.382682 0.923880 0.000000
-0.290284 0.956940 0.000000
-0.290284 0.956940 0.000000
-0.290284 0.956940 0.000000
-0.382682 0.923880 0.000000
-0.290284 0.956940 0.000000
-0.290284 0.956940 0.000000
-0.195090 0.980785 0.000000
-0.195090 0.980785 0.000000
-0.195090 0.980785 0.000000
-0.290284 0.956940 0.000000
-0.195090 0.980785 0.000000
-0.195090 0.980785 0.000000
-0.098016 0.995185 0.000000
-0.098016 0.995185 0.000000
-0.098016 0.995185 0.000000
-0.195090 0.980785 0.000000
0.000002 1.000000 0.000000
-0.098016 0.995185 0.000000
-0.098016 0.995185 0.000000
-0.098016 0.995185 0.000000
0.000002 1.000000 0.000000
0.000002 1.000000 0.000000
-0.995185 -0.098017 0.000000
-0.995185 -0.098017 0.000000
-1.000000 0.000001 0.000000
-1.000000 0.000001 0.000000
-1.000000 0.000001 0.000000
-0.995185 -0.098017 0.000000
-0.980785 -0.195090 0.000000
-0.980785 -0.195090 0.000000
-0.995185 -0.098017 0.000000
-0.995185 -0.098017 0.000000
-0.995185 -0.098017 0.000000
-0.980785 -0.195090 0.000000
-1.000000 0.000001 0.000000
-1.000000 0.000001 0.000000
-0.995185 0.098020 0.000000
-0.995185 0.098020 0.000000
-0.995185 0.098020 0.000000
-1.000000 0.000001 0.000000
-0.956940 -0.290285 0.000000
-0.956940 -0.290285 0.000000
-0.980785 -0.195090 0.000000
-0.980785 -0.195090 0.000000
-0.980785 -0.195090 0.000000
-0.956940 -0.290285 0.000000
-0.995185 0.098020 0.000000
-0.995185 0.098020 0.000000
-0.980785 0.195093 0.000000
-0.980785 0.195093 0.000000
-0.980785 0.195093 0.000000
-0.995185 0.098020 0.000000
-0.923879 -0.382684 0.000000
-0.923879 -0.382684 0.000000
-0.956940 -0.290285 0.000000
-0.956940 -0.290285 0.000000
-0.956940 -0.290285 0.000000
-0.923879 -0.382684 0.000000
-0.980785 0.195093 0.000000
-0.980785 0.195093 0.000000
-0.956939 0.290288 0.000000
-0.956939 0.290288 0.000000
-0.956939 0.290288 0.000000
-0.980785 0.195093 0.000000
-0.881921 -0.471397 0.000000
-0.881921 -0.471397 0.000000
-0.923879 -0.382684 0.000000
-0.923879 -0.382684 0.000000
-0.923879 -0.382684 0.000000
-0.881921 -0.471397 0.000000
-0.956939 0.290288 0.000000
-0.956939 0.290288 0.000000
-0.923878 0.382686 0.000000
-0.923878 0.382686 0.000000
-0.923878 0.382686 0.000000
-0.956939 0.290288 0.000000
-0.831470 -0.555570 0.000000
-0.831470 -0.555570 0.000000
-0.881921 -0.471397 0.000000
-0.881921 -0.471397 0.000000
-0.881921 -0.471397 0.000000
-0.831470 -0.555570 0.000000
-0.923878 0.382686 0.000000
-0.923878 0.382686 0.000000
-0.881920 0.471399 0.000000
-0.881920 0.471399 0.000000
-0.881920 0.471399 0.000000
-0.923878 0.382686 0.000000
-0.773011 -0.634393 0.000000
-0.773011 -0.634393 0.000000
-0.831470 -0.555570 0.000000
-0.831470 -0.555570 0.000000
-0.831470 -0.555570 0.000000
-0.773011 -0.634393 0.000000
-0.881920 0.471399 0.000000
-0.881920 0.471399 0.000000
-0.831468 0.555573 0.000000
-0.831468 0.555573 0.000000
-0.831468 0.555573 0.000000
-0.881920 0.471399 0.000000
-0.707107 -0.707107 0.000000
-0.707107 -0.707107 0.000000
-0.773011 -0.634393 0.000000
-0.773011 -0.634393 0.000000
-0.773011 -0.634393 0.000000
-0.707107 -0.707107 0.000000
-0.831468 0.555573 0.000000
-0.831468 0.555573 0.000000
-0.773009 0.634395 0.000000
-0.773009 0.634395 0.000000
-0.773009 0.634395 0.000000
-0.831468 0.555573 0.000000
-0.773009 0.634395 0.000000
-0.773009 0.634395 0.000000
-0.707105 0.707108 0.000000
-0.707105 0.707108 0.000000
-0.707105 0.707108 0.000000
-0.773009 0.634395 0.000000
-0.555570 -0.831470 0.000000
-0.555570 -0.831470 0.000000
-0.634393 -0.773010 0.000000
-0.634393 -0.773010 0.000000
-0.634393 -0.773011 0.000000
-0.555570 -0.831470 0.000000
-0.707105 0.707108 0.000000
-0.707105 0.707108 0.000000
-0.634392 0.773012 0.000000
-0.634392 0.773012 0.000000
-0.634392 0.773012 0.000000
-0.707105 0.707108 0.000000
-0.471397 -0.881921 0.000000
-0.471397 -0.881921 0.000000
-0.555570 -0.831470 0.000000
-0.555570 -0.831470 0.000000
-0.555570 -0.831470 0.000000
-0.471397 -0.881921 0.000000
-0.634392 0.773012 0.000000
-0.634392 0.773012 0.000000
-0.555569 0.831470 0.000000
-0.555569 0.831470 0.000000
-0.555569 0.831470 0.000000
-0.634392 0.773012 0.000000
-0.382684 -0.923879 0.000000
-0.382684 -0.923879 0.000000
-0.471397 -0.881921 0.000000
-0.471397 -0.881921 0.000000
-0.471397 -0.881921 0.000000
-0.382684 -0.923879 0.000000
-0.555569 0.831470 0.000000
-0.555569 0.831470 0.000000
-0.471396 0.881922 0.000000
-0.471396 0.881922 0.000000
-0.471396 0.881922 0.000000
-0.555569 0.831470 0.000000
-0.290285 -0.956940 0.000000
-0.290285 -0.956940 0.000000
-0.382684 -0.923879 0.000000
-0.382684 -0.923879 0.000000
-0.382684 -0.923879 0.000000
-0.290285 -0.956940 0.000000
-0.471396 0.881922 0.000000
-0.471396 0.881922 0.000000
-0.382683 0.923880 0.000000
-0.382683 0.923880 0.000000
-0.382683 0.923880 0.000000
-0.471396 0.881922 0.000000
-0.195090 -0.980785 0.000000
-0.195090 -0.980785 0.000000
-0.290285 -0.956940 0.000000
-0.290285 -0.956940 0.000000
-0.290285 -0.956940 0.000000
-0.195090 -0.980785 0.000000
-0.382683 0.923880 0.000000
-0.382683 0.923880 0.000000
-0.290283 0.956941 0.000000
-0.290283 0.956941 0.000000
-0.290283 0.956941 0.000000
-0.382683 0.923880 0.000000
-0.098017 -0.995185 0.000000
-0.098017 -0.995185 0.000000
-0.195090 -0.980785 0.000000
-0.195090 -0.980785 0.000000
-0.195090 -0.980785 0.000000
-0.098017 -0.995185 0.000000
-0.290283 0.956941 0.000000
-0.290283 0.956941 0.000000
-0.195089 0.980786 0.000000
-0.195089 0.980786 0.000000
-0.195089 0.980786 0.000000
-0.290283 0.956941 0.000000
0.000000 -1.000000 0.000000
-0.000000 -1.000000 0.000000
-0.098017 -0.995185 0.000000
-0.098017 -0.995185 0.000000
-0.098017 -0.995185 0.000000
0.000000 -1.000000 0.000000
-0.195089 0.980786 0.000000
-0.195089 0.980786 0.000000
-0.098017 0.995185 0.000000
-0.098017 0.995185 0.000000
-0.098017 0.995185 0.000000
-0.195089 0.980786 0.000000
0.098017 -0.995185 0.000000
0.098017 -0.995185 0.000000
-0.000000 -1.000000 0.000000
-0.000000 -1.000000 0.000000
0.000000 -1.000000 0.000000
0.098017 -0.995185 0.000000
-0.098017 0.995185 0.000000
-0.098017 0.995185 0.000000
0.000001 1.000000 0.000000
0.000001 1.000000 0.000000
0.000001 1.000000 0.000000
-0.098017 0.995185 0.000000
0.195090 -0.980785 0.000000
0.195091 -0.980785 0.000000
0.098017 -0.995185 0.000000
0.098017 -0.995185 0.000000
0.098017 -0.995185 0.000000
0.195090 -0.980785 0.000000
0.000001 1.000000 0.000000
0.000001 1.000000 0.000000
0.098018 0.995185 0.000000
0.098018 0.995185 0.000000
0.098018 0.995185 0.000000
0.000001 1.000000 0.000000
0.098018 0.995185 0.000000
0.098018 0.995185 0.000000
0.195090 0.980785 0.000000
0.195090 0.980785 0.000000
0.195090 0.980785 0.000000
0.098018 0.995185 0.000000
0.382683 -0.923880 0.000000
0.382683 -0.923880 0.000000
0.290285 -0.956940 0.000000
0.290285 -0.956940 0.000000
0.290285 -0.956940 0.000000
0.382683 -0.923880 0.000000
0.195090 0.980785 0.000000
0.195090 0.980785 0.000000
0.290284 0.956940 0.000000
0.290284 0.956940 0.000000
0.290284 0.956940 0.000000
0.195090 0.980785 0.000000
0.290284 0.956940 0.000000
0.290284 0.956940 0.000000
0.382676 0.923882 0.000000
0.382676 0.923882 0.000000
0.382676 0.923882 0.000000
0.290284 0.956940 0.000000
0.555571 -0.831469 0.000000
0.555571 -0.831469 0.000000
0.471397 -0.881921 0.000000
0.471397 -0.881921 0.000000
0.471397 -0.881921 0.000000
0.555571 -0.831469 0.000000
0.634394 -0.773010 0.000000
0.634394 -0.773010 0.000000
0.555571 -0.831469 0.000000
0.555571 -0.831469 0.000000
0.555571 -0.831469 0.000000
0.634394 -0.773010 0.000000
0.471396 0.881922 0.000000
0.471396 0.881922 0.000000
0.555570 0.831470 0.000000
0.555570 0.831470 0.000000
0.555570 0.831470 0.000000
0.471396 0.881922 0.000000
0.555570 0.831470 0.000000
0.555570 0.831470 0.000000
0.634393 0.773011 0.000000
0.634393 0.773011 0.000000
0.634393 0.773011 0.000000
0.555570 0.831470 0.000000
0.773011 -0.634393 0.000000
0.773011 -0.634393 0.000000
0.707107 -0.707106 0.000000
0.707107 -0.707106 0.000000
0.707107 -0.707106 0.000000
0.773011 -0.634393 0.000000
0.634393 0.773011 0.000000
0.634393 0.773011 0.000000
0.707106 0.707107 0.000000
0.707106 0.707107 0.000000
0.707106 0.707107 0.000000
0.634393 0.773011 0.000000
0.831470 -0.555570 0.000000
0.831470 -0.555570 0.000000
0.773011 -0.634393 0.000000
0.773011 -0.634393 0.000000
0.773011 -0.634393 0.000000
0.831470 -0.555570 0.000000
0.707106 0.707107 0.000000
0.707106 0.707107 0.000000
0.773010 0.634394 0.000000
0.773010 0.634394 0.000000
0.773010 0.634394 0.000000
0.707106 0.707107 0.000000
0.881922 -0.471396 0.000000
0.881922 -0.471396 0.000000
0.831470 -0.555570 0.000000
0.831470 -0.555570 0.000000
0.831470 -0.555570 0.000000
0.881922 -0.471396 0.000000
0.773010 0.634394 0.000000
0.773010 0.634394 0.000000
0.831469 0.555571 0.000000
0.831469 0.555571 0.000000
0.831469 0.555571 0.000000
0.773010 0.634394 0.000000
0.923880 -0.382683 0.000000
0.923880 -0.382683 0.000000
0.881922 -0.471396 0.000000
0.881922 -0.471396 0.000000
0.881922 -0.471396 0.000000
0.923880 -0.382683 0.000000
0.831469 0.555571 0.000000
0.831469 0.555571 0.000000
0.881921 0.471397 0.000000
0.881921 0.471397 0.000000
0.881921 0.471397 0.000000
0.831469 0.555571 0.000000
0.956941 -0.290284 0.000000
0.956940 -0.290284 0.000000
0.923880 -0.382683 0.000000
0.923880 -0.382683 0.000000
0.923880 -0.382683 0.000000
0.956941 -0.290284 0.000000
0.881921 0.471397 0.000000
0.881921 0.471397 0.000000
0.923879 0.382684 0.000000
0.923879 0.382684 0.000000
0.923879 0.382684 0.000000
0.881921 0.471397 0.000000
0.980785 -0.195089 0.000000
0.980785 -0.195089 0.000000
0.956940 -0.290284 0.000000
0.956940 -0.290284 0.000000
0.956941 -0.290284 0.000000
0.980785 -0.195089 0.000000
0.923879 0.382684 0.000000
0.923879 0.382684 0.000000
0.956940 0.290286 0.000000
0.956940 0.290286 0.000000
0.956940 0.290286 0.000000
0.923879 0.382684 0.000000
0.995185 -0.098016 0.000000
0.995185 -0.098016 0.000000
0.980785 -0.195089 0.000000
0.980785 -0.195089 0.000000
0.980785 -0.195089 0.000000
0.995185 -0.098016 0.000000
0.956940 0.290286 0.000000
0.956940 0.290286 0.000000
0.980785 0.195092 0.000000
0.980785 0.195092 0.000000
0.980785 0.195092 0.000000
0.956940 0.290286 0.000000
1.000000 0.000000 0.000000
1.000000 0.000000 0.000000
0.995185 -0.098016 0.000000
0.995185 -0.098016 0.000000
0.995185 -0.098016 0.000000
1.000000 0.000000 0.000000
0.980785 0.195092 0.000000
0.980785 0.195092 0.000000
0.995185 0.098018 0.000000
0.995185 0.098018 0.000000
0.995185 0.098018 0.000000
0.980785 0.195092 0.000000
0.995185 0.098018 0.000000
0.995185 0.098018 0.000000
1.000000 0.000000 0.000000
1.000000 0.000000 0.000000
1.000000 0.000000 0.000000
0.995185 0.098018 0.000000
0.000000 0.000000 1.000000
0.000000 0.000000 1.000000
0.000000 0.000000 1.000000
0.000000 0.000000 1.000000
0.000000 0.000000 1.000000
0.000000 0.000000 1.000000
0.000000 0.000000 1.000000
0.000000 0.000000 1.000000
0.000000 0.000000 1.000000
0.000000 0.000000 1.000000
0.000000 0.000000 1.000000
0.000000 0.000000 1.000000
0.000000 0.000000 1.000000
0.000000 0.000000 1.000000
0.000000 0.000000 1.000000
0.000000 0.000000 1.000000
0.000000 0.000000 1.000000
0.000000 0.000000 1.000000
0.000000 0.000000 1.000000
0.000000 0.000000 1.000000
0.000000 0.000000 1.000000
0.000000 0.000000 1.000000
0.000000 0.000000 1.000000
0.000000 0.000000 1.000000
0.000000 0.000000 1.000000
0.000000 0.000000 1.000000
0.000000 0.000000 1.000000
0.000000 0.000000 1.000000
0.000000 0.000000 1.000000
0.000000 0.000000 1.000000
0.000000 0.000000 1.000000
0.000000 0.000000 1.000000
0.000000 0.000000 1.000000
0.000000 0.000000 1.000000
0.000000 0.000000 1.000000
0.000000 0.000000 1.000000
0.000000 0.000000 1.000000
0.000000 0.000000 1.000000
0.000000 0.000000 1.000000
0.000000 0.000000 1.000000
0.000000 0.000000 1.000000
0.000000 0.000000 1.000000
0.000000 0.000000 1.000000
0.000000 0.000000 1.000000
0.000000 0.000000 1.000000
0.000000 0.000000 1.000000
0.000000 0.000000 1.000000
0.000000 0.000000 1.000000
0.000000 0.000000 1.000000
0.000000 0.000000 1.000000
0.000000 0.000000 1.000000
0.000000 0.000000 1.000000
0.000000 0.000000 1.000000
0.000000 0.000000 1.000000
0.000000 0.000000 1.000000
0.000000 0.000000 1.000000
0.000000 0.000000 1.000000
0.000000 0.000000 1.000000
0.000000 0.000000 1.000000
0.000000 0.000000 1.000000
0.000000 0.000000 1.000000
0.000000 0.000000 1.000000
0.000000 0.000000 1.000000
0.000000 0.000000 1.000000
0.000000 0.000000 1.000000
0.000000 0.000000 1.000000
0.000000 0.000000 1.000000
0.000000 0.000000 1.000000
0.000000 0.000000 1.000000
0.000000 0.000000 1.000000
0.000000 0.000000 1.000000
0.000000 0.000000 1.000000
0.000000 0.000000 1.000000
0.000000 0.000000 1.000000
0.000000 0.000000 1.000000
0.000000 0.000000 1.000000
0.000000 0.000000 1.000000
0.000000 0.000000 1.000000
0.000000 0.000000 1.000000
0.000000 0.000000 1.000000
0.000000 0.000000 1.000000
0.000000 0.000000 1.000000
0.000000 0.000000 1.000000
0.000000 0.000000 1.000000
0.000000 0.000000 1.000000
0.000000 0.000000 1.000000
0.000000 0.000000 1.000000
0.000000 0.000000 1.000000
0.000000 0.000000 1.000000
0.000000 0.000000 1.000000
0.000000 0.000000 1.000000
0.000000 0.000000 1.000000
0.000000 0.000000 1.000000
0.000000 0.000000 1.000000
0.000000 0.000000 1.000000
0.000000 0.000000 1.000000
0.000000 0.000000 -1.000000
0.000000 0.000000 -1.000000
0.000000 0.000000 -1.000000
0.000000 0.000000 -1.000000
0.000000 0.000000 -1.000000
0.000000 0.000000 -1.000000
0.000000 0.000000 -1.000000
0.000000 0.000000 -1.000000
0.000000 0.000000 -1.000000
0.000000 0.000000 -1.000000
0.000000 0.000000 -1.000000
0.000000 0.000000 -1.000000
0.000000 0.000000 -1.000000
0.000000 0.000000 -1.000000
0.000000 0.000000 -1.000000
0.000000 0.000000 -1.000000
0.000000 0.000000 -1.000000
0.000000 0.000000 -1.000000
0.000000 0.000000 -1.000000
0.000000 0.000000 -1.000000
0.000000 0.000000 -1.000000
0.000000 0.000000 -1.000000
0.000000 0.000000 -1.000000
0.000000 0.000000 -1.000000
0.000000 0.000000 -1.000000
0.000000 0.000000 -1.000000
0.000000 0.000000 -1.000000
0.000000 0.000000 -1.000000
0.000000 0.000000 -1.000000
0.000000 0.000000 -1.000000
0.000000 0.000000 -1.000000
0.000000 0.000000 -1.000000
0.000000 0.000000 -1.000000
0.000000 0.000000 -1.000000
0.000000 0.000000 -1.000000
0.000000 0.000000 -1.000000
0.000000 0.000000 -1.000000
0.000000 0.000000 -1.000000
0.000000 0.000000 -1.000000
0.000000 0.000000 -1.000000
0.000000 0.000000 -1.000000
0.000000 0.000000 -1.000000
0.000000 0.000000 -1.000000
0.000000 0.000000 -1.000000
0.000000 0.000000 -1.000000
0.000000 0.000000 -1.000000
0.000000 0.000000 -1.000000
0.000000 0.000000 -1.000000
0.000000 0.000000 -1.000000
0.000000 0.000000 -1.000000
0.000000 0.000000 -1.000000
0.000000 0.000000 -1.000000
0.000000 0.000000 -1.000000
0.000000 0.000000 -1.000000
0.000000 0.000000 -1.000000
0.000000 0.000000 -1.000000
0.000000 0.000000 -1.000000
0.000000 0.000000 -1.000000
0.000000 0.000000 -1.000000
0.000000 0.000000 -1.000000
0.000000 0.000000 -1.000000
0.000000 0.000000 -1.000000
0.000000 0.000000 -1.000000
0.000000 0.000000 -1.000000
0.000000 0.000000 -1.000000
0.000000 0.000000 -1.000000
0.000000 0.000000 -1.000000
0.000000 0.000000 -1.000000
0.000000 0.000000 -1.000000
0.000000 0.000000 -1.000000
0.000000 0.000000 -1.000000
0.000000 0.000000 -1.000000
0.000000 0.000000 -1.000000
0.000000 0.000000 -1.000000
0.000000 0.000000 -1.000000
0.000000 0.000000 -1.000000
0.000000 0.000000 -1.000000
0.000000 0.000000 -1.000000
0.000000 0.000000 -1.000000
0.000000 0.000000 -1.000000
0.000000 0.000000 -1.000000
0.000000 0.000000 -1.000000
0.000000 0.000000 -1.000000
0.000000 0.000000 -1.000000
0.000000 0.000000 -1.000000
0.000000 0.000000 -1.000000
0.000000 0.000000 -1.000000
0.000000 0.000000 -1.000000
0.000000 0.000000 -1.000000
0.000000 0.000000 -1.000000
0.000000 0.000000 -1.000000
0.000000 0.000000 -1.000000
0.000000 0.000000 -1.000000
0.000000 0.000000 -1.000000
0.000000 0.000000 -1.000000
0.000000 0.000000 -1.000000
0.000000 0.000000 1.000000
0.000000 0.000000 1.000000
0.000000 0.000000 1.000000
0.000000 0.000000 1.000000
0.000000 0.000000 1.000000
0.000000 0.000000 1.000000
0.000000 0.000000 1.000000
0.000000 0.000000 1.000000
0.000000 0.000000 1.000000
0.000000 0.000000 1.000000
0.000000 0.000000 1.000000
0.000000 0.000000 1.000000
0.000000 0.000000 1.000000
0.000000 0.000000 1.000000
0.000000 0.000000 1.000000
0.000000 0.000000 1.000000
0.000000 0.000000 1.000000
0.000000 0.000000 1.000000
0.000000 0.000000 1.000000
0.000000 0.000000 1.000000
0.000000 0.000000 1.000000
0.000000 0.000000 1.000000
0.000000 0.000000 1.000000
0.000000 0.000000 1.000000
0.000000 0.000000 1.000000
0.000000 0.000000 1.000000
0.000000 0.000000 1.000000
0.000000 0.000000 1.000000
0.000000 0.000000 1.000000
0.000000 0.000000 1.000000
0.000000 0.000000 1.000000
0.000000 0.000000 1.000000
0.000000 0.000000 1.000000
0.000000 0.000000 1.000000
0.000000 0.000000 1.000000
0.000000 0.000000 1.000000
0.000000 0.000000 1.000000
0.000000 0.000000 1.000000
0.000000 0.000000 1.000000
0.000000 0.000000 1.000000
0.000000 0.000000 1.000000
0.000000 0.000000 1.000000
0.000000 0.000000 1.000000
0.000000 0.000000 1.000000
0.000000 0.000000 1.000000
0.000000 0.000000 1.000000
0.000000 0.000000 1.000000
0.000000 0.000000 1.000000
0.000000 0.000000 1.000000
0.000000 0.000000 1.000000
0.000000 0.000000 1.000000
0.000000 0.000000 1.000000
0.000000 0.000000 1.000000
0.000000 0.000000 1.000000
0.000000 0.000000 1.000000
0.000000 0.000000 1.000000
0.000000 0.000000 1.000000
0.000000 0.000000 1.000000
0.000000 0.000000 1.000000
0.000000 0.000000 1.000000
0.000000 0.000000 1.000000
0.000000 0.000000 1.000000
0.000000 0.000000 1.000000
0.000000 0.000000 1.000000
0.000000 0.000000 1.000000
0.000000 0.000000 1.000000
0.000000 0.000000 1.000000
0.000000 0.000000 1.000000
0.000000 0.000000 1.000000
0.000000 0.000000 1.000000
0.000000 0.000000 1.000000
0.000000 0.000000 1.000000
0.000000 0.000000 1.000000
0.000000 0.000000 1.000000
0.000000 0.000000 1.000000
0.000000 0.000000 1.000000
0.000000 0.000000 1.000000
0.000000 0.000000 1.000000
0.000000 0.000000 1.000000
0.000000 0.000000 1.000000
0.000000 0.000000 1.000000
0.000000 0.000000 1.000000
0.000000 0.000000 1.000000
0.000000 0.000000 1.000000
0.000000 0.000000 1.000000
0.000000 0.000000 1.000000
0.000000 0.000000 1.000000
0.000000 0.000000 1.000000
0.000000 0.000000 1.000000
0.000000 0.000000 1.000000
0.000000 0.000000 1.000000
0.000000 0.000000 1.000000
0.000000 0.000000 1.000000
0.000000 0.000000 1.000000
0.000000 0.000000 1.000000
0.000000 0.000000 1.000000
0.000000 0.000000 1.000000
0.000000 0.000000 1.000000
0.000000 0.000000 1.000000
0.000000 0.000000 1.000000
0.000000 0.000000 1.000000
0.000000 0.000000 1.000000
0.000000 0.000000 1.000000
0.000000 0.000000 1.000000
0.000000 0.000000 1.000000
0.000000 0.000000 1.000000
0.000000 0.000000 1.000000
0.000000 0.000000 1.000000
0.000000 0.000000 1.000000
0.000000 0.000000 1.000000
0.000000 0.000000 1.000000
0.000000 0.000000 1.000000
0.000000 0.000000 1.000000
0.000000 0.000000 1.000000
0.000000 0.000000 1.000000
0.000000 0.000000 1.000000
0.000000 0.000000 1.000000
0.000000 0.000000 1.000000
0.000000 0.000000 1.000000
0.000000 0.000000 1.000000
0.000000 0.000000 1.000000
0.000000 0.000000 1.000000
0.000000 0.000000 1.000000
0.000000 0.000000 1.000000
0.000000 0.000000 1.000000
0.000000 0.000000 1.000000
0.000000 0.000000 1.000000
0.000000 0.000000 1.000000
0.000000 0.000000 1.000000
0.000000 0.000000 1.000000
0.000000 0.000000 1.000000
0.000000 0.000000 1.000000
0.000000 0.000000 1.000000
0.000000 0.000000 1.000000
0.000000 0.000000 1.000000
0.000000 0.000000 1.000000
0.000000 0.000000 1.000000
0.000000 0.000000 1.000000
0.000000 0.000000 1.000000
0.000000 0.000000 1.000000
0.000000 0.000000 1.000000
0.000000 0.000000 1.000000
0.000000 0.000000 1.000000
0.000000 0.000000 1.000000
0.000000 0.000000 1.000000
0.000000 0.000000 1.000000
0.000000 0.000000 1.000000
0.000000 0.000000 1.000000
0.000000 0.000000 1.000000
0.000000 0.000000 1.000000
0.000000 0.000000 1.000000
0.000000 0.000000 1.000000
0.000000 0.000000 1.000000
0.000000 0.000000 1.000000
0.000000 0.000000 1.000000
0.000000 0.000000 1.000000
0.000000 0.000000 1.000000
0.000000 0.000000 1.000000
0.000000 0.000000 1.000000
0.000000 0.000000 1.000000
0.000000 0.000000 1.000000
0.000000 0.000000 1.000000
0.000000 0.000000 1.000000
0.000000 0.000000 1.000000
0.000000 0.000000 1.000000
0.000000 0.000000 1.000000
0.000000 0.000000 1.000000
0.000000 0.000000 1.000000
0.000000 0.000000 1.000000
0.000000 0.000000 1.000000
0.000000 0.000000 1.000000
0.000000 0.000000 1.000000
0.000000 0.000000 1.000000
0.000000 0.000000 1.000000
0.000000 0.000000 1.000000
0.000000 0.000000 1.000000
0.000000 0.000000 1.000000
0.000000 0.000000 1.000000
0.000000 0.000000 1.000000
0.000000 0.000000 1.000000
0.000000 0.000000 1.000000
0.000000 0.000000 1.000000
0.000000 0.000000 1.000000
0.000000 0.000000 1.000000
0.000000 0.000000 1.000000
0.000000 0.000000 1.000000
0.000000 0.000000 1.000000
0.000000 0.000000 1.000000
0.000000 0.000000 1.000000
0.000000 0.000000 1.000000
0.000000 0.000000 1.000000
0.000000 0.000000 1.000000
0.000000 0.000000 1.000000
0.000000 0.000000 1.000000
0.000000 0.000000 1.000000
0.000000 0.000000 1.000000
0.000000 0.000000 1.000000
0.000000 0.000000 1.000000
0.000000 0.000000 1.000000
0.000000 0.000000 1.000000
0.000000 0.000000 1.000000
0.000000 0.000000 1.000000
0.000000 0.000000 1.000000
0.000000 0.000000 1.000000
0.000000 0.000000 1.000000
0.000000 0.000000 1.000000
0.000000 0.000000 1.000000
0.000000 0.000000 1.000000
0.000000 0.000000 1.000000
0.000000 0.000000 1.000000
0.000000 0.000000 1.000000
0.000000 0.000000 1.000000
0.000000 0.000000 1.000000
0.000000 0.000000 1.000000
0.000000 0.000000 1.000000
0.000000 0.000000 1.000000
0.000000 0.000000 1.000000
0.000000 0.000000 1.000000
0.000000 0.000000 1.000000
0.000000 0.000000 1.000000
0.000000 0.000000 1.000000
0.000000 0.000000 1.000000
0.000000 0.000000 1.000000
0.000000 0.000000 1.000000
0.000000 0.000000 1.000000
0.000000 0.000000 1.000000
0.000000 0.000000 1.000000
0.000000 0.000000 1.000000
0.000000 0.000000 1.000000
0.000000 0.000000 1.000000
0.000000 0.000000 1.000000
0.000000 0.000000 1.000000
0.000000 0.000000 1.000000
0.000000 0.000000 1.000000
0.000000 0.000000 1.000000
0.000000 0.000000 1.000000
0.000000 0.000000 1.000000
0.000000 0.000000 1.000000
0.000000 0.000000 1.000000
0.000000 0.000000 1.000000
0.000000 0.000000 1.000000
0.000000 0.000000 1.000000
0.000000 0.000000 1.000000
0.000000 0.000000 1.000000
0.000000 0.000000 1.000000
0.000000 0.000000 1.000000
0.000000 0.000000 -1.000000
0.000000 0.000000 -1.000000
0.000000 0.000000 -1.000000
0.000000 0.000000 -1.000000
0.000000 0.000000 -1.000000
0.000000 0.000000 -1.000000
0.000000 0.000000 -1.000000
0.000000 0.000000 -1.000000
0.000000 0.000000 -1.000000
0.000000 0.000000 -1.000000
0.000000 0.000000 -1.000000
0.000000 0.000000 -1.000000
0.000000 0.000000 -1.000000
0.000000 0.000000 -1.000000
0.000000 0.000000 -1.000000
0.000000 0.000000 -1.000000
0.000000 0.000000 -1.000000
0.000000 0.000000 -1.000000
0.000000 0.000000 -1.000000
0.000000 0.000000 -1.000000
0.000000 0.000000 -1.000000
0.000000 0.000000 -1.000000
0.000000 0.000000 -1.000000
0.000000 0.000000 -1.000000
0.000000 0.000000 -1.000000
0.000000 0.000000 -1.000000
0.000000 0.000000 -1.000000
0.000000 0.000000 -1.000000
0.000000 0.000000 -1.000000
0.000000 0.000000 -1.000000
0.000000 0.000000 -1.000000
0.000000 0.000000 -1.000000
0.000000 0.000000 -1.000000
0.000000 0.000000 -1.000000
0.000000 0.000000 -1.000000
0.000000 0.000000 -1.000000
0.000000 0.000000 -1.000000
0.000000 0.000000 -1.000000
0.000000 0.000000 -1.000000
0.000000 0.000000 -1.000000
0.000000 0.000000 -1.000000
0.000000 0.000000 -1.000000
0.000000 0.000000 -1.000000
0.000000 0.000000 -1.000000
0.000000 0.000000 -1.000000
0.000000 0.000000 -1.000000
0.000000 0.000000 -1.000000
0.000000 0.000000 -1.000000
0.000000 0.000000 -1.000000
0.000000 0.000000 -1.000000
0.000000 0.000000 -1.000000
0.000000 0.000000 -1.000000
0.000000 0.000000 -1.000000
0.000000 0.000000 -1.000000
0.000000 0.000000 -1.000000
0.000000 0.000000 -1.000000
0.000000 0.000000 -1.000000
0.000000 0.000000 -1.000000
0.000000 0.000000 -1.000000
0.000000 0.000000 -1.000000
0.000000 0.000000 -1.000000
0.000000 0.000000 -1.000000
0.000000 0.000000 -1.000000
0.000000 0.000000 -1.000000
0.000000 0.000000 -1.000000
0.000000 0.000000 -1.000000
0.000000 0.000000 -1.000000
0.000000 0.000000 -1.000000
0.000000 0.000000 -1.000000
0.000000 0.000000 -1.000000
0.000000 0.000000 -1.000000
0.000000 0.000000 -1.000000
0.000000 0.000000 -1.000000
0.000000 0.000000 -1.000000
0.000000 0.000000 -1.000000
0.000000 0.000000 -1.000000
0.000000 0.000000 -1.000000
0.000000 0.000000 -1.000000
0.000000 0.000000 -1.000000
0.000000 0.000000 -1.000000
0.000000 0.000000 -1.000000
0.000000 0.000000 -1.000000
0.000000 0.000000 -1.000000
0.000000 0.000000 -1.000000
0.000000 0.000000 -1.000000
0.000000 0.000000 -1.000000
0.000000 0.000000 -1.000000
0.000000 0.000000 -1.000000
0.000000 0.000000 -1.000000
0.000000 0.000000 -1.000000
0.000000 0.000000 -1.000000
0.000000 0.000000 -1.000000
0.000000 0.000000 -1.000000
0.000000 0.000000 -1.000000
0.000000 0.000000 -1.000000
0.000000 0.000000 -1.000000
0.000000 0.000000 -1.000000
0.000000 0.000000 -1.000000
0.000000 0.000000 -1.000000
0.000000 0.000000 -1.000000
0.000000 0.000000 -1.000000
0.000000 0.000000 -1.000000
0.000000 0.000000 -1.000000
0.000000 0.000000 -1.000000
0.000000 0.000000 -1.000000
0.000000 0.000000 -1.000000
0.000000 0.000000 -1.000000
0.000000 0.000000 -1.000000
0.000000 0.000000 -1.000000
0.000000 0.000000 -1.000000
0.000000 0.000000 -1.000000
0.000000 0.000000 -1.000000
0.000000 0.000000 -1.000000
0.000000 0.000000 -1.000000
0.000000 0.000000 -1.000000
0.000000 0.000000 -1.000000
0.000000 0.000000 -1.000000
0.000000 0.000000 -1.000000
0.000000 0.000000 -1.000000
0.000000 0.000000 -1.000000
0.000000 0.000000 -1.000000
0.000000 0.000000 -1.000000
0.000000 0.000000 -1.000000
0.000000 0.000000 -1.000000
0.000000 0.000000 -1.000000
0.000000 0.000000 -1.000000
0.000000 0.000000 -1.000000
0.000000 0.000000 -1.000000
0.000000 0.000000 -1.000000
0.000000 0.000000 -1.000000
0.000000 0.000000 -1.000000
0.000000 0.000000 -1.000000
0.000000 0.000000 -1.000000
0.000000 0.000000 -1.000000
0.000000 0.000000 -1.000000
0.000000 0.000000 -1.000000
0.000000 0.000000 -1.000000
0.000000 0.000000 -1.000000
0.000000 0.000000 -1.000000
0.000000 0.000000 -1.000000
0.000000 0.000000 -1.000000
0.000000 0.000000 -1.000000
0.000000 0.000000 -1.000000
0.000000 0.000000 -1.000000
0.000000 0.000000 -1.000000
0.000000 0.000000 -1.000000
0.000000 0.000000 -1.000000
0.000000 0.000000 -1.000000
0.000000 0.000000 -1.000000
0.000000 0.000000 -1.000000
0.000000 0.000000 -1.000000
0.000000 0.000000 -1.000000
0.000000 0.000000 -1.000000
0.000000 0.000000 -1.000000
0.000000 0.000000 -1.000000
0.000000 0.000000 -1.000000
0.000000 0.000000 -1.000000
0.000000 0.000000 -1.000000
0.000000 0.000000 -1.000000
0.000000 0.000000 -1.000000
0.000000 0.000000 -1.000000
0.000000 0.000000 -1.000000
0.000000 0.000000 -1.000000
0.000000 0.000000 -1.000000
0.000000 0.000000 -1.000000
0.000000 0.000000 -1.000000
0.000000 0.000000 -1.000000
0.000000 0.000000 -1.000000
0.000000 0.000000 -1.000000
0.000000 0.000000 -1.000000
0.000000 0.000000 -1.000000
0.000000 0.000000 -1.000000
0.000000 0.000000 -1.000000
0.000000 0.000000 -1.000000
0.000000 0.000000 -1.000000
0.000000 0.000000 -1.000000
0.000000 0.000000 -1.000000
0.000000 0.000000 -1.000000
0.000000 0.000000 -1.000000
0.000000 0.000000 -1.000000
0.000000 0.000000 -1.000000
0.000000 0.000000 -1.000000
0.000000 0.000000 -1.000000
0.000000 0.000000 -1.000000
0.000000 0.000000 -1.000000
0.000000 0.000000 -1.000000
0.000000 0.000000 -1.000000
0.000000 0.000000 -1.000000
0.000000 0.000000 -1.000000
0.000000 0.000000 -1.000000
0.000000 0.000000 -1.000000
0.000000 0.000000 -1.000000
0.000000 0.000000 -1.000000
0.000000 0.000000 -1.000000
0.000000 0.000000 -1.000000
0.000000 0.000000 -1.000000
0.000000 0.000000 -1.000000
0.000000 0.000000 -1.000000
0.000000 0.000000 -1.000000
0.000000 0.000000 -1.000000
0.000000 0.000000 -1.000000
0.000000 0.000000 -1.000000
0.000000 0.000000 -1.000000
0.000000 0.000000 -1.000000
0.000000 0.000000 -1.000000
0.000000 0.000000 -1.000000
0.000000 0.000000 -1.000000
0.000000 0.000000 -1.000000
0.000000 0.000000 -1.000000
0.000000 0.000000 -1.000000
0.000000 0.000000 -1.000000
0.000000 0.000000 -1.000000
0.000000 0.000000 -1.000000
0.000000 0.000000 -1.000000
0.000000 0.000000 -1.000000
0.000000 0.000000 -1.000000
0.000000 0.000000 -1.000000
0.000000 0.000000 -1.000000
0.000000 0.000000 -1.000000
0.000000 0.000000 -1.000000
0.000000 0.000000 -1.000000
0.000000 0.000000 -1.000000
0.000000 0.000000 -1.000000
0.000000 0.000000 -1.000000
0.000000 0.000000 -1.000000
0.000000 0.000000 -1.000000
0.000000 0.000000 -1.000000
0.000000 0.000000 -1.000000
0.000000 0.000000 -1.000000
0.000000 0.000000 -1.000000
0.000000 0.000000 -1.000000
0.000000 0.000000 -1.000000
0.000000 0.000000 -1.000000
0.000000 0.000000 -1.000000
0.000000 0.000000 -1.000000
0.000000 0.000000 -1.000000
0.000000 0.000000 -1.000000
0.000000 0.000000 -1.000000
0.000000 0.000000 -1.000000
0.000000 0.000000 -1.000000
0.000000 0.000000 -1.000000
0.000000 0.000000 -1.000000
0.000000 0.000000 -1.000000
0.000000 0.000000 -1.000000
0.000000 0.000000 -1.000000
0.000000 0.000000 -1.000000
-0.671559 -0.740951 0.000000
-0.634393 -0.773011 0.000000
-0.634393 -0.773010 0.000000
-0.671559 -0.740951 0.000000
-0.634393 -0.773010 0.000000
-0.671559 -0.740951 0.000000
-0.671559 -0.740951 0.000000
-0.671559 -0.740951 0.000000
-0.707107 -0.707107 0.000000
-0.671559 -0.740951 0.000000
-0.707107 -0.707107 0.000000
-0.707107 -0.707107 0.000000
0.290285 -0.956940 0.000000
0.290285 -0.956940 0.000000
0.242981 -0.970031 0.000000
0.242981 -0.970031 0.000000
0.195091 -0.980785 0.000000
0.195090 -0.980785 0.000000
0.242981 -0.970031 0.000000
0.195090 -0.980785 0.000000
0.242981 -0.970031 0.000000
0.290285 -0.956940 0.000000
0.242981 -0.970031 0.000000
0.242981 -0.970031 0.000000
0.471397 -0.881921 0.000000
0.471397 -0.881921 0.000000
0.427555 -0.903989 0.000000
0.427555 -0.903989 0.000000
0.382683 -0.923880 0.000000
0.382683 -0.923880 0.000000
0.427555 -0.903989 0.000000
0.382683 -0.923880 0.000000
0.427555 -0.903989 0.000000
0.471397 -0.881921 0.000000
0.427555 -0.903989 0.000000
0.427555 -0.903989 0.000000
0.427548 0.903993 0.000000
0.382676 0.923882 0.000000
0.382676 0.923882 0.000000
0.427548 0.903993 0.000000
0.382676 0.923882 0.000000
0.427548 0.903993 0.000000
0.427548 0.903993 0.000000
0.427548 0.903993 0.000000
0.471396 0.881922 0.000000
0.427548 0.903993 0.000000
0.471396 0.881922 0.000000
0.471396 0.881922 0.000000
0.707107 -0.707106 0.000000
0.707107 -0.707106 0.000000
0.671559 -0.740951 0.000000
0.671559 -0.740951 0.000000
0.634394 -0.773010 0.000000
0.634394 -0.773010 0.000000
0.671559 -0.740951 0.000000
0.634394 -0.773010 0.000000
0.671559 -0.740951 0.000000
0.707107 -0.707106 0.000000
0.671559 -0.740951 0.000000
0.671559 -0.740951 0.000000
</float_array>
          <technique_common>
            <accessor source="#torpedo_map_ncl1_1-Normal0-array" count="1704" stride="3">
              <param name="X" type="float"/>
              <param name="Y" type="float"/>
              <param name="Z" type="float"/>
            </accessor>
          </technique_common>
        </source>
        <source id="torpedo_map_ncl1_1-UV0">
          <float_array id="torpedo_map_ncl1_1-UV0-array" count="1104">
0.004950 0.500000
0.004950 0.002490
0.500000 0.002490
0.500000 0.358455
0.492845 0.361856
0.485761 0.366123
0.479127 0.371067
0.473008 0.376641
0.467462 0.382791
0.462542 0.389458
0.458296 0.396577
0.454765 0.404080
0.451982 0.411895
0.449975 0.419946
0.448764 0.428156
0.448358 0.436446
0.448764 0.444736
0.449975 0.452946
0.451982 0.460997
0.454765 0.468812
0.458296 0.476315
0.462542 0.483434
0.467461 0.490101
0.473008 0.496251
0.477124 0.500000
0.479127 0.501825
0.485761 0.506769
0.492845 0.511036
0.500000 0.514437
0.500000 0.997510
0.004950 0.997510
0.995049 0.002490
0.995049 0.500000
0.587910 0.500000
0.592026 0.496251
0.597572 0.490101
0.602492 0.483434
0.606738 0.476315
0.610269 0.468812
0.613051 0.460997
0.615058 0.452946
0.616270 0.444736
0.616675 0.436446
0.616270 0.428156
0.615058 0.419946
0.613051 0.411894
0.610269 0.404080
0.606738 0.396577
0.602492 0.389457
0.597572 0.382791
0.592026 0.376641
0.585906 0.371067
0.579273 0.366123
0.572189 0.361856
0.564723 0.358307
0.556947 0.355511
0.548935 0.353494
0.540766 0.352277
0.532517 0.351869
0.524268 0.352277
0.516098 0.353494
0.508087 0.355511
0.500311 0.358307
0.500311 0.514585
0.508087 0.517381
0.515089 0.519143
0.713953 0.771438
0.705704 0.771845
0.697534 0.773063
0.689523 0.775080
0.681747 0.777876
0.674281 0.781425
0.667197 0.785692
0.660563 0.790636
0.654444 0.796210
0.648898 0.802360
0.643978 0.809026
0.639732 0.816145
0.636201 0.823648
0.633418 0.831463
0.631412 0.839514
0.630200 0.847725
0.629795 0.856015
0.630200 0.864304
0.631412 0.872515
0.633418 0.880566
0.636201 0.888381
0.639732 0.895884
0.643978 0.903003
0.648898 0.909669
0.654444 0.915819
0.660563 0.921393
0.667197 0.926337
0.674281 0.930605
0.681747 0.934153
0.689523 0.936949
0.697535 0.938966
0.705704 0.940184
0.713953 0.940591
0.722202 0.940184
0.730371 0.938966
0.738383 0.936949
0.746159 0.934153
0.753625 0.930605
0.760709 0.926337
0.767342 0.921393
0.773462 0.915819
0.779008 0.909669
0.783928 0.903003
0.788174 0.895884
0.791705 0.888381
0.794488 0.880566
0.796494 0.872515
0.797706 0.864305
0.798111 0.856015
0.797706 0.847724
0.796494 0.839514
0.794487 0.831463
0.791705 0.823648
0.788174 0.816145
0.783928 0.809026
0.779008 0.802360
0.773462 0.796210
0.767342 0.790636
0.760709 0.785692
0.753625 0.781425
0.746159 0.777876
0.738383 0.775080
0.730371 0.773063
0.722202 0.771845
0.516098 0.519398
0.524268 0.520615
0.532517 0.521023
0.540766 0.520615
0.548935 0.519397
0.556947 0.517381
0.564723 0.514585
0.572189 0.511036
0.579273 0.506769
0.585906 0.501825
0.995049 0.997510
0.004950 0.500000
0.477124 0.500000
0.473008 0.496251
0.467461 0.490101
0.462542 0.483434
0.458296 0.476315
0.454765 0.468812
0.451982 0.460997
0.449975 0.452946
0.448764 0.444736
0.448358 0.436446
0.448764 0.428156
0.449975 0.419946
0.451982 0.411895
0.454765 0.404080
0.458296 0.396577
0.462542 0.389458
0.467462 0.382791
0.473008 0.376641
0.479127 0.371067
0.485761 0.366123
0.492845 0.361856
0.500000 0.358455
0.500000 0.002490
0.004950 0.002490
0.004950 0.997510
0.500000 0.997510
0.500000 0.514437
0.492845 0.511036
0.485761 0.506769
0.479127 0.501825
0.500000 0.543860
0.500000 0.500308
0.484375 0.500308
0.484375 0.543860
0.468750 0.500308
0.468750 0.543860
0.453125 0.500308
0.453125 0.543860
0.437500 0.500308
0.437500 0.543860
0.421875 0.500308
0.421875 0.543860
0.406250 0.500308
0.406250 0.543860
0.390625 0.500308
0.390625 0.543860
0.375000 0.500308
0.375000 0.543860
0.359375 0.500308
0.359375 0.543860
0.343750 0.500308
0.343750 0.543860
0.328125 0.500308
0.328125 0.543860
0.312500 0.500308
0.312500 0.543860
0.296875 0.500308
0.296875 0.543860
0.281250 0.500308
0.281250 0.543860
0.265625 0.500308
0.265625 0.543860
0.250000 0.500308
0.250000 0.543860
0.234375 0.500308
0.234375 0.543860
0.218750 0.500308
0.218750 0.543860
0.203125 0.500308
0.203125 0.543860
0.187500 0.500308
0.187500 0.543860
0.171875 0.500308
0.171875 0.543860
0.156250 0.500308
0.156250 0.543860
0.140625 0.500308
0.140625 0.543860
0.125000 0.500308
0.125000 0.543860
0.109375 0.500308
0.109375 0.543860
0.093750 0.500308
0.093750 0.543860
0.078125 0.500308
0.078125 0.543860
0.062500 0.500308
0.062500 0.543860
0.046875 0.500308
0.046875 0.543860
0.031250 0.500308
0.031250 0.543860
0.015625 0.500308
0.015625 0.543860
0.000000 0.500308
0.000000 0.543860
-0.015625 0.500308
-0.015625 0.543860
0.984375 0.543860
0.984375 0.500308
0.968750 0.500308
0.968750 0.543860
0.953125 0.500308
0.953125 0.543860
0.937500 0.500308
0.937500 0.543860
0.921875 0.500308
0.921875 0.543860
0.906250 0.500308
0.906250 0.543860
0.890625 0.500308
0.890625 0.543860
0.875000 0.500308
0.875000 0.543860
0.859375 0.500308
0.859375 0.543860
0.843750 0.500308
0.843750 0.543860
0.828125 0.500308
0.828125 0.543860
0.812500 0.500308
0.812500 0.543860
0.796875 0.500308
0.796875 0.543860
0.781250 0.500308
0.781250 0.543860
0.765625 0.500308
0.765625 0.543860
0.750000 0.500308
0.750000 0.543860
0.734374 0.500308
0.734375 0.543860
0.718750 0.500308
0.718750 0.543860
0.703125 0.500308
0.703125 0.543860
0.687500 0.500308
0.687500 0.543860
0.671875 0.500308
0.671875 0.543860
0.656250 0.500308
0.656250 0.543860
0.640625 0.500308
0.640625 0.543860
0.625000 0.500308
0.625000 0.543860
0.609375 0.500308
0.609375 0.543860
0.593750 0.500308
0.593750 0.543860
0.578125 0.500308
0.578125 0.543860
0.562500 0.500308
0.562500 0.543860
0.546875 0.500308
0.546875 0.543860
0.531250 0.500308
0.531250 0.543860
0.515625 0.500308
0.515625 0.543860
0.500311 0.358307
0.508087 0.355511
0.516098 0.353494
0.524268 0.352277
0.532517 0.351869
0.540766 0.352277
0.548935 0.353494
0.556947 0.355511
0.564723 0.358307
0.572189 0.361856
0.579273 0.366123
0.585906 0.371067
0.592026 0.376641
0.597572 0.382791
0.602492 0.389457
0.606738 0.396577
0.610269 0.404080
0.613051 0.411894
0.615058 0.419946
0.616270 0.428156
0.616675 0.436446
0.616270 0.444736
0.615058 0.452946
0.613051 0.460997
0.610269 0.468812
0.606738 0.476315
0.602492 0.483434
0.597572 0.490101
0.592026 0.496251
0.587910 0.500000
0.995049 0.500000
0.995049 0.002490
0.995049 0.997510
0.585906 0.501825
0.579273 0.506769
0.572189 0.511036
0.564723 0.514585
0.556947 0.517381
0.548935 0.519397
0.540766 0.520615
0.532517 0.521023
0.524268 0.520616
0.516098 0.519398
0.515089 0.519143
0.713953 0.771438
0.722202 0.771845
0.730371 0.773063
0.738383 0.775080
0.746159 0.777876
0.753625 0.781425
0.760709 0.785692
0.767342 0.790636
0.773462 0.796210
0.779008 0.802360
0.783928 0.809026
0.788174 0.816145
0.791705 0.823648
0.794488 0.831463
0.796494 0.839514
0.797706 0.847724
0.798111 0.856015
0.797706 0.864304
0.796494 0.872515
0.794488 0.880566
0.791705 0.888381
0.788174 0.895884
0.783928 0.903003
0.779008 0.909669
0.773462 0.915819
0.767342 0.921393
0.760709 0.926337
0.753625 0.930605
0.746159 0.934153
0.738383 0.936949
0.730371 0.938966
0.722202 0.940184
0.713953 0.940591
0.705704 0.940184
0.697535 0.938966
0.689523 0.936949
0.681747 0.934153
0.674281 0.930605
0.667197 0.926337
0.660563 0.921393
0.654444 0.915819
0.648898 0.909669
0.643978 0.903003
0.639732 0.895884
0.636201 0.888381
0.633418 0.880566
0.631412 0.872515
0.630200 0.864304
0.629795 0.856015
0.630200 0.847725
0.631412 0.839514
0.633418 0.831463
0.636201 0.823648
0.639732 0.816145
0.643978 0.809026
0.648898 0.802360
0.654444 0.796210
0.660563 0.790636
0.667197 0.785692
0.674281 0.781425
0.681747 0.777876
0.689523 0.775080
0.697534 0.773063
0.705704 0.771845
0.508087 0.517381
0.500311 0.514585
0.765625 0.543859
0.765625 0.500307
0.750000 0.500307
0.750000 0.543859
0.781250 0.543859
0.781250 0.500307
0.734374 0.500307
0.734375 0.543859
0.796875 0.543859
0.796875 0.500307
0.718750 0.500307
0.718750 0.543859
0.812500 0.543859
0.812500 0.500307
0.703125 0.500307
0.703125 0.543859
0.828125 0.543859
0.828125 0.500307
0.687500 0.500307
0.687500 0.543859
0.843750 0.543859
0.843750 0.500307
0.671875 0.500307
0.671875 0.543859
0.859375 0.543859
0.859375 0.500307
0.656250 0.500307
0.656250 0.543859
0.875000 0.543859
0.875000 0.500307
0.640625 0.500307
0.640625 0.543859
0.885510 0.543859
0.890625 0.543859
0.890625 0.500307
0.885510 0.500307
0.625000 0.500307
0.625000 0.543859
0.906250 0.543859
0.906250 0.500307
0.609375 0.500307
0.609375 0.543859
0.921875 0.543859
0.921875 0.500307
0.593750 0.500307
0.593750 0.543859
0.937500 0.543859
0.937500 0.500307
0.578125 0.500307
0.578125 0.543859
0.953125 0.543859
0.953125 0.500307
0.562500 0.500307
0.562500 0.543859
0.968750 0.543859
0.968750 0.500307
0.546875 0.500307
0.546875 0.543859
0.984375 0.543859
0.984375 0.500307
0.531250 0.500307
0.531250 0.543859
0.000000 0.543859
0.000000 0.500307
-0.015625 0.500307
-0.015625 0.543859
0.515625 0.500307
0.515625 0.543859
0.015625 0.543859
0.015625 0.500307
0.500000 0.500307
0.500000 0.543859
0.031250 0.543859
0.031250 0.500307
0.484375 0.500307
0.484375 0.543859
0.046875 0.543859
0.046875 0.500307
0.033218 0.500307
0.033218 0.543859
0.468750 0.500307
0.468750 0.543859
0.062500 0.543859
0.062500 0.500307
0.453125 0.500307
0.453125 0.543859
0.078125 0.543859
0.078125 0.500307
0.063151 0.500307
0.063151 0.543859
0.437500 0.500307
0.437500 0.543859
0.093750 0.543859
0.093750 0.500307
0.436849 0.543859
0.436849 0.500307
0.421875 0.500307
0.421875 0.543859
0.109375 0.543859
0.109375 0.500307
0.406250 0.500307
0.406250 0.543859
0.125000 0.543859
0.125000 0.500307
0.114490 0.500307
0.114490 0.543859
0.390625 0.500307
0.390625 0.543859
0.140625 0.543859
0.140625 0.500307
0.375000 0.500307
0.375000 0.543859
0.156250 0.543859
0.156250 0.500307
0.359375 0.500307
0.359375 0.543859
0.171875 0.543859
0.171875 0.500307
0.343750 0.500307
0.343750 0.543859
0.187500 0.543859
0.187500 0.500307
0.328125 0.500307
0.328125 0.543859
0.203125 0.543859
0.203125 0.500307
0.312500 0.500307
0.312500 0.543859
0.218750 0.543859
0.218750 0.500307
0.296875 0.500307
0.296875 0.543859
0.234375 0.543859
0.234375 0.500307
0.281250 0.500307
0.281250 0.543859
0.250000 0.543859
0.250000 0.500307
0.265625 0.500307
0.265625 0.543859
</float_array>
          <technique_common>
            <accessor source="#torpedo_map_ncl1_1-UV0-array" count="552" stride="2">
              <param name="S" type="float"/>
              <param name="T" type="float"/>
            </accessor>
          </technique_common>
        </source>
        <vertices id="torpedo_map_ncl1_1-VERTEX">
          <input semantic="POSITION" source="#torpedo_map_ncl1_1-POSITION"/>
        </vertices>
        <triangles count="568" material="MaterialFBXASC032FBXASC03564">
          <input semantic="VERTEX" offset="0" source="#torpedo_map_ncl1_1-VERTEX"/>
          <input semantic="NORMAL" offset="1" source="#torpedo_map_ncl1_1-Normal0"/>
          <input semantic="TEXCOORD" offset="2" set="0" source="#torpedo_map_ncl1_1-UV0"/>
          <p> 2 0 2 3 1 3 4 2 4 1 3 1 2 4 2 4 5 4 1 6 1 4 7 4 5 8 5 1 9 1 5 10 5 6 11 6 1 12 1 6 13 6 7 14 7 1 15 1 7 16 7 8 17 8 0 18 0 1 19 1 8 20 8 0 21 0 8 22 8 9 23 9 0 24 0 9 25 9 10 26 10 0 27 0 10 28 10 11 29 11 0 30 0 11 31 11 12 32 12 0 33 0 12 34 12 13 35 13 0 36 0 13 37 13 14 38 14 0 39 0 14 40 14 15 41 15 0 42 0 15 43 15 16 44 16 0 45 0 16 46 16 17 47 17 0 48 0 17 49 17 18 50 18 0 51 0 18 52 18 19 53 19 0 54 0 19 55 19 20 56 20 0 57 0 20 58 20 21 59 21 0 60 0 21 61 21 22 62 22 0 63 0 22 64 22 23 65 23 0 66 0 23 67 23 24 68 24 31 69 141 146 70 142 147 71 143 31 72 141 147 73 143 148 74 144 31 75 141 148 76 144 149 77 145 31 78 141 149 79 145 150 80 146 31 81 141 150 82 146 151 83 147 31 84 141 151 85 147 152 86 148 31 87 141 152 88 148 153 89 149 31 90 141 153 91 149 154 92 150 166 93 162 167 94 163 33 95 164 165 96 161 166 97 162 33 98 164 164 99 160 165 100 161 33 101 164 163 102 159 164 103 160 33 104 164 162 105 158 163 106 159 33 107 164 161 108 157 162 109 158 33 110 164 161 111 157 33 112 164 32 113 165 160 114 156 161 115 157 32 116 165 159 117 155 160 118 156 32 119 165 158 120 154 159 121 155 32 122 165 157 123 153 158 124 154 32 125 165 156 126 152 157 127 153 32 128 165 155 129 151 156 130 152 32 131 165 154 132 150 155 133 151 32 134 165 31 135 141 154 136 150 32 137 165 0 138 0 24 139 24 25 140 25 27 141 27 28 142 28 29 143 29 26 144 26 27 145 27 29 146 29 25 147 25 26 148 26 29 149 29 25 150 25 29 151 29 30 152 30 0 153 0 25 154 25 30 155 30 145 156 167 170 157 168 171 158 169 66 159 166 145 160 167 171 161 169 66 162 166 171 163 169 172 164 170 66 165 166 172 166 170 173 167 171 31 168 141 66 169 166 173 170 171 31 171 141 173 172 171 146 173 142 0 174 0 31 175 0 32 176 1 32 177 1 1 178 1 0 179 0 1 180 1 32 181 1 33 182 2 33 183 2 2 184 2 1 185 1 0 186 0 30 187 30 66 188 30 66 189 30 31 190 0 0 191 0 29 192 29 145 193 29 66 194 30 66 195 30 30 196 30 29 197 29 2 198 2 33 199 2 168 200 31 168 201 31 34 202 31 2 203 2 34 204 31 168 205 31 169 206 32 169 207 32 35 208 32 34 209 31 35 210 32 169 211 32 174 212 140 174 213 140 67 214 140 35 215 32 29 216 29 67 217 140 174 218 140 174 219 140 145 220 29 29 221 29 71 222 172 175 223 173 176 224 174 176 225 174 72 226 175 71 227 172 72 228 175 176 229 174 177 230 176 177 231 176 73 232 177 72 233 175 73 234 177 177 235 176 178 236 178 178 237 178 74 238 179 73 239 177 74 240 179 178 241 178 179 242 180 179 243 180 75 244 181 74 245 179 75 246 181 179 247 180 180 248 182 180 249 182 76 250 183 75 251 181 76 252 183 180 253 182 181 254 184 181 255 184 77 256 185 76 257 183 77 258 185 181 259 184 182 260 186 182 261 186 78 262 187 77 263 185 78 264 187 182 265 186 183 266 188 183 267 188 79 268 189 78 269 187 79 270 189 183 271 188 184 272 190 184 273 190 80 274 191 79 275 189 80 276 191 184 277 190 185 278 192 185 279 192 81 280 193 80 281 191 81 282 193 185 283 192 186 284 194 186 285 194 82 286 195 81 287 193 82 288 195 186 289 194 187 290 196 187 291 196 83 292 197 82 293 195 83 294 197 187 295 196 188 296 198 188 297 198 84 298 199 83 299 197 84 300 199 188 301 198 189 302 200 189 303 200 85 304 201 84 305 199 85 306 201 189 307 200 190 308 202 190 309 202 86 310 203 85 311 201 86 312 203 190 313 202 191 314 204 191 315 204 87 316 205 86 317 203 87 318 205 191 319 204 192 320 206 192 321 206 88 322 207 87 323 205 88 324 207 192 325 206 193 326 208 193 327 208 89 328 209 88 329 207 89 330 209 193 331 208 194 332 210 194 333 210 90 334 211 89 335 209 90 336 211 194 337 210 195 338 212 195 339 212 91 340 213 90 341 211 91 342 213 195 343 212 196 344 214 196 345 214 92 346 215 91 347 213 92 348 215 196 349 214 197 350 216 197 351 216 93 352 217 92 353 215 93 354 217 197 355 216 198 356 218 198 357 218 94 358 219 93 359 217 94 360 219 198 361 218 199 362 220 199 363 220 95 364 221 94 365 219 95 366 221 199 367 220 200 368 222 200 369 222 96 370 223 95 371 221 96 372 223 200 373 222 201 374 224 201 375 224 97 376 225 96 377 223 97 378 225 201 379 224 202 380 226 202 381 226 98 382 227 97 383 225 98 384 227 202 385 226 203 386 228 203 387 228 99 388 229 98 389 227 99 390 229 203 391 228 204 392 230 204 393 230 100 394 231 99 395 229 100 396 231 204 397 230 205 398 232 205 399 232 101 400 233 100 401 231 101 402 233 205 403 232 206 404 234 206 405 234 102 406 235 101 407 233 102 408 235 206 409 234 207 410 236 207 411 236 103 412 237 102 413 235 103 414 237 207 415 236 208 416 238 208 417 238 104 418 239 103 419 237 104 420 240 208 421 241 209 422 242 209 423 242 105 424 243 104 425 240 105 426 243 209 427 242 210 428 244 210 429 244 106 430 245 105 431 243 106 432 245 210 433 244 211 434 246 211 435 246 107 436 247 106 437 245 107 438 247 211 439 246 212 440 248 212 441 248 108 442 249 107 443 247 108 444 249 212 445 248 213 446 250 213 447 250 109 448 251 108 449 249 109 450 251 213 451 250 214 452 252 214 453 252 110 454 253 109 455 251 110 456 253 214 457 252 215 458 254 215 459 254 111 460 255 110 461 253 111 462 255 215 463 254 216 464 256 216 465 256 112 466 257 111 467 255 112 468 257 216 469 256 217 470 258 217 471 258 113 472 259 112 473 257 113 474 259 217 475 258 218 476 260 218 477 260 114 478 261 113 479 259 114 480 261 218 481 260 219 482 262 219 483 262 115 484 263 114 485 261 115 486 263 219 487 262 220 488 264 220 489 264 116 490 265 115 491 263 116 492 265 220 493 264 221 494 266 221 495 266 117 496 267 116 497 265 117 498 267 221 499 266 222 500 268 222 501 268 118 502 269 117 503 267 118 504 269 222 505 268 223 506 270 223 507 270 119 508 271 118 509 269 119 510 271 223 511 270 224 512 272 224 513 272 120 514 273 119 515 271 120 516 273 224 517 272 225 518 274 225 519 274 121 520 275 120 521 273 121 522 275 225 523 274 226 524 276 226 525 276 122 526 277 121 527 275 122 528 277 226 529 276 227 530 278 227 531 278 123 532 279 122 533 277 123 534 279 227 535 278 228 536 280 228 537 280 124 538 281 123 539 279 124 540 281 228 541 280 229 542 282 229 543 282 125 544 283 124 545 281 125 546 283 229 547 282 230 548 284 230 549 284 126 550 285 125 551 283 126 552 285 230 553 284 231 554 286 231 555 286 127 556 287 126 557 285 127 558 287 231 559 286 232 560 288 232 561 288 128 562 289 127 563 287 128 564 289 232 565 288 233 566 290 233 567 290 129 568 291 128 569 289 129 570 291 233 571 290 234 572 292 234 573 292 130 574 293 129 575 291 130 576 293 234 577 292 235 578 294 235 579 294 131 580 295 130 581 293 131 582 295 235 583 294 236 584 296 236 585 296 132 586 297 131 587 295 132 588 297 236 589 296 237 590 298 237 591 298 133 592 299 132 593 297 133 594 299 237 595 298 238 596 300 238 597 300 134 598 301 133 599 299 71 600 172 134 601 301 238 602 300 238 603 300 175 604 173 71 605 172 44 606 412 260 607 413 259 608 414 259 609 414 45 610 415 44 611 412 43 612 416 261 613 417 260 614 413 260 615 413 44 616 412 43 617 416 45 618 415 259 619 414 258 620 418 258 621 418 46 622 419 45 623 415 42 624 420 262 625 421 261 626 417 261 627 417 43 628 416 42 629 420 46 630 419 258 631 418 257 632 422 257 633 422 47 634 423 46 635 419 41 636 424 263 637 425 262 638 421 262 639 421 42 640 420 41 641 424 47 642 423 257 643 422 256 644 426 256 645 426 48 646 427 47 647 423 40 648 428 264 649 429 263 650 425 263 651 425 41 652 424 40 653 428 48 654 427 256 655 426 255 656 430 255 657 430 49 658 431 48 659 427 39 660 432 265 661 433 264 662 429 264 663 429 40 664 428 39 665 432 49 666 431 255 667 430 254 668 434 254 669 434 50 670 435 49 671 431 38 672 436 266 673 437 265 674 433 265 675 433 39 676 432 38 677 436 50 678 435 254 679 434 253 680 438 253 681 438 51 682 439 50 683 435 37 684 440 267 685 441 266 686 437 266 687 437 38 688 436 37 689 440 51 690 439 253 691 438 252 692 442 252 693 442 52 694 443 51 695 439 52 696 443 252 697 442 251 698 448 251 699 448 53 700 449 52 701 443 143 702 450 270 703 451 269 704 446 269 705 446 144 706 445 143 707 450 53 708 449 251 709 448 250 710 452 250 711 452 54 712 453 53 713 449 142 714 454 271 715 455 270 716 451 270 717 451 143 718 450 142 719 454 54 720 453 250 721 452 249 722 456 249 723 456 55 724 457 54 725 453 141 726 458 272 727 459 271 728 455 271 729 455 142 730 454 141 731 458 55 732 457 249 733 456 248 734 460 248 735 460 56 736 461 55 737 457 140 738 462 273 739 463 272 740 459 272 741 459 141 742 458 140 743 462 56 744 461 248 745 460 247 746 464 247 747 464 57 748 465 56 749 461 139 750 466 274 751 467 273 752 463 273 753 463 140 754 462 139 755 466 57 756 465 247 757 464 246 758 468 246 759 468 58 760 469 57 761 465 138 762 470 275 763 471 274 764 467 274 765 467 139 766 466 138 767 470 58 768 469 246 769 468 245 770 472 245 771 472 59 772 473 58 773 469 137 774 474 276 775 475 275 776 476 275 777 476 138 778 477 137 779 474 59 780 473 245 781 472 244 782 478 244 783 478 60 784 479 59 785 473 136 786 480 277 787 481 276 788 475 276 789 475 137 790 474 136 791 480 60 792 479 244 793 478 243 794 482 243 795 482 61 796 483 60 797 479 135 798 484 278 799 485 277 800 481 277 801 481 136 802 480 135 803 484 61 804 483 243 805 482 242 806 486 242 807 486 62 808 487 61 809 483 62 810 487 242 811 486 241 812 492 241 813 492 63 814 493 62 815 487 68 816 494 281 817 495 280 818 489 280 819 489 69 820 488 68 821 494 63 822 493 241 823 492 240 824 496 240 825 496 64 826 497 63 827 493 64 828 497 240 829 496 239 830 502 239 831 502 65 832 503 64 833 497 26 834 504 172 835 505 171 836 499 171 837 499 27 838 498 26 839 504 25 840 510 173 841 511 172 842 505 172 843 505 26 844 504 25 845 510 4 846 509 166 847 508 165 848 512 165 849 512 5 850 513 4 851 509 5 852 513 165 853 512 164 854 518 164 855 518 6 856 519 5 857 513 22 858 520 148 859 521 147 860 515 147 861 515 23 862 514 22 863 520 6 864 519 164 865 518 163 866 522 163 867 522 7 868 523 6 869 519 21 870 524 149 871 525 148 872 521 148 873 521 22 874 520 21 875 524 7 876 523 163 877 522 162 878 526 162 879 526 8 880 527 7 881 523 20 882 528 150 883 529 149 884 525 149 885 525 21 886 524 20 887 528 8 888 527 162 889 526 161 890 530 161 891 530 9 892 531 8 893 527 19 894 532 151 895 533 150 896 529 150 897 529 20 898 528 19 899 532 9 900 531 161 901 530 160 902 534 160 903 534 10 904 535 9 905 531 18 906 536 152 907 537 151 908 533 151 909 533 19 910 532 18 911 536 10 912 535 160 913 534 159 914 538 159 915 538 11 916 539 10 917 535 17 918 540 153 919 541 152 920 537 152 921 537 18 922 536 17 923 540 11 924 539 159 925 538 158 926 542 158 927 542 12 928 543 11 929 539 16 930 544 154 931 545 153 932 541 153 933 541 17 934 540 16 935 544 12 936 543 158 937 542 157 938 546 157 939 546 13 940 547 12 941 543 15 942 548 155 943 549 154 944 545 154 945 545 16 946 544 15 947 548 13 948 547 157 949 546 156 950 550 156 951 550 14 952 551 13 953 547 14 954 551 156 955 550 155 956 549 155 957 549 15 958 548 14 959 551 35 960 32 36 961 33 37 962 34 35 963 32 37 964 34 38 965 35 35 966 32 38 967 35 39 968 36 35 969 32 39 970 36 40 971 37 35 972 32 40 973 37 41 974 38 35 975 32 41 976 38 42 977 39 35 978 32 42 979 39 43 980 40 35 981 32 43 982 40 44 983 41 34 984 31 35 985 32 44 986 41 34 987 31 44 988 41 45 989 42 34 990 31 45 991 42 46 992 43 34 993 31 46 994 43 47 995 44 34 996 31 47 997 44 48 998 45 34 999 31 48 1000 45 49 1001 46 34 1002 31 49 1003 46 50 1004 47 34 1005 31 50 1006 47 51 1007 48 34 1008 31 51 1009 48 52 1010 49 2 1011 2 34 1012 31 52 1013 49 2 1014 2 52 1015 49 53 1016 50 2 1017 2 53 1018 50 54 1019 51 2 1020 2 54 1021 51 55 1022 52 2 1023 2 55 1024 52 56 1025 53 2 1026 2 56 1027 53 57 1028 54 2 1029 2 57 1030 54 58 1031 55 2 1032 2 58 1033 55 59 1034 56 2 1035 2 59 1036 56 60 1037 57 2 1038 2 60 1039 57 61 1040 58 2 1041 2 61 1042 58 62 1043 59 2 1044 2 62 1045 59 63 1046 60 2 1047 2 63 1048 60 64 1049 61 2 1050 2 64 1051 61 65 1052 62 2 1053 2 65 1054 62 3 1055 3 33 1056 164 167 1057 163 239 1058 302 267 1059 330 268 1060 331 169 1061 332 266 1062 329 267 1063 330 169 1064 332 265 1065 328 266 1066 329 169 1067 332 264 1068 327 265 1069 328 169 1070 332 263 1071 326 264 1072 327 169 1073 332 262 1074 325 263 1075 326 169 1076 332 261 1077 324 262 1078 325 169 1079 332 260 1080 323 261 1081 324 169 1082 332 259 1083 322 260 1084 323 169 1085 332 258 1086 321 259 1087 322 169 1088 332 257 1089 320 258 1090 321 169 1091 332 256 1092 319 257 1093 320 169 1094 332 255 1095 318 256 1096 319 169 1097 332 254 1098 317 255 1099 318 169 1100 332 253 1101 316 254 1102 317 169 1103 332 252 1104 315 253 1105 316 169 1106 332 251 1107 314 252 1108 315 169 1109 332 251 1110 314 169 1111 332 168 1112 333 250 1113 313 251 1114 314 168 1115 333 249 1116 312 250 1117 313 168 1118 333 248 1119 311 249 1120 312 168 1121 333 247 1122 310 248 1123 311 168 1124 333 246 1125 309 247 1126 310 168 1127 333 245 1128 308 246 1129 309 168 1130 333 244 1131 307 245 1132 308 168 1133 333 243 1134 306 244 1135 307 168 1136 333 242 1137 305 243 1138 306 168 1139 333 241 1140 304 242 1141 305 168 1142 333 240 1143 303 241 1144 304 168 1145 333 239 1146 302 240 1147 303 168 1148 333 33 1149 164 239 1150 302 168 1151 333 71 1152 66 70 1153 65 135 1154 130 71 1155 66 135 1156 130 136 1157 131 71 1158 66 136 1159 131 137 1160 132 71 1161 66 137 1162 132 138 1163 133 71 1164 66 138 1165 133 139 1166 134 71 1167 66 139 1168 134 140 1169 135 71 1170 66 140 1171 135 141 1172 136 71 1173 66 141 1174 136 142 1175 137 71 1176 66 142 1177 137 143 1178 138 134 1179 129 71 1180 66 143 1181 138 134 1182 129 143 1183 138 144 1184 139 134 1185 129 144 1186 139 36 1187 33 133 1188 128 134 1189 129 36 1190 33 69 1191 64 70 1192 65 71 1193 66 68 1194 63 69 1195 64 71 1196 66 68 1197 63 71 1198 66 72 1199 67 68 1200 63 72 1201 67 73 1202 68 68 1203 63 73 1204 68 74 1205 69 68 1206 63 74 1207 69 75 1208 70 68 1209 63 75 1210 70 76 1211 71 68 1212 63 76 1213 71 77 1214 72 28 1215 28 68 1216 63 77 1217 72 28 1218 28 77 1219 72 78 1220 73 28 1221 28 78 1222 73 79 1223 74 28 1224 28 79 1225 74 80 1226 75 29 1227 29 28 1228 28 80 1229 75 29 1230 29 80 1231 75 81 1232 76 29 1233 29 81 1234 76 82 1235 77 29 1236 29 82 1237 77 83 1238 78 29 1239 29 83 1240 78 84 1241 79 29 1242 29 84 1243 79 85 1244 80 29 1245 29 85 1246 80 86 1247 81 29 1248 29 86 1249 81 87 1250 82 29 1251 29 87 1252 82 88 1253 83 29 1254 29 88 1255 83 89 1256 84 29 1257 29 89 1258 84 90 1259 85 29 1260 29 90 1261 85 91 1262 86 29 1263 29 91 1264 86 92 1265 87 29 1266 29 92 1267 87 93 1268 88 29 1269 29 93 1270 88 94 1271 89 29 1272 29 94 1273 89 95 1274 90 29 1275 29 95 1276 90 96 1277 91 29 1278 29 96 1279 91 97 1280 92 29 1281 29 97 1282 92 98 1283 93 29 1284 29 98 1285 93 99 1286 94 29 1287 29 99 1288 94 100 1289 95 29 1290 29 100 1291 95 101 1292 96 67 1293 140 29 1294 29 101 1295 96 67 1296 140 101 1297 96 102 1298 97 67 1299 140 102 1300 97 103 1301 98 67 1302 140 103 1303 98 104 1304 99 67 1305 140 104 1306 99 105 1307 100 67 1308 140 105 1309 100 106 1310 101 67 1311 140 106 1312 101 107 1313 102 67 1314 140 107 1315 102 108 1316 103 67 1317 140 108 1318 103 109 1319 104 67 1320 140 109 1321 104 110 1322 105 67 1323 140 110 1324 105 111 1325 106 67 1326 140 111 1327 106 112 1328 107 67 1329 140 112 1330 107 113 1331 108 67 1332 140 113 1333 108 114 1334 109 67 1335 140 114 1336 109 115 1337 110 35 1338 32 67 1339 140 115 1340 110 35 1341 32 115 1342 110 116 1343 111 35 1344 32 116 1345 111 117 1346 112 35 1347 32 117 1348 112 118 1349 113 35 1350 32 118 1351 113 119 1352 114 35 1353 32 119 1354 114 120 1355 115 35 1356 32 120 1357 115 121 1358 116 35 1359 32 121 1360 116 122 1361 117 35 1362 32 122 1363 117 123 1364 118 35 1365 32 123 1366 118 124 1367 119 35 1368 32 124 1369 119 125 1370 120 35 1371 32 125 1372 120 126 1373 121 35 1374 32 126 1375 121 127 1376 122 35 1377 32 127 1378 122 128 1379 123 36 1380 33 35 1381 32 128 1382 123 36 1383 33 128 1384 123 129 1385 124 36 1386 33 129 1387 124 130 1388 125 36 1389 33 130 1390 125 131 1391 126 36 1392 33 131 1393 126 132 1394 127 133 1395 128 36 1396 33 132 1397 127 169 1398 332 268 1399 331 269 1400 335 174 1401 334 169 1402 332 269 1403 335 278 1404 344 279 1405 345 175 1406 346 277 1407 343 278 1408 344 175 1409 346 276 1410 342 277 1411 343 175 1412 346 275 1413 341 276 1414 342 175 1415 346 274 1416 340 275 1417 341 175 1418 346 273 1419 339 274 1420 340 175 1421 346 272 1422 338 273 1423 339 175 1424 346 271 1425 337 272 1426 338 175 1427 346 270 1428 336 271 1429 337 175 1430 346 270 1431 336 175 1432 346 238 1433 347 270 1434 336 238 1435 347 237 1436 348 270 1437 336 237 1438 348 236 1439 349 270 1440 336 236 1441 349 235 1442 350 270 1443 336 235 1444 350 234 1445 351 270 1446 336 234 1447 351 233 1448 352 270 1449 336 233 1450 352 232 1451 353 269 1452 335 270 1453 336 232 1454 353 269 1455 335 232 1456 353 231 1457 354 174 1458 334 269 1459 335 231 1460 354 174 1461 334 231 1462 354 230 1463 355 174 1464 334 230 1465 355 229 1466 356 174 1467 334 229 1468 356 228 1469 357 174 1470 334 228 1471 357 227 1472 358 174 1473 334 227 1474 358 226 1475 359 174 1476 334 226 1477 359 225 1478 360 174 1479 334 225 1480 360 224 1481 361 174 1482 334 224 1483 361 223 1484 362 174 1485 334 223 1486 362 222 1487 363 174 1488 334 222 1489 363 221 1490 364 174 1491 334 221 1492 364 220 1493 365 174 1494 334 220 1495 365 219 1496 366 174 1497 334 219 1498 366 218 1499 367 174 1500 334 218 1501 367 217 1502 368 174 1503 334 217 1504 368 216 1505 369 174 1506 334 216 1507 369 215 1508 370 174 1509 334 215 1510 370 214 1511 371 174 1512 334 214 1513 371 213 1514 372 174 1515 334 213 1516 372 212 1517 373 174 1518 334 212 1519 373 211 1520 374 174 1521 334 211 1522 374 210 1523 375 174 1524 334 210 1525 375 209 1526 376 145 1527 167 174 1528 334 209 1529 376 145 1530 167 209 1531 376 208 1532 377 145 1533 167 208 1534 377 207 1535 378 145 1536 167 207 1537 378 206 1538 379 145 1539 167 206 1540 379 205 1541 380 145 1542 167 205 1543 380 204 1544 381 145 1545 167 204 1546 381 203 1547 382 145 1548 167 203 1549 382 202 1550 383 145 1551 167 202 1552 383 201 1553 384 145 1554 167 201 1555 384 200 1556 385 145 1557 167 200 1558 385 199 1559 386 145 1560 167 199 1561 386 198 1562 387 145 1563 167 198 1564 387 197 1565 388 145 1566 167 197 1567 388 196 1568 389 145 1569 167 196 1570 389 195 1571 390 145 1572 167 195 1573 390 194 1574 391 176 1575 409 175 1576 346 279 1577 345 177 1578 408 176 1579 409 279 1580 345 178 1581 407 177 1582 408 279 1583 345 179 1584 406 178 1585 407 279 1586 345 180 1587 405 179 1588 406 279 1589 345 181 1590 404 180 1591 405 279 1592 345 181 1593 404 279 1594 345 280 1595 410 181 1596 404 280 1597 410 281 1598 411 181 1599 404 281 1600 411 170 1601 168 182 1602 403 181 1603 404 170 1604 168 183 1605 402 182 1606 403 170 1607 168 184 1608 401 183 1609 402 170 1610 168 185 1611 400 184 1612 401 170 1613 168 186 1614 399 185 1615 400 170 1616 168 187 1617 398 186 1618 399 170 1619 168 188 1620 397 187 1621 398 170 1622 168 189 1623 396 188 1624 397 170 1625 168 190 1626 395 189 1627 396 170 1628 168 191 1629 394 190 1630 395 170 1631 168 192 1632 393 191 1633 394 170 1634 168 193 1635 392 192 1636 393 170 1637 168 194 1638 391 193 1639 392 170 1640 168 145 1641 167 194 1642 391 170 1643 168 36 1644 444 144 1645 445 269 1646 446 36 1647 444 269 1648 446 268 1649 447 36 1650 444 268 1651 447 267 1652 441 36 1653 444 267 1654 441 37 1655 440 69 1656 488 280 1657 489 279 1658 490 279 1659 490 278 1660 485 135 1661 484 279 1662 490 135 1663 484 70 1664 491 69 1665 488 279 1666 490 70 1667 491 27 1668 498 171 1669 499 170 1670 500 170 1671 500 281 1672 495 68 1673 494 170 1674 500 68 1675 494 28 1676 501 27 1677 498 170 1678 500 28 1679 501 3 1680 506 65 1681 503 239 1682 502 3 1683 506 239 1684 502 167 1685 507 3 1686 506 167 1687 507 166 1688 508 3 1689 506 166 1690 508 4 1691 509 23 1692 514 147 1693 515 146 1694 516 146 1695 516 173 1696 511 25 1697 510 146 1698 516 25 1699 510 24 1700 517 23 1701 514 146 1702 516 24 1703 517</p>
        </triangles>
      </mesh>
    </geometry>
  </library_geometries>
  <library_visual_scenes>
    <visual_scene id="torpedo25" name="torpedo25">
      <node name="torpedo_map" id="torpedo_map" sid="torpedo_map">
        <matrix sid="matrix">1.000000 0.000000 0.000000 3.499480 0.000000 0.000000 1.000000 0.000000 0.000000 -1.000000 0.000000 -94.899796 0.000000 0.000000 0.000000 1.000000</matrix>
        <extra>
          <technique profile="FCOLLADA">
            <visibility>1.000000</visibility>
          </technique>
        </extra>
        <node name="torpedo_frame" id="torpedo_frame" sid="torpedo_frame">
          <matrix sid="matrix">1.000000 0.000000 0.000000 -15.163735 0.000000 -0.000000 -1.000000 0.000015 0.000000 1.000000 -0.000000 33.021862 0.000000 0.000000 0.000000 1.000000</matrix>
          <instance_geometry url="#torpedo_frame-lib">
            <bind_material>
              <technique_common>
                <instance_material symbol="torpedo_pvc" target="#torpedo_pvc"/>
              </technique_common>
            </bind_material>
          </instance_geometry>
          <extra>
            <technique profile="FCOLLADA">
              <visibility>1.000000</visibility>
            </technique>
          </extra>
        </node>
        <node name="torpedo_map_ncl1_1" id="torpedo_map_ncl1_1" sid="torpedo_map_ncl1_1">
          <matrix sid="matrix">-0.000000 0.000000 1.000000 -15.163735 1.000000 0.000000 0.000000 -0.000015 0.000000 1.000000 -0.000000 64.721863 0.000000 0.000000 0.000000 1.000000</matrix>
          <instance_geometry url="#torpedo_map_ncl1_1-lib">
            <bind_material>
              <technique_common>
                <instance_material symbol="MaterialFBXASC032FBXASC03564" target="#MaterialFBXASC032FBXASC03564"/>
              </technique_common>
            </bind_material>
          </instance_geometry>
          <extra>
            <technique profile="FCOLLADA">
              <visibility>1.000000</visibility>
            </technique>
          </extra>
        </node>
      </node>
      <extra>
        <technique profile="MAX3D">
          <frame_rate>30.000000</frame_rate>
        </technique>
        <technique profile="FCOLLADA">
          <start_time>0.000000</start_time>
          <end_time>3.333333</end_time>
        </technique>
      </extra>
    </visual_scene>
  </library_visual_scenes>
  <scene>
    <instance_visual_scene url="#torpedo25"/>
  </scene>
</COLLADA>