timestamp,imu_linear_acc_x,imu_linear_acc_y,imu_linear_acc_z,imu_angular_vel_x,imu_angular_vel_y,imu_angular_vel_z,odom_pos_x,odom_pos_y,odom_pos_z,odom_vel_x,odom_vel_y,odom_vel_z,pwm_0,pwm_1,pwm_2,pwm_3,pwm_4,pwm_5,pwm_6,pwm_7
145.72,-3.721526143512303e-09,7.642746363191539e-10,9.79704976835378,1.002893774076034e-14,5.589666849118198e-14,-7.3907210669886795e-19,-0.0024225637017548764,-0.027116556775418445,-0.3997447242516225,-6.211502068591123e-14,1.284935029021235e-14,0.000164718419515264,1500.0,1500.0,1500.0,1500.0,1500.0,1500.0,1500.0,1500.0
145.74,-3.721369802657769e-09,7.642422147929628e-10,9.79659604268791,1.4596026867996302e-14,7.647004889624116e-14,-7.386784198519007e-19,-0.0024225637017548634,-0.027116556775418445,-0.39974235558798094,-4.433795729486024e-14,9.238415387488387e-15,0.0001184331820780482,1500.0,1500.0,1500.0,1500.0,1500.0,1500.0,1500.0,1500.0
145.76,-3.721311795878288e-09,7.642301091120153e-10,9.79639200752456,1.815793738385047e-14,9.180772222414365e-14,-7.353859892858632e-19,-0.0024225637017548513,-0.027116556775418445,-0.3997412461450261,-2.0464786997066644e-14,4.326817728892785e-15,5.5472147741930655e-05,1500.0,1500.0,1500.0,1500.0,1500.0,1500.0,1500.0,1500.0
145.78,-3.721331352451462e-09,7.642340315885514e-10,9.79639200752456,2.1316519228320516e-14,1.0509152853922723e-13,-7.287489182631378e-19,-0.0024225637017548513,-0.027116556775418445,-0.3997412461450261,0.0,0.0,0.0,1500.0,1500.0,1500.0,1500.0,1500.0,1500.0,1500.0,1500.0
145.8,-3.7214703779312763e-09,7.64262452912318e-10,9.796667477300335,2.2705482589227468e-14,1.092834706681402e-13,-7.211080630204902e-19,-0.0024225637017548014,-0.027116556775418445,-0.39974230925742643,2.268586693302605e-14,-4.149415464634244e-15,-5.3155620016731575e-05,1500.0,1500.0,1500.0,1500.0,1500.0,1500.0,1500.0,1500.0
145.82,-3.7214703779312763e-09,7.64262452912318e-10,9.796667477300335,2.2705482589227468e-14,1.092834706681402e-13,-7.211080630204902e-19,-0.0024225637017547728,-0.027116556775418445,-0.39974571292437144,6.607893465496271e-14,-1.327795486463101e-14,-0.00017018334725060758,1500.0,1500.0,1500.0,1500.0,1500.0,1500.0,1500.0,1500.0
145.84,-3.722064792951097e-09,7.643850160410819e-10,9.798118495765635,1.7152930105137016e-14,7.712462100665859e-14,-7.252321611839461e-19,-0.0024225637017547493,-0.027116556775418445,-0.39975065879857913,9.511127343915143e-14,-1.9293374091993315e-14,-0.0002472937103842332,1500.0,1500.0,1500.0,1500.0,1500.0,1500.0,1500.0,1500.0
145.86,-3.7225223661426038e-09,7.64479384406779e-10,9.799283124436181,1.2643038350529057e-14,5.3673314838515834e-14,-7.2816803051009485e-19,-0.0024225637017547363,-0.027116556775418445,-0.3997550399772538,8.386554787274432e-14,-1.7090219327669436e-14,-0.00021905893373419527,1500.0,1500.0,1500.0,1500.0,1500.0,1500.0,1500.0,1500.0
145.88,-3.72292520979872e-09,7.64562515176482e-10,9.800320277493084,7.326007087993338e-15,2.6981670825710108e-14,-7.293719943109733e-19,-0.0024225637017547272,-0.027116556775418445,-0.3997601948273117,9.836554815517653e-14,-2.0107906244959995e-14,-0.0002577425028932323,1500.0,1500.0,1500.0,1500.0,1500.0,1500.0,1500.0,1500.0
145.9,-3.723273640702393e-09,7.646345007125396e-10,9.80123105461358,1.5951319419105113e-15,-1.0799940777198024e-15,-7.291818234421224e-19,-0.0024225637017547246,-0.027116556775418445,-0.39976475549069923,8.675454013283438e-14,-1.7789862117988085e-14,-0.0002280331693776949,1500.0,1500.0,1500.0,1500.0,1500.0,1500.0,1500.0,1500.0
145.92,-3.7235852410026776e-09,7.646989173524262e-10,9.802061685886384,-4.165393848192428e-15,-2.864267110119744e-14,-7.288355219437326e-19,-0.0024225637017547285,-0.027116556775418445,-0.39977021525279566,1.0350658514651733e-13,-2.1296630104885052e-14,-0.00027298810482134783,1500.0,1500.0,1500.0,1500.0,1500.0,1500.0,1500.0,1500.0
145.94,-3.7239134207747698e-09,7.647666996219805e-10,9.802953701535055,-9.546961049617428e-15,-5.370378317344032e-14,-7.262179625268183e-19,-0.0024225637017547376,-0.027116556775418445,-0.3997735047504592,6.202465790384292e-14,-1.2830812807115441e-14,-0.00016447488317694603,1500.0,1500.0,1500.0,1500.0,1500.0,1500.0,1500.0,1500.0
145.96,-3.7239134207747698e-09,7.647666996219805e-10,9.802953701535055,-9.546961049617428e-15,-5.370378317344032e-14,-7.262179625268183e-19,-0.0024225637017547506,-0.027116556775418445,-0.3997758673742988,4.422452777472174e-14,-9.21514176318622e-15,-0.00011813119198123001,1500.0,1500.0,1500.0,1500.0,1500.0,1500.0,1500.0,1500.0
145.98,-3.724127508578979e-09,7.648111966712163e-10,9.80360915452352,-1.7869350476321325e-14,-9.060424891249596e-14,-7.299687075662967e-19,-0.0024225637017547628,-0.027116556775418445,-0.3997769715295989,2.036480019423447e-14,-4.306296007944949e-15,-5.520776500400615e-05,1500.0,1500.0,1500.0,1500.0,1500.0,1500.0,1500.0,1500.0
146.0,-3.724108173234852e-09,7.648073263858174e-10,9.80360915452352,-2.1045001604453817e-14,-1.0390675989737947e-13,-7.320110333098313e-19,-0.0024225637017547628,-0.027116556775418445,-0.3997769715295989,0.0,0.0,0.0,1500.0,1500.0,1500.0,1500.0,1500.0,1500.0,1500.0,1500.0
146.02,-3.7239677402241285e-09,7.647786227007048e-10,9.80332997397607,-2.2878717981141412e-14,-1.1030816459798302e-13,-7.276527705163191e-19,-0.0024225637017548127,-0.027116556775418445,-0.3997758900327226,-2.3035014136786298e-14,4.22113243307564e-15,5.407484381381167e-05,1500.0,1500.0,1500.0,1500.0,1500.0,1500.0,1500.0,1500.0
146.04,-3.7236721419593517e-09,7.647177046291159e-10,9.802615383437413,-2.087142813665073e-14,-9.762015650405753e-14,-7.235336975916527e-19,-0.0024225637017548413,-0.027116556775418445,-0.399772476657464,-6.626258626618176e-14,1.3315712988631164e-14,0.0001706687629304815,1500.0,1500.0,1500.0,1500.0,1500.0,1500.0,1500.0,1500.0
146.06,-3.723371517184453e-09,7.646556882974325e-10,9.801875920324681,-1.7537022448895448e-14,-7.91374621715658e-14,-7.262431528702404e-19,-0.0024225637017548595,-0.027116556775418445,-0.3997688769517845,-6.92808748784073e-14,1.4041893271394879e-14,0.00017998528397678015,1500.0,1500.0,1500.0,1500.0,1500.0,1500.0,1500.0,1500.0
146.08,-3.723029358618648e-09,7.64585058513948e-10,9.801014912647588,-1.312407035492887e-14,-5.6091320094474543e-14,-7.305572152560626e-19,-0.0024225637017548777,-0.027116556775418445,-0.3997631390275121,-1.0989215672362851e-13,2.2382079985889944e-14,0.0002868962136193254,1500.0,1500.0,1500.0,1500.0,1500.0,1500.0,1500.0,1500.0
146.1,-3.7225888359323735e-09,7.644941751677825e-10,9.799880743759608,-7.852820060064093e-15,-2.95829149719364e-14,-7.326594117066602e-19,-0.002422563701754887,-0.027116556775418445,-0.399757982940897,-9.838556210771189e-14,2.011204059374867e-14,0.0002578043307555067,1500.0,1500.0,1500.0,1500.0,1500.0,1500.0,1500.0,1500.0
146.12,-3.7221609755264548e-09,7.644058427113477e-10,9.798762530110897,-2.1361660337631975e-15,-1.5483050037151205e-15,-7.33124462227281e-19,-0.0024225637017548894,-0.027116556775418445,-0.3997534234425594,-8.672911233202467e-14,1.77846458879497e-14,0.0002279749168804246,1500.0,1500.0,1500.0,1500.0,1500.0,1500.0,1500.0,1500.0
146.14,-3.721849151139798e-09,7.643414007651e-10,9.797932594847548,3.646390207409783e-15,2.6122842161235135e-14,-7.352213338780415e-19,-0.0024225637017548872,-0.027116556775418445,-0.3997492350911578,-7.944135863697202e-14,1.633671417354776e-14,0.00020941757007952866,1500.0,1500.0,1500.0,1500.0,1500.0,1500.0,1500.0,1500.0
146.16,-3.721594195773637e-09,7.642886727076531e-10,9.797236348934836,9.079786300132631e-15,5.154884208429113e-14,-7.4042224120302305e-19,-0.0024225637017548764,-0.027116556775418445,-0.39974468462185353,-8.588555120836376e-14,1.7748731406171513e-14,0.00022752346521270894,1500.0,1500.0,1500.0,1500.0,1500.0,1500.0,1500.0,1500.0
146.18,-3.7213650257937997e-09,7.642412715439996e-10,9.796591032669355,1.3820466650967118e-14,7.306515877798225e-14,-7.40431959645174e-19,-0.0024225637017548634,-0.027116556775418445,-0.39974232909789253,-4.408839365356611e-14,9.187163408034532e-15,0.00011777619804975714,1500.0,1500.0,1500.0,1500.0,1500.0,1500.0,1500.0,1500.0
146.2,-3.721307346110222e-09,7.642292131161675e-10,9.796389339995025,1.7562350625215377e-14,8.931639126335723e-14,-7.348879919341745e-19,-0.0024225637017548513,-0.027116556775418445,-0.39974123119140675,-2.0245672456965418e-14,4.28181902988138e-15,5.4895324289039316e-05,1500.0,1500.0,1500.0,1500.0,1500.0,1500.0,1500.0,1500.0
146.22,-3.7213264104143364e-09,7.642330182923824e-10,9.796389339995025,2.0721994291123955e-14,1.0259277118081711e-13,-7.29889935609316e-19,-0.0024225637017548513,-0.027116556775418445,-0.39974123119140675,0.0,0.0,0.0,1500.0,1500.0,1500.0,1500.0,1500.0,1500.0,1500.0,1500.0
146.24,-3.721468365325509e-09,7.642620121771204e-10,9.796672942027932,2.2976755873126476e-14,1.1119234602618328e-13,-7.210194257883647e-19,-0.002422563701754801,-0.027116556775418445,-0.3997423345834666,2.3472602844887093e-14,-4.306553776490672e-15,-5.5169602991567146e-05,1500.0,1500.0,1500.0,1500.0,1500.0,1500.0,1500.0,1500.0
146.26,-3.721468365325509e-09,7.642620121771204e-10,9.796672942027932,2.2976755873126476e-14,1.1119234602618328e-13,-7.210194257883647e-19,-0.0024225637017547723,-0.027116556775418445,-0.39974575961849146,6.648479389749744e-14,-1.3361304407454939e-14,-0.00017125175124366177,1500.0,1500.0,1500.0,1500.0,1500.0,1500.0,1500.0,1500.0
146.28,-3.72168388374986e-09,7.643064502594699e-10,9.797178394215264,2.1128348545157864e-14,9.916273578100691e-14,-7.207399604919353e-19,-0.002422563701754754,-0.027116556775418445,-0.39974936626028285,6.941407273547745e-14,-1.4069208704470843e-14,-0.0001803320895693572,1500.0,1500.0,1500.0,1500.0,1500.0,1500.0,1500.0,1500.0
146.3,-3.7224094986463806e-09,7.644561076184019e-10,9.798992588505481,1.357337651889196e-14,5.842711291547924e-14,-7.277936678419727e-19,-0.002422563701754737,-0.027116556775418445,-0.39975460403846924,1.0033067722974163e-13,-2.043172196222792e-14,-0.00026188890931977404,1500.0,1500.0,1500.0,1500.0,1500.0,1500.0,1500.0,1500.0
146.32,-3.722810640724968e-09,7.645389096401698e-10,9.800022010848192,8.370408465717593e-15,3.215842729996141e-14,-7.283999737353146e-19,-0.0024225637017547272,-0.027116556775418445,-0.3997597442730848,9.813129519433603e-14,-2.0050937103190474e-14,-0.0002570117307781894,1500.0,1500.0,1500.0,1500.0,1500.0,1500.0,1500.0,1500.0
146.34,-3.7232032520360686e-09,7.646199706974204e-10,9.801045684901379,2.6770706972035372e-15,4.188865513496995e-15,-7.283161112119504e-19,-0.002422563701754724,-0.027116556775418445,-0.399763825385352,7.766770672017227e-14,-1.591930276265991e-14,-0.00020405561335923306,1500.0,1500.0,1500.0,1500.0,1500.0,1500.0,1500.0,1500.0
146.36,-3.7232032520360686e-09,7.646199706974204e-10,9.801045684901379,2.6770706972035372e-15,4.188865513496995e-15,-7.283161112119504e-19,-0.002422563701754727,-0.027116556775418445,-0.3997694223737963,1.0617810480166953e-13,-2.1831977045827244e-14,-0.0002798494222161496,1500.0,1500.0,1500.0,1500.0,1500.0,1500.0,1500.0,1500.0
146.38,-3.723523665228144e-09,7.646861952648362e-10,9.801896376058735,-3.1156109368142326e-15,-2.3615596319420404e-14,-7.293061456378921e-19,-0.0024225637017547346,-0.027116556775418445,-0.39977287570566455,6.520156925747079e-14,-1.3469951275425589e-14,-0.00017266659341208523,1500.0,1500.0,1500.0,1500.0,1500.0,1500.0,1500.0,1500.0
146.4,-3.724025670572079e-09,7.647900097526461e-10,9.803280761572335,-1.3371501903155273e-14,-7.116572842892872e-14,-7.30585712570832e-19,-0.002422563701754745,-0.027116556775418445,-0.39977520655390997,4.375113338473577e-14,-9.091339638096375e-15,-0.00011654241227065931,1500.0,1500.0,1500.0,1500.0,1500.0,1500.0,1500.0,1500.0
146.42,-3.724083052578657e-09,7.648020174222516e-10,9.803478323862963,-1.7348334762113185e-14,-8.86228424310843e-14,-7.32523905166178e-19,-0.0024225637017547537,-0.027116556775418445,-0.39977625485565377,1.947744985009224e-14,-4.088620834860379e-15,-5.24150871900053e-05,1500.0,1500.0,1500.0,1500.0,1500.0,1500.0,1500.0,1500.0
146.44,-3.7241294072429645e-09,7.648117134974951e-10,9.80365950287638,-2.007012262682701e-14,-9.944234910772998e-14,-7.325233524409217e-19,-0.0024225637017547706,-0.027116556775418445,-0.3997772794856641,1.861576234293273e-14,-3.995836281803799e-15,-5.123150051689063e-05,1500.0,1500.0,1500.0,1500.0,1500.0,1500.0,1500.0,1500.0
146.46,-3.7240024362598016e-09,7.647856799785755e-10,9.803401022468512,-2.175498726319421e-14,-1.0505536616078824e-13,-7.280372125002309e-19,-0.0024225637017548057,-0.027116556775418445,-0.3997762198296532,-2.1882949176147973e-14,4.135168057767142e-15,5.29828005441102e-05,1500.0,1500.0,1500.0,1500.0,1500.0,1500.0,1500.0,1500.0
146.48,-3.7238035854989955e-09,7.647447130360976e-10,9.80293870255125,-2.057082076506617e-14,-9.665262094510733e-14,-7.25697405428729e-19,-0.0024225637017548343,-0.027116556775418445,-0.39977273619357645,-6.75971447732796e-14,1.3589786485573712e-14,0.00017418180383865778,1500.0,1500.0,1500.0,1500.0,1500.0,1500.0,1500.0,1500.0
146.5,-3.7238035854989955e-09,7.647447130360976e-10,9.80293870255125,-2.057082076506617e-14,-9.665262094510733e-14,-7.25697405428729e-19,-0.0024225637017548526,-0.027116556775418445,-0.39976920449307457,-6.79893041385164e-14,1.3776648059414129e-14,0.00017658502509398932,1500.0,1500.0,1500.0,1500.0,1500.0,1500.0,1500.0,1500.0
146.52,-3.7234036741563843e-09,7.646623280215512e-10,9.801942967303583,-1.7840081413648755e-14,-8.121710999609676e-14,-7.269622344950084e-19,-0.0024225637017548673,-0.027116556775418445,-0.39976501851078816,-8.024249383744279e-14,1.6328480250641384e-14,0.00020929911432043813,1500.0,1500.0,1500.0,1500.0,1500.0,1500.0,1500.0,1500.0
146.54,-3.722623526247301e-09,7.645013651072977e-10,9.7999608507018,-8.95595364725326e-15,-3.535831773402631e-14,-7.326139216907179e-19,-0.0024225637017548794,-0.027116556775418445,-0.3997594171321949,-1.0699499115920538e-13,2.184911799305897e-14,0.00028006892966170316,1500.0,1500.0,1500.0,1500.0,1500.0,1500.0,1500.0,1500.0
146.56,-3.722623526247301e-09,7.645013651072977e-10,9.7999608507018,-8.95595364725326e-15,-3.535831773402631e-14,-7.326139216907179e-19,-0.002422563701754884,-0.027116556775418445,-0.39975430401316625,-9.735259322868269e-14,1.9944200908647593e-14,0.0002556559514338419,1500.0,1500.0,1500.0,1500.0,1500.0,1500.0,1500.0,1500.0
146.58,-3.72190978121618e-09,7.643539602178686e-10,9.79808924189391,2.2890218100468752e-15,1.9552325816737388e-14,-7.406074367961438e-19,-0.002422563701754883,-0.027116556775418445,-0.3997500276909892,-8.11556060817877e-14,1.6679903844627407e-14,0.00021381610885162772,1500.0,1500.0,1500.0,1500.0,1500.0,1500.0,1500.0,1500.0
146.6,-3.72190978121618e-09,7.643539602178686e-10,9.79808924189391,2.2890218100468752e-15,1.9552325816737388e-14,-7.406074367961438e-19,-0.0024225637017548742,-0.027116556775418445,-0.39974528157616407,-8.970990689126384e-14,1.851197463258564e-14,0.00023730574125746529,1500.0,1500.0,1500.0,1500.0,1500.0,1500.0,1500.0,1500.0
146.62,-3.7214089072734024e-09,7.642503772472293e-10,9.7967121266048,1.2654964607598519e-14,6.772464224152547e-14,-7.43981165047447e-19,-0.002422563701754864,-0.027116556775418445,-0.39974296702316736,-4.344030974238403e-14,9.02748827589004e-15,0.0001157276498353621,1500.0,1500.0,1500.0,1500.0,1500.0,1500.0,1500.0,1500.0
146.64,-3.7213517413775408e-09,7.642384128528352e-10,9.796516850528223,1.668722473185649e-14,8.555055368022772e-14,-7.402171531762191e-19,-0.002422563701754855,-0.027116556775418445,-0.39974192997523855,-1.926320923011664e-14,4.044612756263332e-15,5.1852396440454904e-05,1500.0,1500.0,1500.0,1500.0,1500.0,1500.0,1500.0,1500.0
146.66,-3.721306539080037e-09,7.642289462735211e-10,9.796340047451789,1.9534201518692533e-14,9.714123791267827e-14,-7.388125475221493e-19,-0.0024225637017548382,-0.027116556775418445,-0.3997409269827561,-1.8204463878220675e-14,3.911357713307464e-15,5.014962412286382e-05,1500.0,1500.0,1500.0,1500.0,1500.0,1500.0,1500.0,1500.0
146.68,-3.7214361738698032e-09,7.642554945559798e-10,9.796606553651838,2.1520590873935632e-14,1.0433351105804965e-13,-7.282514061098364e-19,-0.0024225637017548035,-0.027116556775418445,-0.39974202658546054,2.2619982688690507e-14,-4.2909462576399766e-15,-5.498013522231558e-05,1500.0,1500.0,1500.0,1500.0,1500.0,1500.0,1500.0,1500.0
146.7,-3.7216365548971745e-09,7.642967604255644e-10,9.797073055762134,2.0486640068846058e-14,9.667875761057562e-14,-7.285034973072414e-19,-0.002422563701754784,-0.027116556775418445,-0.39974423478510657,4.291729308682382e-14,-8.614381587386699e-15,-0.00011040998230127386,1500.0,1500.0,1500.0,1500.0,1500.0,1500.0,1500.0,1500.0
146.72,-3.721938906344571e-09,7.643590786343392e-10,9.797813967905357,1.7951250190823157e-14,8.21474761099769e-14,-7.312787205690372e-19,-0.0024225637017547576,-0.027116556775418445,-0.3997490869489916,9.34829402700901e-14,-1.8927956403121302e-14,-0.00024260819425081515,1500.0,1500.0,1500.0,1500.0,1500.0,1500.0,1500.0,1500.0
146.74,-3.7223791673821234e-09,7.644498190403198e-10,9.798927518819287,1.4136744363915365e-14,6.186730521422399e-14,-7.326145177407993e-19,-0.0024225637017547433,-0.027116556775418445,-0.39975328330385484,8.041994690167805e-14,-1.6369317155755746e-14,-0.00020981774316308766,1500.0,1500.0,1500.0,1500.0,1500.0,1500.0,1500.0,1500.0
146.76,-3.7223791673821234e-09,7.644498190403198e-10,9.798927518819287,1.4136744363915365e-14,6.186730521422399e-14,-7.326145177407993e-19,-0.0024225637017547316,-0.027116556775418445,-0.3997588893480306,1.0706539403522019e-13,-2.186797412661844e-14,-0.0002803022087882745,1500.0,1500.0,1500.0,1500.0,1500.0,1500.0,1500.0,1500.0
146.78,-3.7231375057112144e-09,7.646063521575266e-10,9.800880490859726,3.851434312555951e-15,1.0177626286183237e-14,-7.310251417816727e-19,-0.002422563701754727,-0.027116556775418445,-0.3997639987237487,9.728501918271954e-14,-1.993031145278862e-14,-0.0002554687859035454,1500.0,1500.0,1500.0,1500.0,1500.0,1500.0,1500.0,1500.0
146.8,-3.7231375057112144e-09,7.646063521575266e-10,9.800880490859726,3.851434312555951e-15,1.0177626286183237e-14,-7.310251417816727e-19,-0.002422563701754728,-0.027116556775418445,-0.3997682654136985,8.097565945353093e-14,-1.6642953804466812e-14,-0.00021333449748972555,1500.0,1500.0,1500.0,1500.0,1500.0,1500.0,1500.0,1500.0
146.82,-3.723800360901548e-09,7.647433005694738e-10,9.802649089321804,-7.346586923324817e-15,-4.342226654666372e-14,-7.311919226869212e-19,-0.002422563701754734,-0.027116556775418445,-0.39977193989796844,6.948882630761796e-14,-1.433268581712401e-14,-0.00018372421349832635,1500.0,1500.0,1500.0,1500.0,1500.0,1500.0,1500.0,1500.0
146.84,-3.7240322338516485e-09,7.647912617395885e-10,9.803296029886805,-1.2285253753080183e-14,-6.60970062036311e-14,-7.325294667790351e-19,-0.002422563701754747,-0.027116556775418445,-0.3997752870832,6.292507916666555e-14,-1.3055603975288797e-14,-0.00016735926157696035,1500.0,1500.0,1500.0,1500.0,1500.0,1500.0,1500.0,1500.0
146.86,-3.7240322338516485e-09,7.647912617395885e-10,9.803296029886805,-1.2285253753080183e-14,-6.60970062036311e-14,-7.325294667790351e-19,-0.002422563701754756,-0.027116556775418445,-0.39977631162450306,1.902614128689045e-14,-3.99593702800336e-15,-5.122706515370279e-05,1500.0,1500.0,1500.0,1500.0,1500.0,1500.0,1500.0,1500.0
146.88,-3.7241335862399096e-09,7.648124989561798e-10,9.803665790951772,-1.9332458275686623e-14,-9.633138801112555e-14,-7.356791502889406e-19,-0.002422563701754775,-0.027116556775418445,-0.39977732949658273,1.8378966603691682e-14,-3.969357895587769e-15,-5.089360398391474e-05,1500.0,1500.0,1500.0,1500.0,1500.0,1500.0,1500.0,1500.0
146.9,-3.7240001899734324e-09,7.647851798536579e-10,9.803386991651372,-2.140968430260463e-14,-1.0404213816174202e-13,-7.329325495451172e-19,-0.0024225637017548074,-0.027116556775418445,-0.3997761547586974,-2.3938641151610608e-14,4.583920079848647e-15,5.873689426783013e-05,1500.0,1500.0,1500.0,1500.0,1500.0,1500.0,1500.0,1500.0
146.92,-3.7237981804224387e-09,7.647435900403577e-10,9.802916395412886,-2.0532722090339213e-14,-9.713728651571941e-14,-7.243278531905045e-19,-0.002422563701754827,-0.027116556775418445,-0.3997739259061922,-4.330924565145718e-14,8.694902744941639e-15,0.00011144262525852877,1500.0,1500.0,1500.0,1500.0,1500.0,1500.0,1500.0,1500.0
146.94,-3.723494194209118e-09,7.646809451991306e-10,9.802171729345533,-1.814257678679231e-14,-8.32960930213775e-14,-7.248653380120662e-19,-0.002422563701754848,-0.027116556775418445,-0.39977032147979547,-6.952248651701561e-14,1.4060500549424249e-14,0.00018022131983708167,1500.0,1500.0,1500.0,1500.0,1500.0,1500.0,1500.0,1500.0
146.96,-3.7231655632699316e-09,7.646131598591654e-10,9.801351042869346,-1.4468187443690495e-14,-6.365245680516696e-14,-7.269437020739755e-19,-0.0024225637017548677,-0.027116556775418445,-0.3997648426555341,-1.0503628188693691e-13,2.1371557842694183e-14,0.0002739412130692287,1500.0,1500.0,1500.0,1500.0,1500.0,1500.0,1500.0,1500.0
146.98,-3.722690046425071e-09,7.645151141336948e-10,9.800131557546905,-9.724309928637552e-15,-3.940286899085095e-14,-7.309488755018276e-19,-0.0024225637017548777,-0.027116556775418445,-0.39976026670571135,-8.74104616058233e-14,1.7849267398589908e-14,0.0002287974911363566,1500.0,1500.0,1500.0,1500.0,1500.0,1500.0,1500.0,1500.0
147.0,-3.722690046425071e-09,7.645151141336948e-10,9.800131557546905,-9.724309928637552e-15,-3.940286899085095e-14,-7.309488755018276e-19,-0.0024225637017548838,-0.027116556775418445,-0.3997551247230302,-9.796588057826302e-14,2.00568600604562e-14,0.00025709913405724816,1500.0,1500.0,1500.0,1500.0,1500.0,1500.0,1500.0,1500.0
147.02,-3.721999725409652e-09,7.643725314317817e-10,9.79832743709871,1.3743950381646775e-15,1.508908691902575e-14,-7.381218087780758e-19,-0.002422563701754883,-0.027116556775418445,-0.39974986545210206,-9.98465508301726e-14,2.05139615585335e-14,0.00026296354640742425,1500.0,1500.0,1500.0,1500.0,1500.0,1500.0,1500.0,1500.0
147.04,-3.721631237309569e-09,7.642964419869421e-10,9.797337832031676,6.909477125259087e-15,4.1280947787010006e-14,-7.41416742010071e-19,-0.002422563701754877,-0.027116556775418445,-0.3997462043811533,-6.923161845683195e-14,1.4279848608435443e-14,0.00018305354743675117,1500.0,1500.0,1500.0,1500.0,1500.0,1500.0,1500.0,1500.0
147.06,-3.721631237309569e-09,7.642964419869421e-10,9.797337832031676,6.909477125259087e-15,4.1280947787010006e-14,-7.41416742010071e-19,-0.0024225637017548634,-0.027116556775418445,-0.39974287937913716,-6.248014079648019e-14,1.2968634604088426e-14,0.00016625010080817404,1500.0,1500.0,1500.0,1500.0,1500.0,1500.0,1500.0,1500.0
147.08,-3.7214754186493267e-09,7.642641290844497e-10,9.796895138360311,1.1906761105922322e-14,6.435491141276726e-14,-7.394750960158979e-19,-0.0024225637017548547,-0.027116556775418445,-0.3997418665319943,-1.8803561794367942e-14,3.950216907741645e-15,5.06423571439152e-05,1500.0,1500.0,1500.0,1500.0,1500.0,1500.0,1500.0,1500.0
147.1,-3.721301601474272e-09,7.64227956743139e-10,9.796331453794503,1.9159303253466483e-14,9.579414890161751e-14,-7.344939948720174e-19,-0.0024225637017548335,-0.027116556775418445,-0.3997408517255068,-1.8212033195149192e-14,3.957215282499232e-15,5.0740324375464496e-05,1500.0,1500.0,1500.0,1500.0,1500.0,1500.0,1500.0,1500.0
147.12,-3.7214213698432256e-09,7.642524835866593e-10,9.796578446231807,2.1085284726737357e-14,1.0268115579708586e-13,-7.260709656327883e-19,-0.0024225637017548053,-0.027116556775418445,-0.39974189643622704,2.1252126986691812e-14,-4.076490256770018e-15,-5.223553601330089e-05,1500.0,1500.0,1500.0,1500.0,1500.0,1500.0,1500.0,1500.0
147.14,-3.7216153138934256e-09,7.642924101864815e-10,9.797027989147903,2.043148637075379e-14,9.696440512542945e-14,-7.262981741617507e-19,-0.0024225637017547858,-0.027116556775418445,-0.39974401903706613,4.1291453945836107e-14,-8.280489888138107e-15,-0.00010613004195469955,1500.0,1500.0,1500.0,1500.0,1500.0,1500.0,1500.0,1500.0
147.16,-3.7219121890735855e-09,7.64353579975343e-10,9.79775345523232,1.8254820083444537e-14,8.414328647078615e-14,-7.287808155281939e-19,-0.0024225637017547645,-0.027116556775418445,-0.3997475253980641,6.766097106756586e-14,-1.367816840728653e-14,-0.00017531804989701083,1500.0,1500.0,1500.0,1500.0,1500.0,1500.0,1500.0,1500.0
147.18,-3.7219121890735855e-09,7.64353579975343e-10,9.79775345523232,1.8254820083444537e-14,8.414328647078615e-14,-7.287808155281939e-19,-0.0024225637017547446,-0.027116556775418445,-0.399752925374573,1.0356299034310202e-13,-2.1064514485035008e-14,-0.00026999882544731513,1500.0,1500.0,1500.0,1500.0,1500.0,1500.0,1500.0,1500.0
147.2,-3.7222365483120808e-09,7.644204595028799e-10,9.798561928292036,1.475227079672133e-14,6.532090709548345e-14,-7.316879761324911e-19,-0.002422563701754734,-0.027116556775418445,-0.3997574752351056,8.693938223645162e-14,-1.7748065027377735e-14,-0.00022749302662772308,1500.0,1500.0,1500.0,1500.0,1500.0,1500.0,1500.0,1500.0
147.22,-3.722709814386175e-09,7.645180228643386e-10,9.79977398239876,1.014413941266023e-14,4.165132525174243e-14,-7.32746981978002e-19,-0.0024225637017547277,-0.027116556775418445,-0.3997626238855803,9.811768546064557e-14,-2.0083588913643213e-14,-0.0002574325237370001,1500.0,1500.0,1500.0,1500.0,1500.0,1500.0,1500.0,1500.0
147.24,-3.7234048611499084e-09,7.646615638922924e-10,9.801587180443716,-8.193606796689182e-16,-1.2424276638524723e-14,-7.323479546625785e-19,-0.0024225637017547277,-0.027116556775418445,-0.3997679329653723,1.0083965740506094e-13,-2.070905426892494e-14,-0.0002654539895979857,1500.0,1500.0,1500.0,1500.0,1500.0,1500.0,1500.0,1500.0
147.26,-3.7237810591597676e-09,7.647392527073399e-10,9.802595297991175,-6.372417190196021e-15,-3.8772811342171384e-14,-7.311115246130489e-19,-0.0024225637017547333,-0.027116556775418445,-0.39977166473835557,7.059864002742801e-14,-1.4556172949570944e-14,-0.00018658864916476503,1500.0,1500.0,1500.0,1500.0,1500.0,1500.0,1500.0,1500.0
147.28,-3.7239429276505025e-09,7.647728228956223e-10,9.803052512016905,-1.1433823786841415e-14,-6.220795719912042e-14,-7.30748783835992e-19,-0.002422563701754746,-0.027116556775418445,-0.39977510576295927,6.472913157938282e-14,-1.3421664540394356e-14,-0.0001720512301850441,1500.0,1500.0,1500.0,1500.0,1500.0,1500.0,1500.0,1500.0
147.3,-3.724082207020718e-09,7.648017005511155e-10,9.803464231056463,-1.5633445107194973e-14,-8.095219927159089e-14,-7.322943246135725e-19,-0.002422563701754754,-0.027116556775418445,-0.39977617952730965,1.9982756740514832e-14,-4.1879631609390645e-15,-5.368821751894348e-05,1500.0,1500.0,1500.0,1500.0,1500.0,1500.0,1500.0,1500.0
147.32,-3.724082207020718e-09,7.648017005511155e-10,9.803464231056463,-1.5633445107194973e-14,-8.095219927159089e-14,-7.322943246135725e-19,-0.0024225637017547684,-0.027116556775418445,-0.39977718996605294,1.8476328252254335e-14,-3.940618760632282e-15,-5.0521937164371686e-05,1500.0,1500.0,1500.0,1500.0,1500.0,1500.0,1500.0,1500.0
147.34,-3.7241104545246883e-09,7.648077631403233e-10,9.803645365144567,-2.160157151881621e-14,-1.0563651532367984e-13,-7.310745728904975e-19,-0.0024225637017547684,-0.027116556775418445,-0.39977718996605294,0.0,0.0,0.0,1500.0,1500.0,1500.0,1500.0,1500.0,1500.0,1500.0,1500.0
147.36,-3.7238848276252968e-09,7.647614223362706e-10,9.803135457405538,-2.109972831187693e-14,-1.0037994282095672e-13,-7.260096701031427e-19,-0.002422563701754828,-0.027116556775418445,-0.3997738372176927,-6.665082892876954e-14,1.3080891327740097e-14,0.00016763741801095744,1500.0,1500.0,1500.0,1500.0,1500.0,1500.0,1500.0,1500.0
147.38,-3.7238848276252968e-09,7.647614223362706e-10,9.803135457405538,-2.109972831187693e-14,-1.0037994282095672e-13,-7.260096701031427e-19,-0.002422563701754849,-0.027116556775418445,-0.3997702050526747,-7.004931088669633e-14,1.4168692368576133e-14,0.00018160825090152155,1500.0,1500.0,1500.0,1500.0,1500.0,1500.0,1500.0,1500.0
147.4,-3.7231562429307567e-09,7.646112932478189e-10,9.801323948836997,-1.519885664810438e-14,-6.744399103450463e-14,-7.271453407678642e-19,-0.0024225637017548647,-0.027116556775418445,-0.39976616699989526,-7.747625723771557e-14,1.57515283695932e-14,0.0002019026389715739,1500.0,1500.0,1500.0,1500.0,1500.0,1500.0,1500.0,1500.0
147.42,-3.7227587116809666e-09,7.645292757750922e-10,9.800310784623656,-1.055631648223331e-14,-4.3562515026732673e-14,-7.310174947136566e-19,-0.002422563701754877,-0.027116556775418445,-0.39976115725600564,-9.575803129928978e-14,1.954142673958701e-14,0.0002504871944808418,1500.0,1500.0,1500.0,1500.0,1500.0,1500.0,1500.0,1500.0
147.44,-3.722359083295589e-09,7.64446784765104e-10,9.799276230066779,-5.180664623764611e-15,-1.6761584205345853e-14,-7.34005044313775e-19,-0.0024225637017548833,-0.027116556775418445,-0.39975599930174904,-9.829091636761061e-14,2.0119182265819388e-14,0.0002578977128298021,1500.0,1500.0,1500.0,1500.0,1500.0,1500.0,1500.0,1500.0
147.46,-3.7220595147088815e-09,7.643848741591656e-10,9.798488281572064,5.060285048285148e-16,1.0938653843895415e-14,-7.388056010392227e-19,-0.0024225637017548833,-0.027116556775418445,-0.39975064216703327,-1.01748634011251e-13,2.0895725594326195e-14,0.000267856735788885,1500.0,1500.0,1500.0,1500.0,1500.0,1500.0,1500.0,1500.0
147.48,-3.7216764807635104e-09,7.643057911500236e-10,9.797462927641337,6.101946362702781e-15,3.7538906296425925e-14,-7.417555111028249e-19,-0.0024225637017548777,-0.027116556775418445,-0.39974684464258814,-7.184494981367487e-14,1.481210861102681e-14,0.00018987622225630219,1500.0,1500.0,1500.0,1500.0,1500.0,1500.0,1500.0,1500.0
147.5,-3.7214469154197493e-09,7.642582833081512e-10,9.7968260703611,1.1208472043539757e-14,6.117948779430346e-14,-7.427488641372316e-19,-0.0024225637017548664,-0.027116556775418445,-0.3997435636273332,-6.17530627855318e-14,1.279716674546678e-14,0.00016405076274650376,1500.0,1500.0,1500.0,1500.0,1500.0,1500.0,1500.0,1500.0
147.52,-3.7213765629613577e-09,7.642436000310761e-10,9.79659925615988,1.5533140573433996e-14,8.060513612507578e-14,-7.403799179348483e-19,-0.002422563701754859,-0.027116556775418445,-0.39974237164518506,-2.2270940762664943e-14,4.649007676835666e-15,5.95991074076041e-05,1500.0,1500.0,1500.0,1500.0,1500.0,1500.0,1500.0,1500.0
147.54,-3.721319082396607e-09,7.642315848021303e-10,9.796395061158933,1.884800845085695e-14,9.466303302593171e-14,-7.372984769932003e-19,-0.002422563701754847,-0.027116556775418445,-0.3997412614935476,-2.0478251999189604e-14,4.329583139696518e-15,5.550758187256034e-05,1500.0,1500.0,1500.0,1500.0,1500.0,1500.0,1500.0,1500.0
147.56,-3.721319082396607e-09,7.642315848021303e-10,9.796395061158933,1.884800845085695e-14,9.466303302593171e-14,-7.372984769932003e-19,-0.002422563701754847,-0.027116556775418445,-0.3997412614935476,0.0,0.0,0.0,1500.0,1500.0,1500.0,1500.0,1500.0,1500.0,1500.0,1500.0
147.58,-3.721575334532021e-09,7.642840725539693e-10,9.796922609960497,2.2036826602026574e-14,1.0515003383200617e-13,-7.2892690261952955e-19,-0.0024225637017547845,-0.027116556775418445,-0.3997435155378611,4.5934714107430306e-14,-8.795455245344192e-15,-0.0001127022156738322,1500.0,1500.0,1500.0,1500.0,1500.0,1500.0,1500.0,1500.0
147.6,-3.721575334532021e-09,7.642840725539693e-10,9.796922609960497,2.2036826602026574e-14,1.0515003383200617e-13,-7.2892690261952955e-19,-0.0024225637017547623,-0.027116556775418445,-0.39974682734204225,6.400899082460311e-14,-1.2919314863441294e-14,-0.000165590209058597,1500.0,1500.0,1500.0,1500.0,1500.0,1500.0,1500.0,1500.0
147.62,-3.72217430756421e-09,7.644076276460849e-10,9.798393814343612,1.5790432778454908e-14,7.009901788604734e-14,-7.316307380162628e-19,-0.0024225637017547402,-0.027116556775418445,-0.39975206830904936,1.0065124667334843e-13,-2.0444388770990266e-14,-0.0002620483503551485,1500.0,1500.0,1500.0,1500.0,1500.0,1500.0,1500.0,1500.0
147.64,-3.72217430756421e-09,7.644076276460849e-10,9.798393814343612,1.5790432778454908e-14,7.009901788604734e-14,-7.316307380162628e-19,-0.002422563701754728,-0.027116556775418445,-0.3997570800918912,9.579981444723703e-14,-1.954997485137985e-14,-0.00025058914209230565,1500.0,1500.0,1500.0,1500.0,1500.0,1500.0,1500.0,1500.0
147.66,-3.723004003484952e-09,7.645788269689208e-10,9.800524464755433,5.577298623024708e-15,1.847804961112625e-14,-7.312531169935926e-19,-0.0024225637017547216,-0.027116556775418445,-0.3997622379900933,9.82934071468211e-14,-2.011967646986254e-14,-0.00025789491010508314,1500.0,1500.0,1500.0,1500.0,1500.0,1500.0,1500.0,1500.0
147.68,-3.7233814239560845e-09,7.646567745457649e-10,9.801516607214154,-1.8927615826203393e-16,-9.531278258654017e-15,-7.306275591136904e-19,-0.0024225637017547207,-0.027116556775418445,-0.3997661928206333,7.516073170577413e-14,-1.5426610428908302e-14,-0.0001977415269999172,1500.0,1500.0,1500.0,1500.0,1500.0,1500.0,1500.0,1500.0
147.7,-3.7236762603678737e-09,7.647177044889698e-10,9.802308057468787,-5.849774038465051e-15,-3.648914696727549e-14,-7.304112208684552e-19,-0.0024225637017547272,-0.027116556775418445,-0.3997713864460034,9.832149224270684e-14,-2.0258371490352578e-14,-0.00025968126850517415,1500.0,1500.0,1500.0,1500.0,1500.0,1500.0,1500.0,1500.0
147.72,-3.723908538327364e-09,7.647657723227405e-10,9.802950245917888,-1.1046422730825733e-14,-6.05227088560037e-14,-7.308063859963615e-19,-0.002422563701754739,-0.027116556775418445,-0.399774661805462,6.162595511119985e-14,-1.2775516191485766e-14,-0.00016376797292994016,1500.0,1500.0,1500.0,1500.0,1500.0,1500.0,1500.0,1500.0
147.74,-3.7240636427636544e-09,7.64797909811347e-10,9.803402820719386,-1.542213806299112e-14,-8.012430242231422e-14,-7.314607275401384e-19,-0.0024225637017547467,-0.027116556775418445,-0.3997758504902457,2.218722973940676e-14,-4.636257613974564e-15,-5.9434239185751636e-05,1500.0,1500.0,1500.0,1500.0,1500.0,1500.0,1500.0,1500.0
147.76,-3.7241207313988785e-09,7.64809831442615e-10,9.803606000405264,-1.880795164726934e-14,-9.448580309546766e-14,-7.319727703934174e-19,-0.002422563701754759,-0.027116556775418445,-0.39977695563899807,2.0383669113791885e-14,-4.310170949540612e-15,-5.525743761725099e-05,1500.0,1500.0,1500.0,1500.0,1500.0,1500.0,1500.0,1500.0
147.78,-3.7241006386223956e-09,7.648057764272295e-10,9.803606000405264,-2.1978674372062214e-14,-1.0770243394800212e-13,-7.312056508627319e-19,-0.002422563701754759,-0.027116556775418445,-0.39977695563899807,0.0,0.0,0.0,1500.0,1500.0,1500.0,1500.0,1500.0,1500.0,1500.0,1500.0
147.8,-3.7238626078269385e-09,7.647569466261126e-10,9.803074153637668,-2.242329962393107e-14,-1.0710290444730005e-13,-7.248863681248091e-19,-0.0024225637017548218,-0.027116556775418445,-0.39977468022988133,-4.636197430272117e-14,8.878798426115866e-15,0.00011377045583682577,1500.0,1500.0,1500.0,1500.0,1500.0,1500.0,1500.0,1500.0
147.82,-3.7235784233308306e-09,7.646983515177123e-10,9.802385428660262,-1.9966798192221568e-14,-9.251884011590583e-14,-7.242643662038153e-19,-0.002422563701754844,-0.027116556775418445,-0.39977136135492825,-6.414233276780375e-14,1.2946737713904421e-14,0.00016594374765421804,1500.0,1500.0,1500.0,1500.0,1500.0,1500.0,1500.0,1500.0
147.84,-3.7232618837301246e-09,7.646330371188109e-10,9.801600620090605,-1.628499565326566e-14,-7.258784284686073e-14,-7.260597939165583e-19,-0.002422563701754861,-0.027116556775418445,-0.3997675271004045,-7.367057391786079e-14,1.4956679375311707e-14,0.00019171272618856428,1500.0,1500.0,1500.0,1500.0,1500.0,1500.0,1500.0,1500.0
147.86,-3.7228324477979886e-09,7.645444708010909e-10,9.800506390355372,-1.1588165169310619e-14,-4.8373321259985584e-14,-7.28884939118084e-19,-0.0024225637017548764,-0.027116556775418445,-0.3997621279729107,-1.0332714446484027e-13,2.1060426720547636e-14,0.0002699563746877409,1500.0,1500.0,1500.0,1500.0,1500.0,1500.0,1500.0,1500.0
147.88,-3.7224309211775647e-09,7.644615831374578e-10,9.799469242455631,-6.1511144535745345e-15,-2.125739214276367e-14,-7.331817148615575e-19,-0.0024225637017548838,-0.027116556775418445,-0.39975696480880807,-9.843321377882465e-14,2.013954570832691e-14,0.0002581582051325304,1500.0,1500.0,1500.0,1500.0,1500.0,1500.0,1500.0,1500.0
147.9,-3.7220531628226777e-09,7.643835642251005e-10,9.79847752828622,-3.7681220857281193e-16,6.831033204248168e-15,-7.348578372455818e-19,-0.0024225637017548855,-0.027116556775418445,-0.39975198879332213,-9.459668724160759e-14,1.9409237749512925e-14,0.0002488007742967868,1500.0,1500.0,1500.0,1500.0,1500.0,1500.0,1500.0,1500.0
147.92,-3.721758144554844e-09,7.643225725932258e-10,9.797686865285355,5.3229496562212595e-15,3.3995647834998617e-14,-7.374514825473832e-19,-0.0024225637017548816,-0.027116556775418445,-0.3997479864468999,-7.582183322702497e-14,1.5611105294013996e-14,0.00020011732111135938,1500.0,1500.0,1500.0,1500.0,1500.0,1500.0,1500.0,1500.0
147.94,-3.721525859912257e-09,7.642745352188345e-10,9.797045792629728,1.0567927038940943e-14,5.835749804528675e-14,-7.410743449391772e-19,-0.0024225637017548725,-0.027116556775418445,-0.3997447031591355,-6.190456574246417e-14,1.280612967190508e-14,0.00016416438821942325,1500.0,1500.0,1500.0,1500.0,1500.0,1500.0,1500.0,1500.0
147.96,-3.721370923801925e-09,7.642424043914632e-10,9.796594593305333,1.5041870229709403e-14,7.841797772127354e-14,-7.38180214506482e-19,-0.0024225637017548595,-0.027116556775418445,-0.39974234696612476,-4.410110122789771e-14,9.189773002819228e-15,0.00011780965053775905,1500.0,1500.0,1500.0,1500.0,1500.0,1500.0,1500.0,1500.0
147.98,-3.7213140170311458e-09,7.642305326551082e-10,9.796392613804569,1.8504708137938802e-14,9.322747625177404e-14,-7.347100978247554e-19,-0.0024225637017548473,-0.027116556775418445,-0.39974124772761366,-2.027097194828598e-14,4.287014636603403e-15,5.4961925555208055e-05,1500.0,1500.0,1500.0,1500.0,1500.0,1500.0,1500.0,1500.0
148.0,-3.7213338457199595e-09,7.642345225271762e-10,9.796392613804569,2.1655103667645745e-14,1.0643525936329598e-13,-7.260586055300845e-19,-0.0024225637017548473,-0.027116556775418445,-0.39974124772761366,0.0,0.0,0.0,1500.0,1500.0,1500.0,1500.0,1500.0,1500.0,1500.0,1500.0
148.02,-3.7214753503873468e-09,7.642634635247679e-10,9.796674465162624,2.2605600658131016e-14,1.0832285332574208e-13,-7.22056383833595e-19,-0.002422563701754784,-0.027116556775418445,-0.39974354861625777,4.6867817329080157e-14,-8.97822181410088e-15,-0.00011504443220566873,1500.0,1500.0,1500.0,1500.0,1500.0,1500.0,1500.0,1500.0
148.04,-3.721770732362146e-09,7.643243594805342e-10,9.797390015222032,2.028221347503376e-14,9.426164935237941e-14,-7.230550709548891e-19,-0.002422563701754762,-0.027116556775418445,-0.39974687601174635,6.4305124917309e-14,-1.2980130351808169e-14,-0.000166369774429187,1500.0,1500.0,1500.0,1500.0,1500.0,1500.0,1500.0,1500.0
148.06,-3.722176284050892e-09,7.644079547390559e-10,9.798405942175117,1.670018621143611e-14,7.473761436443187e-14,-7.269411130377161e-19,-0.002422563701754745,-0.027116556775418445,-0.39975071616476177,7.378434995519586e-14,-1.498000678065369e-14,-0.0001920076507705426,1500.0,1500.0,1500.0,1500.0,1500.0,1500.0,1500.0,1500.0
148.08,-3.722528028303274e-09,7.644805638142771e-10,9.799295190296032,1.2103672422688809e-14,5.089169927793121e-14,-7.288234284586449e-19,-0.0024225637017547294,-0.027116556775418445,-0.39975611964930247,1.0341310811561681e-13,-2.1078041676041297e-14,-0.0002701742270350138,1500.0,1500.0,1500.0,1500.0,1500.0,1500.0,1500.0,1500.0
148.1,-3.7229301156794117e-09,7.645635660248331e-10,9.800331923983277,6.717788331016483e-15,2.3944137685395108e-14,-7.294931265626549e-19,-0.002422563701754722,-0.027116556775418445,-0.3997612837207422,9.845399886194425e-14,-2.01437940812439e-14,-0.00025820357198724775,1500.0,1500.0,1500.0,1500.0,1500.0,1500.0,1500.0,1500.0
148.12,-3.7232774791961367e-09,7.646353362798238e-10,9.801241528961128,9.582289532223098e-16,-4.168689381314962e-15,-7.299054711394192e-19,-0.0024225637017547203,-0.027116556775418445,-0.39976625765884843,9.456084860032973e-14,-1.9401876486413825e-14,-0.00024869690531115207,1500.0,1500.0,1500.0,1500.0,1500.0,1500.0,1500.0,1500.0
148.14,-3.7236819127219943e-09,7.647188209633149e-10,9.802319250575664,-4.7850857332334405e-15,-3.152207113687718e-14,-7.288173775982361e-19,-0.002422563701754724,-0.027116556775418445,-0.3997702557156036,7.574320502143303e-14,-1.559497052307399e-14,-0.00019990283775805917,1500.0,1500.0,1500.0,1500.0,1500.0,1500.0,1500.0,1500.0
148.16,-3.723936717740731e-09,7.647715329863211e-10,9.803019180236586,-1.0099922215547678e-14,-5.6288711566042596e-14,-7.290469995621705e-19,-0.0024225637017547346,-0.027116556775418445,-0.39977384324427967,6.762032967447422e-14,-1.3993266667314516e-14,-0.00017937643380372403,1500.0,1500.0,1500.0,1500.0,1500.0,1500.0,1500.0,1500.0
148.18,-3.724082805609005e-09,7.648018194190947e-10,9.803446337043477,-1.4647752728919174e-14,-7.675490647343964e-14,-7.300461461040222e-19,-0.002422563701754748,-0.027116556775418445,-0.399776081717321,4.184473950965337e-14,-8.730843823928971e-15,-0.00011192365206580401,1500.0,1500.0,1500.0,1500.0,1500.0,1500.0,1500.0,1500.0
148.2,-3.724137153505571e-09,7.648131958887571e-10,9.803642350129197,-1.818112957218022e-14,-9.19804426539679e-14,-7.3367573003883245e-19,-0.0024225637017547628,-0.027116556775418445,-0.3997771657448689,1.9852376444601533e-14,-4.227643522694059e-15,-5.420137739464703e-05,1500.0,1500.0,1500.0,1500.0,1500.0,1500.0,1500.0,1500.0
148.22,-3.724137153505571e-09,7.648131958887571e-10,9.803642350129197,-1.818112957218022e-14,-9.19804426539679e-14,-7.3367573003883245e-19,-0.0024225637017547628,-0.027116556775418445,-0.3997771657448689,0.0,0.0,0.0,1500.0,1500.0,1500.0,1500.0,1500.0,1500.0,1500.0,1500.0
148.24,-3.7239809381484764e-09,7.647813068376101e-10,9.80336536008941,-2.207262424493268e-14,-1.06062600111507e-13,-7.283053046183455e-19,-0.0024225637017548183,-0.027116556775418445,-0.3997749056575132,-4.5702364207000094e-14,8.818652580541788e-15,0.00011300436778272083,1500.0,1500.0,1500.0,1500.0,1500.0,1500.0,1500.0,1500.0
148.26,-3.7239809381484764e-09,7.647813068376101e-10,9.80336536008941,-2.207262424493268e-14,-1.06062600111507e-13,-7.283053046183455e-19,-0.0024225637017548356,-0.027116556775418445,-0.3997724108573996,-4.825194716965215e-14,9.732119662448344e-15,0.00012474000568030164,1500.0,1500.0,1500.0,1500.0,1500.0,1500.0,1500.0,1500.0
148.28,-3.7233651356583246e-09,7.646543740391323e-10,9.801858466666983,-1.6918193929703004e-14,-7.616716753625173e-14,-7.260284187857692e-19,-0.0024225637017548586,-0.027116556775418445,-0.3997674331720057,-9.569168966719761e-14,1.9417054243105343e-14,0.0002488842696962701,1500.0,1500.0,1500.0,1500.0,1500.0,1500.0,1500.0,1500.0
148.3,-3.722945033716159e-09,7.645677271731918e-10,9.800792199052314,-1.2525865905524976e-14,-5.3273228228321825e-14,-7.30264634718001e-19,-0.002422563701754873,-0.027116556775418445,-0.39976252864268236,-9.386815725664713e-14,1.9131161620258354e-14,0.00024522646616675914,1500.0,1500.0,1500.0,1500.0,1500.0,1500.0,1500.0,1500.0
148.32,-3.722945033716159e-09,7.645677271731918e-10,9.800792199052314,-1.2525865905524976e-14,-5.3273228228321825e-14,-7.30264634718001e-19,-0.002422563701754881,-0.027116556775418445,-0.39975736635126474,-9.846005959589764e-14,2.0136200457539943e-14,0.00025811457088076306,1500.0,1500.0,1500.0,1500.0,1500.0,1500.0,1500.0,1500.0
148.34,-3.7225426162276812e-09,7.644846691670257e-10,9.79975654632289,-7.289554025512668e-15,-2.6942891859043897e-14,-7.347990465453773e-19,-0.0024225637017548833,-0.027116556775418445,-0.3997528433631933,-8.601401129970296e-14,1.764221866949298e-14,0.0002261494035732392,1500.0,1500.0,1500.0,1500.0,1500.0,1500.0,1500.0,1500.0
148.36,-3.7221186725094547e-09,7.643971735312381e-10,9.798647267842494,-1.6040582523542272e-15,8.963990379465236e-16,-7.398279132082143e-19,-0.0024225637017548807,-0.027116556775418445,-0.39974872904383524,-7.801360952893256e-14,1.6047933345441526e-14,0.00020571596790197594,1500.0,1500.0,1500.0,1500.0,1500.0,1500.0,1500.0,1500.0
148.38,-3.7215671859219835e-09,7.642831304223764e-10,9.797158821018662,9.462796480101157e-15,5.330622413467409e-14,-7.464088755233387e-19,-0.002422563701754873,-0.027116556775418445,-0.3997452857017703,-6.500954226109348e-14,1.3430497287884573e-14,0.00017216710324619022,1500.0,1500.0,1500.0,1500.0,1500.0,1500.0,1500.0,1500.0
148.4,-3.721412452146951e-09,7.642510355920442e-10,9.796711901204972,1.4128239189727952e-14,7.441213624451882e-14,-7.450092023297138e-19,-0.002422563701754854,-0.027116556775418445,-0.3997419264970322,-6.284792765974234e-14,1.3101757871705356e-14,0.0001679602369047961,1500.0,1500.0,1500.0,1500.0,1500.0,1500.0,1500.0,1500.0
148.42,-3.721292396017411e-09,7.642261310453422e-10,9.79633821432518,1.783746736041597e-14,9.06192209136602e-14,-7.397463280109944e-19,-0.002422563701754837,-0.027116556775418445,-0.3997409183909414,-1.8301585567450747e-14,3.931303242134727e-15,5.040530454136771e-05,1500.0,1500.0,1500.0,1500.0,1500.0,1500.0,1500.0,1500.0
148.44,-3.72131137964488e-09,7.642299270681584e-10,9.79633821432518,2.041245625413475e-14,1.0078169730637951e-13,-7.345700519193583e-19,-0.002422563701754837,-0.027116556775418445,-0.3997409183909414,0.0,0.0,0.0,1500.0,1500.0,1500.0,1500.0,1500.0,1500.0,1500.0,1500.0
148.46,-3.7214407923442347e-09,7.642564507383761e-10,9.796603160269463,2.151437391348363e-14,1.0351253646320512e-13,-7.264795824001892e-19,-0.002422563701754791,-0.027116556775418445,-0.3997431043478989,4.381744731961184e-14,-8.52899306158967e-15,-0.00010929784787505614,1500.0,1500.0,1500.0,1500.0,1500.0,1500.0,1500.0,1500.0
148.48,-3.7217447818297506e-09,7.643190359533809e-10,9.797339964737324,1.9959303114092126e-14,9.343018191014747e-14,-7.281083755123508e-19,-0.0024225637017547736,-0.027116556775418445,-0.39974551881045817,4.672663083905598e-14,-9.41884152941519e-15,-0.00012072312796373996,1500.0,1500.0,1500.0,1500.0,1500.0,1500.0,1500.0,1500.0
148.5,-3.722041242316029e-09,7.643801930296206e-10,9.798068955588853,1.7002969752845175e-14,7.697388636112748e-14,-7.302846480665691e-19,-0.0024225637017547506,-0.027116556775418445,-0.3997504038599579,9.393421886290951e-14,-1.90560777429965e-14,-0.0002442524749873831,1500.0,1500.0,1500.0,1500.0,1500.0,1500.0,1500.0,1500.0
148.52,-3.7224966288217366e-09,7.644740640937003e-10,9.799226173605597,1.2846821238200966e-14,5.5195173293981246e-14,-7.322550896861757e-19,-0.0024225637017547376,-0.027116556775418445,-0.3997547583234646,8.335805000172431e-14,-1.698599620391446e-14,-0.00021772317533308438,1500.0,1500.0,1500.0,1500.0,1500.0,1500.0,1500.0,1500.0
148.54,-3.7228997486056874e-09,7.645572352724875e-10,9.80026212770427,7.772771025901217e-15,2.9550381425463696e-14,-7.314428621642306e-19,-0.0024225637017547277,-0.027116556775418445,-0.3997599049254321,9.825217064975176e-14,-2.0075760837056004e-14,-0.0002573300983771398,1500.0,1500.0,1500.0,1500.0,1500.0,1500.0,1500.0,1500.0
148.56,-3.7228997486056874e-09,7.645572352724875e-10,9.80026212770427,7.772771025901217e-15,2.9550381425463696e-14,-7.314428621642306e-19,-0.0024225637017547246,-0.027116556775418445,-0.3997654547888524,1.0556484398638929e-13,-2.1648430616859696e-14,-0.0002774931710136652,1500.0,1500.0,1500.0,1500.0,1500.0,1500.0,1500.0,1500.0
148.58,-3.7236289371663407e-09,7.647078278929814e-10,9.802181928405787,-3.5138413450104036e-15,-2.5327818740371108e-14,-7.316220018109137e-19,-0.0024225637017547272,-0.027116556775418445,-0.3997695578184196,7.780205996401505e-14,-1.6004496870972818e-14,-0.00020515147836075442,1500.0,1500.0,1500.0,1500.0,1500.0,1500.0,1500.0,1500.0
148.6,-3.7236289371663407e-09,7.647078278929814e-10,9.802181928405787,-3.5138413450104036e-15,-2.5327818740371108e-14,-7.316220018109137e-19,-0.0024225637017547346,-0.027116556775418445,-0.3997729849668112,6.472589270787284e-14,-1.3367832501851174e-14,-0.00017135741957885475,1500.0,1500.0,1500.0,1500.0,1500.0,1500.0,1500.0,1500.0
148.62,-3.7238743713058267e-09,7.647585994641681e-10,9.802852735901272,-8.89465253143079e-15,-5.0557487134474694e-14,-7.303520515111488e-19,-0.002422563701754745,-0.027116556775418445,-0.3997752864988279,4.319428569905531e-14,-8.976981439714717e-15,-0.00011507660083454052,1500.0,1500.0,1500.0,1500.0,1500.0,1500.0,1500.0,1500.0
148.64,-3.7240839228315843e-09,7.648021739343183e-10,9.803489412271428,-1.7515715473760166e-14,-8.914865275179431e-14,-7.355468397059762e-19,-0.0024225637017547537,-0.027116556775418445,-0.3997763142300543,1.908673032716809e-14,-4.008379963570034e-15,-5.13865613199771e-05,1500.0,1500.0,1500.0,1500.0,1500.0,1500.0,1500.0,1500.0
148.66,-3.7241286283012526e-09,7.648114986369683e-10,9.80366768538995,-2.0030918667822713e-14,-9.912213595177416e-14,-7.360281986837856e-19,-0.0024225637017547728,-0.027116556775418445,-0.3997773383387823,1.849742368018831e-14,-3.993684996322879e-15,-5.120543640213526e-05,1500.0,1500.0,1500.0,1500.0,1500.0,1500.0,1500.0,1500.0
148.68,-3.7241286283012526e-09,7.648114986369683e-10,9.80366768538995,-2.0030918667822713e-14,-9.912213595177416e-14,-7.360281986837856e-19,-0.0024225637017548053,-0.027116556775418445,-0.399776171871574,-2.3781552975824236e-14,4.551659453565281e-15,5.832336041622367e-05,1500.0,1500.0,1500.0,1500.0,1500.0,1500.0,1500.0,1500.0
148.7,-3.72368935023201e-09,7.647211920286477e-10,9.80264814906306,-1.998774605821505e-14,-9.3853990980641e-14,-7.258162531014165e-19,-0.0024225637017548335,-0.027116556775418445,-0.39977263500581967,-6.858645629363765e-14,1.3797387797520648e-14,0.00017684328771638835,1500.0,1500.0,1500.0,1500.0,1500.0,1500.0,1500.0,1500.0
148.72,-3.7233915640788853e-09,7.646597936503844e-10,9.801916187944876,-1.7171629434481698e-14,-7.807538200738793e-14,-7.270001168283209e-19,-0.0024225637017548513,-0.027116556775418445,-0.3997690739157361,-6.8525813869751e-14,1.3891259224301283e-14,0.00017805450417962554,1500.0,1500.0,1500.0,1500.0,1500.0,1500.0,1500.0,1500.0
148.74,-3.723050867953205e-09,7.645895130271543e-10,9.801060075315428,-1.3156414007276303e-14,-5.695181232225739e-14,-7.290160549782232e-19,-0.0024225637017548695,-0.027116556775418445,-0.3997633673389286,-1.0929686857540161e-13,2.2259828392722147e-14,0.0002853288403742438,1500.0,1500.0,1500.0,1500.0,1500.0,1500.0,1500.0,1500.0
148.76,-3.722610405974465e-09,7.644986582946331e-10,9.799927899321768,-8.169011220049535e-15,-3.166899091489935e-14,-7.31859656990165e-19,-0.002422563701754879,-0.027116556775418445,-0.3997582174415187,-9.828977886117613e-14,2.0087940873288492e-14,0.0002574948704953117,1500.0,1500.0,1500.0,1500.0,1500.0,1500.0,1500.0,1500.0
148.78,-3.722610405974465e-09,7.644986582946331e-10,9.799927899321768,-8.169011220049535e-15,-3.166899091489935e-14,-7.31859656990165e-19,-0.002422563701754882,-0.027116556775418445,-0.39975414295030115,-7.753906941442896e-14,1.5892893273576194e-14,0.00020372456087658364,1500.0,1500.0,1500.0,1500.0,1500.0,1500.0,1500.0,1500.0
148.8,-3.722218277973895e-09,7.644177270405299e-10,9.79890587923661,-2.6350756441344955e-15,-4.325315888068902e-15,-7.3537588767342945e-19,-0.0024225637017548794,-0.027116556775418445,-0.3997485789002199,-1.0554853043329907e-13,2.170267456510727e-14,0.0002782025040615199,1500.0,1500.0,1500.0,1500.0,1500.0,1500.0,1500.0,1500.0
148.82,-3.7215576967308997e-09,7.642812631901809e-10,9.797135624542964,8.440595589847453e-15,4.8496713721499265e-14,-7.390621116859967e-19,-0.0024225637017548716,-0.027116556775418445,-0.3997451663721694,-6.442431002611749e-14,1.3310310642550329e-14,0.00017062640252640815,1500.0,1500.0,1500.0,1500.0,1500.0,1500.0,1500.0,1500.0
148.84,-3.721404733680194e-09,7.642495120193516e-10,9.796695662395141,1.3202463122315007e-14,7.022362599418497e-14,-7.38626042472574e-19,-0.0024225637017548612,-0.027116556775418445,-0.39974288114301104,-4.2883363047835727e-14,8.91311068931583e-15,0.0001142614579174861,1500.0,1500.0,1500.0,1500.0,1500.0,1500.0,1500.0,1500.0
148.86,-3.7213496039438223e-09,7.642379871555872e-10,9.796504610911555,1.7132740487379226e-14,8.75504506589661e-14,-7.367707841505291e-19,-0.0024225637017548526,-0.027116556775418445,-0.3997418648256,-1.8869472950033654e-14,3.96375288181653e-15,5.081587055311143e-05,1500.0,1500.0,1500.0,1500.0,1500.0,1500.0,1500.0,1500.0
148.88,-3.7213496039438223e-09,7.642379871555872e-10,9.796504610911555,1.7132740487379226e-14,8.75504506589661e-14,-7.367707841505291e-19,-0.0024225637017548313,-0.027116556775418445,-0.3997408424917242,-1.8355002851582574e-14,3.986576417256167e-15,5.11166937888774e-05,1500.0,1500.0,1500.0,1500.0,1500.0,1500.0,1500.0,1500.0
148.9,-3.7213064996611152e-09,7.642289458778095e-10,9.796329468557726,1.9789924767970087e-14,9.823303231471592e-14,-7.354942140539559e-19,-0.002422563701754803,-0.027116556775418445,-0.3997418791535699,2.109925059656738e-14,-4.045094689574204e-15,-5.183309228495858e-05,1500.0,1500.0,1500.0,1500.0,1500.0,1500.0,1500.0,1500.0
148.92,-3.721720946492216e-09,7.643141475592813e-10,9.797287698916291,1.995708910111296e-14,9.397943397068847e-14,-7.274328645084634e-19,-0.002422563701754775,-0.027116556775418445,-0.39974526661742327,6.574941482675086e-14,-1.3214713596746783e-14,-0.00016937319266829842,1500.0,1500.0,1500.0,1500.0,1500.0,1500.0,1500.0,1500.0
148.94,-3.7220130106650206e-09,7.643743528830965e-10,9.798003998375126,1.7345776727803677e-14,7.916908083857644e-14,-7.304355570666112e-19,-0.002422563701754757,-0.027116556775418445,-0.3997487472427281,6.699878400589198e-14,-1.3577621234084138e-14,-0.00017403126524040413,1500.0,1500.0,1500.0,1500.0,1500.0,1500.0,1500.0,1500.0
148.96,-3.7223501428122746e-09,7.644438964253577e-10,9.798849616506505,1.3505517132014277e-14,5.880979805627782e-14,-7.323221307549966e-19,-0.0024225637017547385,-0.027116556775418445,-0.39975438645221223,1.0804197309590883e-13,-2.1997637885199054e-14,-0.00028196047420769865,1500.0,1500.0,1500.0,1500.0,1500.0,1500.0,1500.0,1500.0
148.98,-3.7223501428122746e-09,7.644438964253577e-10,9.798849616506505,1.3505517132014277e-14,5.880979805627782e-14,-7.323221307549966e-19,-0.0024225637017547285,-0.027116556775418445,-0.39975952012340726,9.800653680391286e-14,-2.0025315130609796e-14,-0.00025668355975172474,1500.0,1500.0,1500.0,1500.0,1500.0,1500.0,1500.0,1500.0
149.0,-3.7231834891895776e-09,7.646158324304728e-10,9.801002536752337,3.1712906810659907e-15,6.955375286638336e-15,-7.331063118793845e-19,-0.0024225637017547246,-0.027116556775418445,-0.3997636088850633,7.7856297992563e-14,-1.5949171301765734e-14,-0.00020443808280146136,1500.0,1500.0,1500.0,1500.0,1500.0,1500.0,1500.0,1500.0
149.02,-3.723506506649183e-09,7.646825786143574e-10,9.801857899679131,-2.487936640472871e-15,-2.043175980593244e-14,-7.332967249154833e-19,-0.002422563701754727,-0.027116556775418445,-0.39976923783114116,1.0680670921750009e-13,-2.195663895186111e-14,-0.0002814473038931231,1500.0,1500.0,1500.0,1500.0,1500.0,1500.0,1500.0,1500.0
149.04,-3.723856865327046e-09,7.647549399083077e-10,9.802803001458331,-7.936597432279367e-15,-4.6068787088176944e-14,-7.31038042253532e-19,-0.0024225637017547337,-0.027116556775418445,-0.39977272930914265,6.59694408417988e-14,-1.3618784304306806e-14,-0.00017457390007469265,1500.0,1500.0,1500.0,1500.0,1500.0,1500.0,1500.0,1500.0
149.06,-3.724017164470865e-09,7.647881633949691e-10,9.80326090836985,-1.2769785070766974e-14,-6.821167730681296e-14,-7.315169790635431e-19,-0.0024225637017547437,-0.027116556775418445,-0.39977510217087,4.45707930561137e-14,-9.255238943771432e-15,-0.00011864308636644338,1500.0,1500.0,1500.0,1500.0,1500.0,1500.0,1500.0,1500.0
149.08,-3.7240773956229848e-09,7.648007624691476e-10,9.803464410860515,-1.6797295817740677e-14,-8.609236831635678e-14,-7.350399341314879e-19,-0.0024225637017547662,-0.027116556775418445,-0.39977719613718044,3.864452517938797e-14,-8.166665109474987e-15,-0.00010469831552284425,1500.0,1500.0,1500.0,1500.0,1500.0,1500.0,1500.0,1500.0
149.1,-3.7241252312592953e-09,7.648107596783354e-10,9.80364675030219,-1.9632080409320235e-14,-9.769961256151484e-14,-7.3345856322086315e-19,-0.0024225637017547662,-0.027116556775418445,-0.39977719613718044,0.0,0.0,0.0,1500.0,1500.0,1500.0,1500.0,1500.0,1500.0,1500.0,1500.0
149.12,-3.7241252312592953e-09,7.648107596783354e-10,9.80364675030219,-1.9632080409320235e-14,-9.769961256151484e-14,-7.3345856322086315e-19,-0.0024225637017548057,-0.027116556775418445,-0.39977611574335753,-2.24936608778762e-14,4.216284226711264e-15,5.401969114526839e-05,1500.0,1500.0,1500.0,1500.0,1500.0,1500.0,1500.0,1500.0
149.14,-3.7237893734236744e-09,7.647417900605549e-10,9.802902844285324,-2.0545469019833702e-14,-9.701877351193932e-14,-7.245527200409317e-19,-0.0024225637017548257,-0.027116556775418445,-0.39977386104505286,-4.3821816948214144e-14,8.795737336145654e-15,0.00011273491523355883,1500.0,1500.0,1500.0,1500.0,1500.0,1500.0,1500.0,1500.0
149.16,-3.7234839711927847e-09,7.646788306290218e-10,9.80215350973968,-1.785570624833262e-14,-8.169567597648619e-14,-7.2450869518551355e-19,-0.002422563701754852,-0.027116556775418445,-0.39976895529681894,-9.449899897047548e-14,1.9136673673606762e-14,0.00024528741169593804,1500.0,1500.0,1500.0,1500.0,1500.0,1500.0,1500.0,1500.0
149.18,-3.7230414932287364e-09,7.645876305393683e-10,9.801033320738513,-1.393022889116297e-14,-6.084404201446856e-14,-7.271906388135347e-19,-0.0024225637017548664,-0.027116556775418445,-0.39976473478989194,-8.087650819592329e-14,1.6463115374029173e-14,0.00021102534634998005,1500.0,1500.0,1500.0,1500.0,1500.0,1500.0,1500.0,1500.0
149.2,-3.7226793590537826e-09,7.645128810199989e-10,9.800108568434853,-9.024615586272722e-15,-3.589224778282791e-14,-7.31462393445488e-19,-0.002422563701754878,-0.027116556775418445,-0.39975911629546595,-1.0729835384790589e-13,2.1915848378163995e-14,0.0002809247212992583,1500.0,1500.0,1500.0,1500.0,1500.0,1500.0,1500.0,1500.0
149.22,-3.7222834554124193e-09,7.644311603559689e-10,9.799079143326855,-3.513031060849023e-15,-8.598768375288977e-15,-7.355324176182888e-19,-0.002422563701754882,-0.027116556775418445,-0.3997550121845849,-7.814500340880525e-14,1.6008471864213764e-14,0.00020520554405156766,1500.0,1500.0,1500.0,1500.0,1500.0,1500.0,1500.0,1500.0
149.24,-3.721956707903241e-09,7.643636508379762e-10,9.798214740310701,2.1941249694866667e-15,1.900553023431708e-14,-7.384688646560292e-19,-0.00242256370175488,-0.027116556775418445,-0.39974932144476755,-1.0797641691108366e-13,2.2196851068690642e-14,0.00028453699086883333,1500.0,1500.0,1500.0,1500.0,1500.0,1500.0,1500.0,1500.0
149.26,-3.7215987612222267e-09,7.642897419580424e-10,9.797250419006833,7.68314984559664e-15,4.4910875469139614e-14,-7.407217831147147e-19,-0.002422563701754873,-0.027116556775418445,-0.39974575686412606,-6.735560046711327e-14,1.3903438209144056e-14,0.00017822903207453944,1500.0,1500.0,1500.0,1500.0,1500.0,1500.0,1500.0,1500.0
149.28,-3.7215987612222267e-09,7.642897419580424e-10,9.797250419006833,7.68314984559664e-15,4.4910875469139614e-14,-7.407217831147147e-19,-0.0024225637017548643,-0.027116556775418445,-0.3997435707798872,-4.1086985296327444e-14,8.526475186792398e-15,0.00010930421194266238,1500.0,1500.0,1500.0,1500.0,1500.0,1500.0,1500.0,1500.0
149.3,-3.7214511542654124e-09,7.642591017684321e-10,9.796827347349275,1.2592959761873709e-14,6.744207094731992e-14,-7.417379894870862e-19,-0.0024225637017548447,-0.027116556775418445,-0.399741258640236,-4.293923540754133e-14,9.017619345536865e-15,0.000115606982559191,1500.0,1500.0,1500.0,1500.0,1500.0,1500.0,1500.0,1500.0
149.32,-3.721324432372919e-09,7.642326753879956e-10,9.796394322807128,1.9796333412872776e-14,9.870628087305179e-14,-7.365842765002835e-19,-0.0024225637017548447,-0.027116556775418445,-0.399741258640236,0.0,0.0,0.0,1500.0,1500.0,1500.0,1500.0,1500.0,1500.0,1500.0,1500.0
149.34,-3.7213453565989987e-09,7.64236922993673e-10,9.796394322807128,2.2974495413745675e-14,1.1204746631415988e-13,-7.266196127145086e-19,-0.0024225637017547953,-0.027116556775418445,-0.39974229771324177,2.220759256559295e-14,-4.055624748684937e-15,-5.195365028742849e-05,1500.0,1500.0,1500.0,1500.0,1500.0,1500.0,1500.0,1500.0
149.36,-3.7216746221711526e-09,7.643045387287314e-10,9.797165097293957,2.1426750532940984e-14,1.0143242880344311e-13,-7.262908826842697e-19,-0.002422563701754773,-0.027116556775418445,-0.3997446759415814,4.6276899100074335e-14,-9.277748129176974e-15,-0.0001189114169825034,1500.0,1500.0,1500.0,1500.0,1500.0,1500.0,1500.0,1500.0
149.38,-3.7219555950902944e-09,7.643624910487126e-10,9.797849966080662,1.85207322470899e-14,8.482359370916234e-14,-7.299053284926386e-19,-0.0024225637017547537,-0.027116556775418445,-0.39974799530688493,6.402260052414179e-14,-1.2948692744980987e-14,-0.0001659682651755645,1500.0,1500.0,1500.0,1500.0,1500.0,1500.0,1500.0,1500.0
149.4,-3.7222852584233606e-09,7.644305066958688e-10,9.798674125658136,1.4487184739376164e-14,6.331276257160935e-14,-7.314412309875021e-19,-0.002422563701754734,-0.027116556775418445,-0.39975349654265885,1.0546473026415597e-13,-2.1459498309775775e-14,-0.00027506178869596276,1500.0,1500.0,1500.0,1500.0,1500.0,1500.0,1500.0,1500.0
149.42,-3.722760972514413e-09,7.645286417651912e-10,9.799895682157167,9.484502432030842e-15,3.786023114077865e-14,-7.318990137785215e-19,-0.002422563701754724,-0.027116556775418445,-0.39975807974683747,8.75511233538496e-14,-1.7878127588569404e-14,-0.00022916020893104516,1500.0,1500.0,1500.0,1500.0,1500.0,1500.0,1500.0,1500.0
149.44,-3.722760972514413e-09,7.645286417651912e-10,9.799895682157167,9.484502432030842e-15,3.786023114077865e-14,-7.318990137785215e-19,-0.0024225637017547185,-0.027116556775418445,-0.3997632195072626,9.79055596552192e-14,-2.004888823332262e-14,-0.00025698802125773135,1500.0,1500.0,1500.0,1500.0,1500.0,1500.0,1500.0,1500.0
149.46,-3.7234838220871112e-09,7.646779270918227e-10,9.801788948616634,-1.8761235072528163e-15,-1.7653071522663808e-14,-7.304992073182387e-19,-0.0024225637017547194,-0.027116556775418445,-0.3997675668145673,8.252862982786214e-14,-1.695745076012263e-14,-0.00021736536523486727,1500.0,1500.0,1500.0,1500.0,1500.0,1500.0,1500.0,1500.0
149.48,-3.7234838220871112e-09,7.646779270918227e-10,9.801788948616634,-1.8761235072528163e-15,-1.7653071522663808e-14,-7.304992073182387e-19,-0.0024225637017547277,-0.027116556775418445,-0.3997724685024851,9.268970991011097e-14,-1.911951727316005e-14,-0.0002450843958889948,1500.0,1500.0,1500.0,1500.0,1500.0,1500.0,1500.0,1500.0
149.5,-3.7239890262359263e-09,7.647824016849741e-10,9.80317473573651,-1.241219491270564e-14,-6.673280048753457e-14,-7.281698160255529e-19,-0.0024225637017547368,-0.027116556775418445,-0.3997746512209092,4.100266817456776e-14,-8.513605709130627e-15,-0.00010913592120576077,1500.0,1500.0,1500.0,1500.0,1500.0,1500.0,1500.0,1500.0
149.52,-3.7241335324286344e-09,7.648123531804676e-10,9.80360639456032,-1.656380769192588e-14,-8.503918342870858e-14,-7.310512289439049e-19,-0.0024225637017547567,-0.027116556775418445,-0.39977695663755175,4.2790906069394164e-14,-8.991610719175528e-15,-0.00011527083212670153,1500.0,1500.0,1500.0,1500.0,1500.0,1500.0,1500.0,1500.0
149.54,-3.7241152823145517e-09,7.648087383611497e-10,9.80360639456032,-1.9758232758614664e-14,-9.846652386162402e-14,-7.310755788876228e-19,-0.0024225637017547567,-0.027116556775418445,-0.39977695663755175,0.0,0.0,0.0,1500.0,1500.0,1500.0,1500.0,1500.0,1500.0,1500.0,1500.0
149.56,-3.7241152823145517e-09,7.648087383611497e-10,9.80360639456032,-1.9758232758614664e-14,-9.846652386162402e-14,-7.310755788876228e-19,-0.0024225637017547567,-0.027116556775418445,-0.39977695663755175,0.0,0.0,0.0,1500.0,1500.0,1500.0,1500.0,1500.0,1500.0,1500.0,1500.0
149.58,-3.723858659734839e-09,7.647561039378623e-10,9.803079718425739,-2.186091521470346e-14,-1.0353731366708549e-13,-7.259563207520354e-19,-0.0024225637017548287,-0.027116556775418445,-0.3997735199678785,-6.887356336492443e-14,1.3408887497605767e-14,0.00017183348366145434,1500.0,1500.0,1500.0,1500.0,1500.0,1500.0,1500.0,1500.0
149.6,-3.7234815139507225e-09,7.646783838335035e-10,9.802145975177142,-1.9006731457264354e-14,-8.71841504201277e-14,-7.280430969602507e-19,-0.002422563701754848,-0.027116556775418445,-0.39977019603780795,-6.410814067331184e-14,1.2966297005005412e-14,0.00016619650352878157,1500.0,1500.0,1500.0,1500.0,1500.0,1500.0,1500.0,1500.0
149.62,-3.7231511457586218e-09,7.646102102664212e-10,9.80132118648952,-1.5008526524862274e-14,-6.588609125210687e-14,-7.296203080630461e-19,-0.002422563701754864,-0.027116556775418445,-0.3997661536728576,-7.755811876809874e-14,1.5768340205030296e-14,0.00020211824751648066,1500.0,1500.0,1500.0,1500.0,1500.0,1500.0,1500.0,1500.0
149.64,-3.7227540413769095e-09,7.645282434806271e-10,9.80030728975321,-1.0046009218962714e-14,-4.06510835731745e-14,-7.327420108440293e-19,-0.0024225637017548777,-0.027116556775418445,-0.3997601062779597,-1.155529490083425e-13,2.358891398674569e-14,0.0003023697448950591,1500.0,1500.0,1500.0,1500.0,1500.0,1500.0,1500.0,1500.0
149.66,-3.722355097502531e-09,7.644459145317195e-10,9.79927228354552,-4.474929903194281e-15,-1.30449105035121e-14,-7.346010505198195e-19,-0.0024225637017548833,-0.027116556775418445,-0.39975496702012,-9.789236570786136e-14,2.0046191762273047e-14,0.00025696289198684497,1500.0,1500.0,1500.0,1500.0,1500.0,1500.0,1500.0,1500.0
149.68,-3.7219511588141925e-09,7.643625258760747e-10,9.798206604053926,1.3151005215740928e-15,1.4976838948008624e-14,-7.353861283419723e-19,-0.0024225637017548825,-0.027116556775418445,-0.39975062184642085,-8.248494044416264e-14,1.6948474062977846e-14,0.00021725868495636735,1500.0,1500.0,1500.0,1500.0,1500.0,1500.0,1500.0,1500.0
149.7,-3.7216743351101114e-09,7.643052510549669e-10,9.797459035262026,6.926594054636915e-15,4.15094434717077e-14,-7.4017626002173175e-19,-0.002422563701754877,-0.027116556775418445,-0.3997468251037472,-7.183007107459298e-14,1.4809052334618204e-14,0.00018983713368225796,1500.0,1500.0,1500.0,1500.0,1500.0,1500.0,1500.0,1500.0
149.72,-3.7216743351101114e-09,7.643052510549669e-10,9.797459035262026,6.926594054636915e-15,4.15094434717077e-14,-7.4017626002173175e-19,-0.002422563701754865,-0.027116556775418445,-0.3997435464361636,-6.16867672423834e-14,1.2787981588117225e-14,0.00016393337917974815,1500.0,1500.0,1500.0,1500.0,1500.0,1500.0,1500.0,1500.0
149.74,-3.72137623311699e-09,7.642434554152999e-10,9.796596220672022,1.6260253237743123e-14,8.376278328739731e-14,-7.384788716208781e-19,-0.002422563701754845,-0.027116556775418445,-0.39974124893364693,-4.2639534511942073e-14,8.960500672524106e-15,0.00011487512583396864,1500.0,1500.0,1500.0,1500.0,1500.0,1500.0,1500.0,1500.0
149.76,-3.7213195212311335e-09,7.642316335462604e-10,9.796392628750164,1.9470964187939577e-14,9.718291065543331e-14,-7.365832128420335e-19,-0.002422563701754845,-0.027116556775418445,-0.39974124893364693,0.0,0.0,0.0,1500.0,1500.0,1500.0,1500.0,1500.0,1500.0,1500.0,1500.0
149.78,-3.721340128108165e-09,7.642358159049281e-10,9.796392628750164,2.2640190213033972e-14,1.1036990492656527e-13,-7.252190020171007e-19,-0.002422563701754845,-0.027116556775418445,-0.39974124893364693,0.0,0.0,0.0,1500.0,1500.0,1500.0,1500.0,1500.0,1500.0,1500.0,1500.0
149.8,-3.7215775681465757e-09,7.642845722590242e-10,9.796923387256637,2.207573521617037e-14,1.0475001930097197e-13,-7.227049902465028e-19,-0.0024225637017547823,-0.027116556775418445,-0.3997435187588111,4.625612775147718e-14,-8.857032307722837e-15,-0.00011349125820792061,1500.0,1500.0,1500.0,1500.0,1500.0,1500.0,1500.0,1500.0
149.82,-3.721861115870084e-09,7.643430381223321e-10,9.797612004004764,1.9365948716993564e-14,8.907949499131257e-14,-7.255376230328405e-19,-0.0024225637017547537,-0.027116556775418445,-0.39974803822044686,8.72720860823274e-14,-1.7630306438291975e-14,-0.0002259730817882888,1500.0,1500.0,1500.0,1500.0,1500.0,1500.0,1500.0,1500.0
149.84,-3.722286737052207e-09,7.644308007718873e-10,9.798684341758419,1.544290018316595e-14,6.817433854451339e-14,-7.285604443579595e-19,-0.002422563701754738,-0.027116556775418445,-0.3997520846299803,7.763696293690545e-14,-1.578449524064661e-14,-0.00020232047667212427,1500.0,1500.0,1500.0,1500.0,1500.0,1500.0,1500.0,1500.0
149.86,-3.7226845073948904e-09,7.645128642653261e-10,9.799698679727404,1.0572879358271052e-14,4.324553148931582e-14,-7.287269056336338e-19,-0.002422563701754726,-0.027116556775418445,-0.39975710056594993,9.587869835655942e-14,-1.9566175471260087e-14,-0.00025079679848161174,1500.0,1500.0,1500.0,1500.0,1500.0,1500.0,1500.0,1500.0
149.88,-3.7230839819823113e-09,7.645953421582514e-10,9.800733650189446,5.0404518969867404e-15,1.577601341599888e-14,-7.295774849131657e-19,-0.0024225637017547194,-0.027116556775418445,-0.39976226097376555,9.834107571058744e-14,-2.012946662439581e-14,-0.0002580203907809331,1500.0,1500.0,1500.0,1500.0,1500.0,1500.0,1500.0,1500.0
149.9,-3.723383113103591e-09,7.646571775337633e-10,9.801521362736707,-7.581409745086177e-16,-1.2320153353960158e-14,-7.2874806400488175e-19,-0.0024225637017547194,-0.027116556775418445,-0.39976761627435226,1.0171764668185699e-13,-2.088936496503622e-14,-0.00026776502933534285,1500.0,1500.0,1500.0,1500.0,1500.0,1500.0,1500.0,1500.0
149.92,-3.723383113103591e-09,7.646571775337633e-10,9.801521362736707,-7.581409745086177e-16,-1.2320153353960158e-14,-7.2874806400488175e-19,-0.002422563701754725,-0.027116556775418445,-0.3997714088816243,7.175417108154722e-14,-1.4793481201637553e-14,-0.00018963036360342134,1500.0,1500.0,1500.0,1500.0,1500.0,1500.0,1500.0,1500.0
149.94,-3.7239937492774722e-09,7.647833381440168e-10,9.803180504573513,-1.1534464686829144e-14,-6.273887893154863e-14,-7.272549981150805e-19,-0.0024225637017547368,-0.027116556775418445,-0.39977468123159393,6.156879453626172e-14,-1.2763777821197163e-14,-0.00016361749848037288,1500.0,1500.0,1500.0,1500.0,1500.0,1500.0,1500.0,1500.0
149.96,-3.7240633431335083e-09,7.647979108109643e-10,9.80340620751112,-1.586983411850847e-14,-8.206630314773272e-14,-7.297177024413532e-19,-0.0024225637017547446,-0.027116556775418445,-0.3997758678046872,2.2147121124208447e-14,-4.628020827794838e-15,-5.9328654664070335e-05,1500.0,1500.0,1500.0,1500.0,1500.0,1500.0,1500.0,1500.0
149.98,-3.724119845827486e-09,7.64809681210721e-10,9.80360865626195,-1.9156750194506917e-14,-9.594749399568739e-14,-7.308654983962057e-19,-0.0024225637017547567,-0.027116556775418445,-0.3997769694035206,2.031624327291239e-14,-4.296324102920066e-15,-5.507994166875642e-05,1500.0,1500.0,1500.0,1500.0,1500.0,1500.0,1500.0,1500.0
150.0,-3.724119845827486e-09,7.64809681210721e-10,9.80360865626195,-1.9156750194506917e-14,-9.594749399568739e-14,-7.308654983962057e-19,-0.0024225637017547567,-0.027116556775418445,-0.3997769694035206,0.0,0.0,0.0,1500.0,1500.0,1500.0,1500.0,1500.0,1500.0,1500.0,1500.0
150.02,-3.723860012749719e-09,7.647564386792023e-10,9.80307302582962,-2.2249471820847713e-14,-1.0598126502454361e-13,-7.232530351343904e-19,-0.0024225637017548196,-0.027116556775418445,-0.39977467536915984,-4.671573115354901e-14,8.951448565856557e-15,0.00011470171803751317,1500.0,1500.0,1500.0,1500.0,1500.0,1500.0,1500.0,1500.0
150.04,-3.723575552458483e-09,7.646977916355497e-10,9.80238282073161,-1.9677308583826313e-14,-9.079153422939701e-14,-7.233298561890638e-19,-0.0024225637017548417,-0.027116556775418445,-0.3997713490590277,-6.428355055624167e-14,1.2975739603610265e-14,0.00016631550660561878,1500.0,1500.0,1500.0,1500.0,1500.0,1500.0,1500.0,1500.0
150.06,-3.7232589713258344e-09,7.646324364635371e-10,9.801596854542986,-1.5890240045767886e-14,-7.037313253076086e-14,-7.281396503128125e-19,-0.002422563701754864,-0.027116556775418445,-0.39976609441939603,-1.0090842469696222e-13,2.049725498205682e-14,0.0002627319815845519,1500.0,1500.0,1500.0,1500.0,1500.0,1500.0,1500.0,1500.0
150.08,-3.7228296252927185e-09,7.645438619308104e-10,9.800501547386654,-1.1079244191977888e-14,-4.5717636319788676e-14,-7.308764738094621e-19,-0.002422563701754876,-0.027116556775418445,-0.3997610754303563,-9.593356996378647e-14,1.9577476594630454e-14,0.00025094945198533836,1500.0,1500.0,1500.0,1500.0,1500.0,1500.0,1500.0,1500.0
150.1,-3.722428436455959e-09,7.644610562562802e-10,9.799463825457966,-5.588175564597996e-15,-1.8377018493014195e-14,-7.336667543343902e-19,-0.0024225637017548825,-0.027116556775418445,-0.39975591477665934,-9.834213228198847e-14,2.0129699935090637e-14,0.00025803268484947406,1500.0,1500.0,1500.0,1500.0,1500.0,1500.0,1500.0,1500.0
150.12,2.2254848891952697e-05,-0.10929585195837865,9.798379875523185,-0.0009336470514299891,-2.0986593846821831e-07,1.226835919573342e-09,-0.0024225389272268614,-0.02713626551764883,-0.399751031499347,2.005791772678062e-07,-0.0009854388433934403,0.0002441578482741043,1504.0,1496.0,1504.0,1496.0,1500.0,1500.0,1500.0,1500.0
150.14,2.218402750139064e-05,-0.10883653395343082,9.797534658014252,-0.0015658517203922416,-3.43457884064357e-07,2.2816428550052753e-09,-0.0024224592812563763,-0.027199622120670675,-0.39974682606081174,6.450246088067482e-07,-0.003167837458930376,0.00021019227659113964,1504.0,1496.0,1504.0,1496.0,1500.0,1500.0,1500.0,1500.0
150.16,2.2120733638208023e-05,-0.1083924758532739,9.796891844471114,-0.0019109959279657318,-4.091590025920974e-07,3.0894274863950277e-09,-0.002422325119421831,-0.027306337769360242,-0.39974362784846734,1.0869040392568497e-06,-0.0053357952207096935,0.00015960860462808192,1504.0,1496.0,1504.0,1496.0,1500.0,1500.0,1500.0,1500.0
150.18,2.2120733638208023e-05,-0.1083924758532739,9.796891844471114,-0.0019109959279657318,-4.091590025920974e-07,3.0894274863950277e-09,-0.0024090049201242214,-0.027450817276927848,-0.3997416821038686,0.0006583993031114277,-0.007224681834481104,9.660716197249098e-05,1504.0,1496.0,1504.0,1496.0,1500.0,1500.0,1500.0,1500.0
150.2,1.3662374857101292,0.24788998864809134,9.796369726054186,0.0005641901482043273,-0.007643425266407774,1.4993476029391883e-05,-0.0022197392003597796,-0.027568114938797003,-0.39974113530009564,0.009457102411507769,-0.005874853499121031,2.606531075399309e-05,1504.0,1496.0,1504.0,1496.0,1500.0,1500.0,1500.0,1500.0
150.22,1.3552189399869272,0.2468205574693691,9.796513322890355,0.0028980681886951036,-0.017893604935457108,3.785785022957941e-05,-0.001603576339488668,-0.027605217923597256,-0.39974196973423604,0.030806158227870372,-0.0018876163186857073,-4.993134108945535e-05,1441.0,1459.0,1541.0,1559.0,1500.0,1500.0,1500.0,1500.0
150.24,1.3552189399869272,0.2468205574693691,9.796513322890355,0.0028980681886951036,-0.017893604935457108,3.785785022957941e-05,-0.00041616202502339403,-0.02753836271853454,-0.3997439326317261,0.05937413555336304,0.0032801354964830344,-0.00013543449099975074,1408.0,1434.0,1566.0,1592.0,1500.0,1500.0,1500.0,1500.0
150.26,2.086376625215697,0.3540279013249601,9.797405766816581,0.00633162868822175,-0.03580982417539517,8.884973834720278e-05,0.0015692730029595308,-0.027335125227792068,-0.39974638739588575,0.09928221339268624,0.010057007968181226,-0.00024147013179587391,1408.0,1434.0,1566.0,1592.0,1500.0,1500.0,1500.0,1500.0
150.28,2.4628378117793175,0.35215362605432887,9.797934829280987,0.007038796611165792,-0.04198647010638402,0.00011387061311640336,0.004406746685011068,-0.026989962523326878,-0.39974850105531873,0.14189140250653912,0.017107969089279685,-0.0003800448580153706,1408.0,1434.0,1566.0,1592.0,1500.0,1500.0,1500.0,1500.0
150.3,2.375560841576841,0.34975471312253503,9.798319009052914,0.007129861861502179,-0.04587204577904186,0.00013688682359537676,0.008198598507555983,-0.026504074351909948,-0.3997491345079185,0.18961743221837446,0.02409324823897299,-0.0005615775791384591,1392.0,1418.0,1582.0,1608.0,1500.0,1500.0,1500.0,1500.0
150.32,2.926433779731281,0.346998369166756,9.798177169389012,0.006797379431534395,-0.05314240608665891,0.00016765881170960196,0.013071980276207382,-0.025878825773502038,-0.3997468417082527,0.24370092154358355,0.031003156328344134,-0.0008023952532650559,1392.0,1418.0,1582.0,1608.0,1500.0,1500.0,1500.0,1500.0
150.34,2.7675190014035493,0.34358381268257754,9.797443322164233,0.00620121186499216,-0.055796782129380856,0.00019120064527396773,0.019092374551559613,-0.025115840800183944,-0.39974032923468733,0.30105831607730626,0.037827891175043524,-0.0011315116821034856,1367.0,1393.0,1607.0,1633.0,1500.0,1500.0,1500.0,1500.0
150.36,2.825285522490001,0.33970215211884836,9.795832732934015,0.005463508411947201,-0.057837929771588074,0.00021358594897608244,0.026234927050691477,-0.0242170220149764,-0.3997287511162818,0.35717265474232185,0.04455825346638327,-0.0015552507935422278,1367.0,1393.0,1607.0,1633.0,1500.0,1500.0,1500.0,1500.0
150.38,2.825285522490001,0.33970215211884836,9.795832732934015,0.005463508411947201,-0.057837929771588074,0.00021358594897608244,0.03447355291865509,-0.023184422819737767,-0.399711653804067,0.41198220154293913,0.05118671754580214,-0.002086468382290178,1358.0,1384.0,1616.0,1642.0,1500.0,1500.0,1500.0,1500.0
150.4,2.4104140665841687,0.33039093430008,9.789879940220963,0.00390887532347312,-0.05584159116225234,0.00024474225620419983,0.04372178432075765,-0.022020307676717334,-0.39968943816448743,0.4624674953756062,0.05770595241222602,-0.0027259049499280675,1358.0,1384.0,1616.0,1642.0,1500.0,1500.0,1500.0,1500.0
150.42,2.4104140665841687,0.33039093430008,9.789879940220963,0.00390887532347312,-0.05584159116225234,0.00024474225620419983,0.05389119547250416,-0.02072706391111991,-0.3996630932391728,0.5085303214610948,0.06410994912524501,-0.003471084457760574,1358.0,1384.0,1616.0,1642.0,1500.0,1500.0,1500.0,1500.0
150.44,2.200474767191176,0.32509144384662403,9.785717216732047,0.003201336432418862,-0.05327168948557842,0.0002551820359113789,0.06496395650166481,-0.019307094341067872,-0.3996334153379199,0.5537002523039607,0.07039413100934414,-0.004329934970288057,1346.0,1372.0,1628.0,1654.0,1500.0,1500.0,1500.0,1500.0
150.46,2.2942371463810627,0.3194917424842266,9.780960149789733,0.0025811182996235632,-0.05366047059464394,0.0002695680651866679,0.07690367224024207,-0.01776291794537006,-0.3996017114582981,0.597048462868749,0.07655365746381501,-0.00532687538030852,1346.0,1372.0,1628.0,1654.0,1500.0,1500.0,1500.0,1500.0
150.48,1.9450818259810485,0.30728337263391436,9.771015065284926,0.001641450147855353,-0.0524123279984336,0.00029159502510516807,0.08964396683541054,-0.016097172967866627,-0.3995697960107329,0.6370754688179471,0.08258420918180662,-0.0064592225489209735,1342.0,1368.0,1632.0,1658.0,1500.0,1500.0,1500.0,1500.0
150.5,1.7332455647670342,0.3008160697902276,9.766572131669337,0.0013183730303152567,-0.050852849066643724,0.00029966297766360114,0.10310280952777082,-0.014312587947994566,-0.3995397970785476,0.6729981651548345,0.088482175147005,-0.007715873043455783,1342.0,1368.0,1632.0,1658.0,1500.0,1500.0,1500.0,1500.0
150.52,1.5397629192479088,0.29417388082449736,9.763024595508483,0.001081602298629136,-0.04864478398529377,0.00030586119178650746,0.11719223805607104,-0.012411959037507138,-0.3995138941994838,0.7045198891776498,0.09424458455523942,-0.009069313002467003,1342.0,1368.0,1632.0,1658.0,1500.0,1500.0,1500.0,1500.0
150.54,1.3653416867042074,0.2873968147575606,9.76072537055118,0.0009189019014357972,-0.04597607159798445,0.00031062207898344726,0.13183179656057803,-0.010398122722770594,-0.3994939834190211,0.7320161536303319,0.09986910520835507,-0.01048559086443655,1342.0,1368.0,1632.0,1658.0,1500.0,1500.0,1500.0,1500.0
150.56,1.209842122893774,0.2805207671545944,9.759935680779753,0.0008170572163990593,-0.042988075005021185,0.0003142775685754234,0.14694882612032198,-0.008273945939858937,-0.3994815099107498,0.7558772386370323,0.10535388308181999,-0.01192648482270987,1342.0,1368.0,1632.0,1658.0,1500.0,1500.0,1500.0,1500.0
150.58,1.0725312004025942,0.16519880445020232,9.760800785455888,0.00012386041255538972,-0.03979186657091142,0.0003170937300910332,0.16247842556400338,-0.0060514931945168035,-0.39947735220157776,0.7764911616762535,0.11023872461454742,-0.013351089127544949,1342.0,1368.0,1632.0,1658.0,1500.0,1500.0,1500.0,1500.0
150.6,0.9522008437854348,0.16082278517896526,9.76333761592199,-0.0006629384199027182,-0.0364774754754583,0.000319301481814626,0.17836317048596687,-0.0037650650444826525,-0.3994817628027206,0.7942313067951814,0.11341167771855158,-0.014716927013004952,1346.0,1364.0,1636.0,1654.0,1500.0,1500.0,1500.0,1500.0
150.62,0.5383735405982382,0.15635225709872874,9.767482195859161,-0.0011241747826764325,-0.031264372602023985,0.00031764110651077775,0.19453325890514986,-0.0014191074254815662,-0.39949464658345524,0.8084812845494452,0.11636633643843441,-0.01598221556428222,1346.0,1364.0,1636.0,1654.0,1500.0,1500.0,1500.0,1500.0
150.64,0.49213725922963386,0.15197568235176392,9.773182939825974,-0.0013363774508656976,-0.025036718952160676,0.00031341636963975756,0.21085565296797215,0.0009845246622665303,-0.3995165868244417,0.8160804198611121,0.11923592943501796,-0.017078862660017877,1358.0,1376.0,1624.0,1642.0,1500.0,1500.0,1500.0,1500.0
150.66,0.49213725922963386,0.15197568235176392,9.773182939825974,-0.0013363774508656976,-0.025036718952160676,0.00031341636963975756,0.22724925163604937,0.003462421752447722,-0.39954671315088874,0.8196284419713724,0.12293986038230391,-0.017954808431915444,1358.0,1376.0,1624.0,1642.0,1500.0,1500.0,1500.0,1500.0
150.68,-0.08017387886164198,0.36408064681746816,9.780225536514964,-8.586118816042509e-05,-0.01596531821047317,0.000303155927270595,0.243547813554767,0.006075435913188067,-0.39958535026183994,0.8148720063517404,0.12969576695026225,-0.018540664474312636,1371.0,1405.0,1595.0,1629.0,1500.0,1500.0,1500.0,1500.0
150.7,-0.8427445027845253,1.2359224338671926,9.797556874022526,0.007959217887559676,0.006265856078504578,0.0002709757806102336,0.25967843497058685,0.008900354379443334,-0.399630547863707,0.8064809540905244,0.1402949090819558,-0.018807383120512108,1371.0,1405.0,1595.0,1629.0,1500.0,1500.0,1500.0,1500.0
150.72,-0.6999950155597215,1.1975524202076435,9.80741077439922,0.01500901797274811,0.018869171310785516,0.00024927537090070677,0.2754196522367702,0.012190560042434781,-0.3996827534913066,0.7870380485560672,0.16357423660607157,-0.018704980703849707,1371.0,1471.0,1529.0,1629.0,1500.0,1500.0,1500.0,1500.0
150.74,-1.7227377650790392,3.3946052551960086,9.81735280219826,0.03661128201310526,0.03806846655750481,0.00021342617940054364,0.2906305529455236,0.016279876110294363,-0.3997400222697881,0.7605774903345941,0.2035503700178763,-0.018235629071420806,1371.0,1471.0,1529.0,1629.0,1500.0,1500.0,1500.0,1500.0
150.76,-1.4830485074402204,3.235186742257971,9.827750211540057,0.05359922878594023,0.05239772967727474,0.00018347400148953445,0.30508883063512104,0.0217015332632543,-0.39980081078010665,0.7230424463080204,0.2701956074706685,-0.017431381080906867,1333.0,1601.0,1399.0,1667.0,1500.0,1500.0,1500.0,1500.0
150.78,-2.3262933466052993,4.7652603549111054,9.837155485044702,0.07828993929627498,0.07105445836809289,0.0001430208881154436,0.3186868679019842,0.028716470719500533,-0.39986006992398304,0.680152013949104,0.34989043989102375,-0.016405469121615238,1309.0,1709.0,1291.0,1691.0,1500.0,1500.0,1500.0,1500.0
150.8,-2.3262933466052993,4.7652603549111054,9.837155485044702,0.07828993929627498,0.07105445836809289,0.0001430208881154436,0.3312948767223043,0.037603678640179584,-0.3999119544210168,0.6307982504990128,0.44353981577837825,-0.015303319932997947,1309.0,1709.0,1291.0,1691.0,1500.0,1500.0,1500.0,1500.0
150.82,-2.053032824185727,4.415410241890178,9.845798507652695,0.09411637091936448,0.08200091256371327,0.0001136944580957502,0.34302659971654736,0.04821539874092802,-0.3999475137660085,0.5871298070951441,0.5297958883698672,-0.014264300923238358,1309.0,1709.0,1291.0,1691.0,1500.0,1500.0,1500.0,1500.0
150.84,-2.638671613075157,3.641623818487868,9.853955124815728,0.10498421672062282,0.08844297615913133,7.259988982414824e-05,0.35395249355472286,0.060391377400314535,-0.39995995128511586,0.5469771137402566,0.6080394450168634,-0.013381335541338427,1309.0,1709.0,1291.0,1691.0,1500.0,1500.0,1500.0,1500.0
150.86,-2.39717403580561,3.2523723180564463,9.85190953162003,0.10419782255708922,0.09291895943834576,4.429783217072296e-05,0.36386990481334863,0.07396628696974102,-0.39994807092659884,0.49668095480733,0.6780346071535076,-0.012691137888074421,1309.0,1709.0,1291.0,1691.0,1500.0,1500.0,1500.0,1500.0
150.88,-2.3057641552329953,2.879406747289264,9.845307431712506,0.1010841873868868,0.09255186371792357,2.1318033984558377e-05,0.37278450358858195,0.08877700470349167,-0.3999101644380188,0.4466569214508812,0.7398788033946313,-0.01223211306395489,1346.0,1746.0,1254.0,1654.0,1500.0,1500.0,1500.0,1500.0
150.9,-2.1370311224834637,2.531733295893101,9.83418376096995,0.09648191201737168,0.08857039003122763,2.1712834682053157e-06,0.38075110035286674,0.10466751942734256,-0.3998464330722168,0.39936062015479334,0.7939228984313825,-0.01207909064581648,1350.0,1750.0,1250.0,1650.0,1500.0,1500.0,1500.0,1500.0
150.92,-1.9977265446881813,2.214868883048837,9.818968025358565,0.09095348625082583,0.08194812188357539,-1.3816656495358771e-05,0.3878407551779646,0.1214924895466951,-0.39975951536856275,0.35560424019597947,0.8406965804673957,-0.012294362462296055,1350.0,1750.0,1250.0,1650.0,1500.0,1500.0,1500.0,1500.0
150.94,-1.8818841860233577,1.9314673550105592,9.80056200632775,0.0848780494624909,0.07385491699155587,-2.7641473317234532e-05,0.3941151717226141,0.1391194092994208,-0.399654427178249,0.3149207206668927,0.8808389533148411,-0.012922957860390097,1350.0,1750.0,1250.0,1650.0,1500.0,1500.0,1500.0,1500.0
150.96,-1.7850502461995,1.6819444849260816,9.78024187887885,0.07851417019970933,0.06514326116637671,-3.9848072410612176e-05,0.39962620209975125,0.15742964240494658,-0.3995380350656933,0.27681899986165737,0.9150408583760345,-0.01398797598189995,1350.0,1750.0,1250.0,1650.0,1500.0,1500.0,1500.0,1500.0
150.98,-1.7038794878315944,1.4651181502122546,9.75953278511725,0.07204127705185383,0.05641128877585106,-5.0718180933562706e-05,0.4044175119781299,0.17631855822510167,-0.3994183720095602,0.24089158212215517,0.9440003353863918,-0.015487998809191494,1350.0,1750.0,1250.0,1650.0,1500.0,1500.0,1500.0,1500.0
151.0,-1.6358492317965447,1.2787677770299726,9.74005975446834,0.06558582249248562,0.048059149504580796,-6.039358463429612e-05,0.40852587136031804,0.19569502657318336,-0.3993038837004057,0.20679546252504538,0.9683909715430843,-0.017394965254908946,1350.0,1750.0,1250.0,1650.0,1500.0,1500.0,1500.0,1500.0
151.02,-1.6358492317965447,1.2787677770299726,9.74005975446834,0.06558582249248562,0.048059149504580796,-6.039358463429612e-05,0.4119821645783496,0.2154804967687532,-0.3992026685067276,0.17423784681770882,0.9888414066566021,-0.019653659245150914,1350.0,1750.0,1250.0,1650.0,1500.0,1500.0,1500.0,1500.0
151.04,-1.532050565048126,0.9859965129059485,9.710883402633584,0.05306103228397533,0.0333768163605354,-7.645011350821886e-05,0.4148121854146162,0.23560784146234956,-0.3991217726706639,0.14296528552622664,1.0059237137584207,-0.022183461376564583,1350.0,1750.0,1250.0,1650.0,1500.0,1500.0,1500.0,1500.0
151.06,-1.493756604125113,0.8734212879919688,9.703561674535923,0.04710169864808634,0.027234787303384887,-8.294564990539819e-05,0.417037264624398,0.2560201002990024,-0.3990665967645572,0.11275527370068857,1.0201483722650984,-0.02488254525713025,1350.0,1750.0,1250.0,1650.0,1500.0,1500.0,1500.0,1500.0
151.08,-1.4633612519873629,0.7793993184893397,9.702015612238437,0.04139342341950608,0.021903618505601075,-8.850571882194341e-05,0.4186747642108058,0.2766692182645436,-0.3990404594850885,0.0834096428793498,1.0319638308778727,-0.027634301149688244,1350.0,1750.0,1250.0,1650.0,1500.0,1500.0,1500.0,1500.0
151.1,-1.4402715018444763,0.7011940855699117,9.706352455230148,0.03596265177350142,0.017337901283045062,-9.320802720874272e-05,0.4197384635963476,0.29751484083745516,-0.399044350842687,0.05474925481034254,1.0417590500655511,-0.0303154496254532,1350.0,1750.0,1250.0,1650.0,1500.0,1500.0,1500.0,1500.0
151.12,-1.424070434055984,0.6363372025546774,9.716191644839684,0.030832551412700922,0.013468065609235337,-9.713817185664808e-05,0.4202388561098946,0.31852320305921744,-0.3990768898305385,0.026609633152442573,1.049867813524612,-0.03280508214871909,1350.0,1750.0,1250.0,1650.0,1500.0,1500.0,1500.0,1500.0
151.14,-1.1946276329074976,0.5826885877097598,9.730716449756319,0.026026840104187193,0.009228649214771083,-9.8565307338023e-05,0.42019214340843725,0.3396661464568701,-0.39913451548175144,-0.0007240593087473324,1.0565740335402434,-0.03499372233415426,1350.0,1750.0,1250.0,1650.0,1500.0,1500.0,1500.0,1500.0
151.16,-1.1817207684223332,0.5382585730627234,9.748763044471135,0.021567653107344837,0.004802011836932944,-9.747492433257695e-05,0.4196693644884168,0.3609203234043192,-0.39921201194817824,-0.024510854256502727,1.0621176654606583,-0.036790634586939826,1342.0,1742.0,1258.0,1658.0,1500.0,1500.0,1500.0,1500.0
151.18,-0.5915386693008184,0.5015811392516224,9.768925092923704,0.017482769755096456,-0.0014224493340071064,-9.087371992881343e-05,0.4187240632813114,0.38226631059683347,-0.39930273683634127,-0.04562612403361466,1.0666990153918257,-0.038130071664505424,1342.0,1742.0,1258.0,1658.0,1500.0,1500.0,1500.0,1500.0
151.2,-0.5915386693008184,0.5015811392516224,9.768925092923704,0.017482769755096456,-0.0014224493340071064,-9.087371992881343e-05,0.4175346582984293,0.40368820089228574,-0.3993997248233836,-0.057827705972722784,1.0704861693929622,-0.03897405795752966,1321.0,1721.0,1279.0,1679.0,1500.0,1500.0,1500.0,1500.0
151.22,-0.57882993973998,0.4710466183919832,9.789737747626596,0.013794076762458923,-0.0078103675437379266,-8.078738802877554e-05,0.41616565923184523,0.42517264116183395,-0.3994953414532038,-0.06681111954364136,1.0736161195141567,-0.03931774677544011,1321.0,1721.0,1279.0,1679.0,1500.0,1500.0,1500.0,1500.0
151.24,-0.23934167676189072,0.445699749009094,9.809678248501893,0.01052663787304905,-0.013775258945210388,-6.850948310338227e-05,0.4147154033910176,0.44670862512002385,-0.3995824235867241,-0.0708840216572146,1.0762031483172365,-0.039189571516226374,1309.0,1709.0,1291.0,1691.0,1500.0,1500.0,1500.0,1500.0
151.26,0.12520988582106962,0.4245383166604322,9.827363181563657,0.0076984404999750474,-0.01834590364712238,-5.586301403836642e-05,0.4132877673262301,0.468287058353861,-0.3996546734084186,-0.06976809593853331,1.0783409260975918,-0.03864773999737235,1309.0,1709.0,1291.0,1691.0,1500.0,1500.0,1500.0,1500.0
151.28,0.12817873886391543,0.4067139339826995,9.841632552535724,0.0053218198198851955,-0.022727021164143314,-4.080441353935578e-05,0.41194864289440253,0.489900365598625,-0.39970697594622523,-0.06536109663296888,1.0801058326027242,-0.03777503822082271,1296.0,1696.0,1304.0,1704.0,1500.0,1500.0,1500.0,1500.0
151.3,0.566773120737514,0.39178159992792466,9.851548078342217,0.003398583892722964,-0.0264696943605322,-2.4715523160232464e-05,0.4108274627287592,0.5115423974975749,-0.39973601426943894,-0.054484806054738176,1.0815614491705547,-0.036672405909035685,1280.0,1680.0,1320.0,1720.0,1500.0,1500.0,1500.0,1500.0
151.32,0.9147642975904718,0.3683840382715655,9.856569105166086,0.0008635005629716542,-0.03212936714873441,1.0412772999535827e-05,0.41000231240128654,0.5332080201881727,-0.3997401448662588,-0.03970529115929527,1.0827589633905996,-0.035451755153526686,1267.0,1667.0,1333.0,1733.0,1500.0,1500.0,1500.0,1500.0
151.34,0.9147642975904718,0.3683840382715655,9.856569105166086,0.0008635005629716542,-0.03212936714873441,1.0412772999535827e-05,0.40955118926851014,0.5548930225669688,-0.39971962788758353,-0.021026025535252454,1.0837410090298405,-0.0342279667478079,1267.0,1667.0,1333.0,1733.0,1500.0,1500.0,1500.0,1500.0
151.36,1.237408051101854,0.3516425195994587,9.842281782479287,-0.00013394860379563895,-0.03403058979265506,4.4420944583617885e-05,0.4095608475982292,0.5765939816779645,-0.3996765101508014,0.0019918318483124935,1.0845431126641825,-0.033110496008392366,1255.0,1655.0,1345.0,1745.0,1500.0,1500.0,1500.0,1500.0
151.38,1.9137979434544388,0.3453313976007536,9.829288223004442,-0.0001800396697853311,-0.03485021166979106,6.220217426653436e-05,0.4100805620595415,0.5983080650046811,-0.3996144408031707,0.027474585879744932,1.0851944860113127,-0.03219625356840957,1255.0,1655.0,1345.0,1745.0,1500.0,1500.0,1500.0,1500.0
151.4,1.8888573828894222,0.33997001606922495,9.81375335237695,2.0724686803604684e-07,-0.037644854016304644,8.469173288717458e-05,0.41130327333570454,0.6200332104373143,-0.39953823605638006,0.0626046883799734,1.0857215364711637,-0.031566940746661054,1255.0,1655.0,1345.0,1745.0,1500.0,1500.0,1500.0,1500.0
151.42,1.851269810898999,0.33559924636185445,9.796842562996133,0.00033510676650190464,-0.03734169145189817,0.00010189442750444411,0.413273300754734,0.6417675762166889,-0.39945364613759937,0.0999500047351083,1.0861438704565027,-0.03128370892826095,1230.0,1630.0,1370.0,1770.0,1500.0,1500.0,1500.0,1500.0
151.44,2.4695273431494438,0.3322287141843991,9.779701668434207,0.0007562896981564809,-0.04141801169317109,0.0001270825662385665,0.41609452228045185,0.6635097942366953,-0.399366629792589,0.1424886298757695,1.0864805276674727,-0.03137674168292627,1230.0,1630.0,1370.0,1770.0,1500.0,1500.0,1500.0,1500.0
151.46,3.0480254981156136,0.3296227763710314,9.763542817832265,0.0012047296168457814,-0.047770689445587905,0.00015712311021123736,0.41996318453552806,0.6852589434579746,-0.3992827020562621,0.19483652370691873,1.0867479678856022,-0.03186723352944199,1205.0,1605.0,1395.0,1795.0,1500.0,1500.0,1500.0,1500.0
151.48,2.905659548729633,0.3275614849099606,9.749486905598344,0.0016336518107060364,-0.05174302782744374,0.00018369794746134495,0.42502055853385196,0.7070142661108676,-0.39920673903965576,0.25424277270741275,1.0869590123825046,-0.03275851655012816,1180.0,1580.0,1420.0,1820.0,1500.0,1500.0,1500.0,1500.0
151.5,2.905659548729633,0.3275614849099606,9.749486905598344,0.0016336518107060364,-0.05174302782744374,0.00018369794746134495,0.4313151528694436,0.7287750698459915,-0.3991427688909166,0.31606906005217544,1.08712461833409,-0.03401723056601592,1180.0,1580.0,1420.0,1820.0,1500.0,1500.0,1500.0,1500.0
151.52,3.288397352572359,0.32619164053696575,9.738218693737837,0.0019849786843063764,-0.05779078696376851,0.00021412229148793803,0.438898359228519,0.7505408245332092,-0.3990934726283376,0.3804584895565474,1.0872547497305678,-0.03560244362416504,1159.0,1559.0,1441.0,1841.0,1500.0,1500.0,1500.0,1500.0
151.54,3.637362266390441,0.32531348642044133,9.730365820605385,0.0022289660604871684,-0.06186927918121547,0.00024082630796638617,0.4478297666344859,0.7723111326242668,-0.3990597848639561,0.44782068668290886,1.0873581861406476,-0.03745448237561419,1138.0,1538.0,1462.0,1862.0,1500.0,1500.0,1500.0,1500.0
151.56,3.512425955294731,0.32448901926343054,9.725614597937433,0.0023551517899284796,-0.07103293574155466,0.0002950496827680402,0.45806693359450734,0.7940855462379577,-0.3990418357943483,0.5130535287864391,1.0874408559697044,-0.03951264378643911,1138.0,1538.0,1462.0,1862.0,1500.0,1500.0,1500.0,1500.0
151.58,3.512425955294731,0.32448901926343054,9.725614597937433,0.0023551517899284796,-0.07103293574155466,0.0002950496827680402,0.46961536520960667,0.8158637491698776,-0.39903779627319585,0.5785550080327961,1.0875091658572502,-0.041704407144586564,1121.0,1521.0,1479.0,1879.0,1500.0,1500.0,1500.0,1500.0
151.6,3.3964320639673056,0.3245198009402644,9.733758489844256,0.001960934900156288,-0.07760042182466001,0.00034217164154533145,0.48237849903568386,0.837645340554573,-0.39904563147474204,0.6392220607043079,1.0875665391058007,-0.043964594525134335,1121.0,1521.0,1479.0,1879.0,1500.0,1500.0,1500.0,1500.0
151.62,3.00242541081637,0.3245921866221257,9.741191720186471,0.001662755832812624,-0.0821434236170908,0.0003675076117882058,0.49636639433225327,0.8594300867266567,-0.39906099658676114,0.7003870139022214,1.087617617939444,-0.04623665944307327,1100.0,1500.0,1500.0,1900.0,1500.0,1500.0,1500.0,1500.0
151.64,2.63371535258592,0.3246704114395912,9.749770212195989,0.0013044693491423285,-0.08349881899952917,0.0003869357513831352,0.5114831475716558,0.8812176329883903,-0.39908030154902835,0.7567512758180929,1.0876627667391816,-0.048496752429191825,1100.0,1500.0,1500.0,1900.0,1500.0,1500.0,1500.0,1500.0
151.66,2.297143444666518,0.32471291897670945,9.758750434183987,0.0009182625487660437,-0.08249890219611733,0.0004018471562985198,0.5275761375865349,0.90300758904408,-0.3991006409205233,0.8054817134607524,1.0877033956469273,-0.05067630313764093,1100.0,1500.0,1500.0,1900.0,1500.0,1500.0,1500.0,1500.0
151.68,1.9961514092057078,0.3246919709370531,9.767428493999526,0.0005347903595131476,-0.07976246537527483,0.00041329986754045956,0.5445056853815274,0.9247995997552212,-0.3991192398668731,0.8472283325055463,1.0877403742079506,-0.052719919321315,1100.0,1500.0,1500.0,1900.0,1500.0,1500.0,1500.0,1500.0
151.7,1.7315050893088724,0.32459322375081645,9.775191641151913,0.00018131484975696967,-0.07576222943775572,0.0004220982356709881,0.5621464924717131,0.9465933446010353,-0.3991336691020353,0.882712548102908,1.0877740389219963,-0.05459257726703611,1100.0,1500.0,1500.0,1900.0,1500.0,1500.0,1500.0,1500.0
151.72,1.5020470738177136,0.3244145359708087,9.781556968989635,-0.00011983013463143765,-0.07087245093072717,0.0004288542780698814,0.5803879997746617,0.9683885371727794,-0.3991420120502023,0.912673141801295,1.0878043414527183,-0.05627851506127555,1100.0,1500.0,1500.0,1900.0,1500.0,1500.0,1500.0,1500.0
151.74,1.3053718021011478,0.32416415353917744,9.786197046401266,-0.0003523240827489582,-0.0653990158843924,0.00043403481222801133,0.5991339713785528,0.9901849248571222,-0.3991429828413233,0.9378274702194631,1.0878309947274196,-0.05777873815690475,1100.0,1500.0,1500.0,1900.0,1500.0,1500.0,1500.0,1500.0
151.76,1.3053718021011478,0.32416415353917744,9.786197046401266,-0.0003523240827489582,-0.0653990158843924,0.00043403481222801133,0.6183015726011347,1.011982288669627,-0.3991359925725503,0.9588461941584491,1.0878536090190967,-0.05910762369179843,1100.0,1500.0,1500.0,1900.0,1500.0,1500.0,1500.0,1500.0
151.78,1.1383734698601338,0.3238585267585537,9.788952260030827,-0.0005065256701337467,-0.0595966736329009,0.00043799736567109825,0.6378201595209183,1.0337804430815587,-0.3991211621200371,0.9763389185740315,1.0878718116788386,-0.06028901129692617,1100.0,1500.0,1500.0,1900.0,1500.0,1500.0,1500.0,1500.0
151.8,0.8798186728639096,0.32317261640027395,9.788992029440577,-0.0005754124118035694,-0.047817814225314205,0.00044330785556780415,0.6576299422220054,1.0555792355893665,-0.39909928220596136,0.9908479881931258,1.0878853431849829,-0.06135212513040585,1100.0,1500.0,1500.0,1900.0,1500.0,1500.0,1500.0,1500.0
151.82,0.7816354309722537,0.3228425916360597,9.786730195213657,-0.0005031596508511797,-0.042155394587656866,0.00044503539454669424,0.6776806346306746,1.0773785457881715,-0.3990717247336831,1.0028479552335772,1.0878941261158679,-0.062327642891179494,1100.0,1500.0,1500.0,1900.0,1500.0,1500.0,1500.0,1500.0
151.84,0.7001597353643865,0.3225529335076711,9.783435079533605,-0.0003767677210259077,-0.03679643670036976,0.0004463300155360792,0.6979301636068078,1.099178283766812,-0.39904031292252967,1.012748689776664,1.0878983056659164,-0.06324418955077052,1100.0,1500.0,1500.0,1900.0,1500.0,1500.0,1500.0,1500.0
151.86,0.6327702430011319,0.3223230083927998,9.779557953522538,-0.00021321886592631946,-0.03181527044061948,0.0004472937448107476,0.7183434794818091,1.1209783877195023,-0.39900716092567184,1.0209005908849766,1.0878982620132784,-0.06412548276887242,1100.0,1500.0,1500.0,1900.0,1500.0,1500.0,1500.0,1500.0
151.88,0.5771802423754706,0.32216675817792295,9.775570507135399,-3.108352391688411e-05,-0.02725789205954808,0.0004480064561214622,0.7388914885193492,1.142778820760273,-0.39897449596463425,1.0276007975970403,1.0878945967456821,-0.06498829307336565,1100.0,1500.0,1500.0,1900.0,1500.0,1500.0,1500.0,1500.0
151.9,0.5771802423754706,0.32216675817792295,9.775570507135399,-3.108352391688411e-05,-0.02725789205954808,0.0004480064561214622,0.7595501131888129,1.1645795670180856,-0.3989444772794754,1.0330996603300167,1.0878880971309215,-0.06584130883656648,1100.0,1500.0,1500.0,1900.0,1500.0,1500.0,1500.0,1500.0
151.92,0.49382819366223685,0.3220989111854644,9.769018211153268,0.00031582183989966776,-0.01948009954901814,0.00044891360078213113,0.780299476970241,1.1863806271740513,-0.39891902623813735,1.0376070095173469,1.0878796832806326,-0.06668491937721055,1100.0,1500.0,1500.0,1900.0,1500.0,1500.0,1500.0,1500.0
151.94,0.46298262665671064,0.32218248981615366,9.767161071626795,0.0004487417965935766,-0.016246627186870494,0.0004491929007634104,0.8011232051295636,1.2081820136593742,-0.3988996807705879,1.0412979580232473,1.0878703435615553,-0.06751185546286122,1100.0,1500.0,1500.0,1900.0,1500.0,1500.0,1500.0,1500.0
151.96,0.43770297712794815,0.32233100187589114,9.766557473273066,0.0005388226515333273,-0.013420023871921196,0.0004493960446486556,0.8220078302812381,1.229983745774004,-0.3988874850105573,1.0443181109756154,1.087861064262457,-0.06830856118858833,1100.0,1500.0,1500.0,1900.0,1500.0,1500.0,1500.0,1500.0
151.98,0.43770297712794815,0.32233100187589114,9.766557473273066,0.0005388226515333273,-0.013420023871921196,0.0004493960446486556,0.8429422906580428,1.2517858450122064,-0.3988829218617324,1.0467881457920738,1.0878527600810552,-0.06905711767853927,1100.0,1500.0,1500.0,1900.0,1500.0,1500.0,1500.0,1500.0
152.0,0.41700016780240395,0.3225282725178662,9.767292296081832,0.0005794073859624319,-0.010968206908328941,0.00044954371567392,0.8639175091626847,1.2735883308664058,-0.39888589246009637,1.0488077793969635,1.0878462108888214,-0.0697375038002968,1100.0,1500.0,1500.0,1900.0,1500.0,1500.0,1500.0,1500.0
152.02,0.4000507158543448,0.3227549269979791,9.769330007349557,0.0005684141371624074,-0.008855956843213988,0.00044965111159999213,0.8849260420208251,1.2953912173454853,-0.39889574252988197,1.0504591695626824,1.0878420097186416,-0.07032996427303558,1100.0,1500.0,1500.0,1900.0,1500.0,1500.0,1500.0,1500.0
152.04,0.37479534953333216,0.32321295384680465,9.776629977380999,0.00040538225673228704,-0.005510165114073933,0.00044978609104022,0.9059617868864693,1.3171945103898457,-0.3989113317911494,1.0518098110907177,1.0878405259943293,-0.07081726115397483,1100.0,1500.0,1500.0,1900.0,1500.0,1500.0,1500.0,1500.0
152.06,0.3654571168528852,0.3234047503377964,9.78133811150098,0.0002696122540985119,-0.00421253315422691,0.0004498272684922915,0.9270197413788326,1.3389982062976589,-0.39893113921060896,1.0529149911043063,1.0878418867742554,-0.0711866094509624,1100.0,1500.0,1500.0,1900.0,1500.0,1500.0,1500.0,1500.0
152.08,0.35777326473778737,0.32354987486388825,9.786293905448968,0.00011312349161379741,-0.003128145295761496,0.00044985685525746375,0.9480958041439602,1.3608022912010895,-0.3989533942714423,1.0538198652160482,1.0878459772933926,-0.07143113818890108,1100.0,1500.0,1500.0,1900.0,1500.0,1500.0,1500.0,1500.0
152.1,0.35777326473778737,0.32354987486388825,9.786293905448968,0.00011312349161379741,-0.003128145295761496,0.00044985685525746375,0.969186611575847,1.382606741554335,-0.39897622276285777,1.0545612105765099,1.087852460459009,-0.07155076987514142,1100.0,1500.0,1500.0,1900.0,1500.0,1500.0,1500.0,1500.0
152.12,0.34617682659166615,0.3236606279222713,9.79550960178813,-0.00020800544064178007,-0.0015099514346695014,0.0004498922673759652,0.9902894042747897,1.4044115255226841,-0.39899779494545373,1.0551689046518509,1.0878608132853749,-0.07155246845417733,1100.0,1500.0,1500.0,1900.0,1500.0,1500.0,1500.0,1500.0
152.14,0.34617682659166615,0.3236606279222713,9.79550960178813,-0.00020800544064178007,-0.0015099514346695014,0.0004498922673759652,1.0114019181591005,1.4262166051002367,-0.3990164643228615,1.0556671711954686,1.0878703768053677,-0.0714498630407902,1100.0,1500.0,1500.0,1900.0,1500.0,1500.0,1500.0,1500.0
152.16,0.33815786027625694,0.32351897049819206,9.801748163427508,-0.0004551915029266936,-0.0005049720138318527,0.0004499080764748181,1.0325222958847127,1.4480219387448405,-0.3990308865440328,1.0560756279806234,1.0878804152643904,-0.07126230636789187,1100.0,1500.0,1500.0,1900.0,1500.0,1500.0,1500.0,1500.0
152.18,0.33510205289670864,0.32336788128106286,9.803231711103903,-0.0005264824779981097,-0.00019329574312543539,0.0004499117346206095,1.0536490148753606,1.4698274842817738,-0.39904011000820067,1.0564101648402544,1.0878901789241588,-0.07101347020002904,1100.0,1500.0,1500.0,1900.0,1500.0,1500.0,1500.0,1500.0
152.2,0.3325386337582868,0.32317943899041346,9.803520473593025,-0.0005557168422455249,1.0904639360358298e-05,0.0004499137149385352,1.0747808288351117,1.491633201818654,-0.3990436323333055,1.0566836755892686,1.0878989650342983,-0.0707296124926718,1100.0,1500.0,1500.0,1900.0,1500.0,1500.0,1500.0,1500.0
152.22,0.33038928573832727,0.322969185140988,9.802652117127224,-0.0005418595357920807,0.00012270385603018467,0.0004499146402145473,1.0959167201155486,1.5134390564286675,-0.3990414197468635,1.0569066634762554,1.0879061721358407,-0.07043766997286184,1100.0,1500.0,1500.0,1900.0,1500.0,1500.0,1500.0,1500.0
152.24,0.33038928573832727,0.322969185140988,9.802652117127224,-0.0005418595357920807,0.00012270385603018467,0.0004499146402145473,1.117055860751583,1.535245020389858,-0.399033889433992,1.0570877368627671,1.0879113436098355,-0.07016333593412427,1100.0,1500.0,1500.0,1900.0,1500.0,1500.0,1500.0,1500.0
152.26,0.3271021901892531,0.3225498108943522,9.798014391293634,-0.0003977353796202932,0.00013204513352381547,0.0004499149821938145,1.1381975803739577,1.5570510748138873,-0.39902185771190934,1.0572340098893727,1.087914197550473,-0.06992927660199746,1100.0,1500.0,1500.0,1900.0,1500.0,1500.0,1500.0,1500.0
152.28,0.32587830198805035,0.3223721428710001,9.79469647099428,-0.00028115750665332425,6.205929504758051e-05,0.0004499148701604364,1.1593413395409278,1.5788572105542147,-0.3990064593999435,1.0573514206449048,1.0879146413690226,-0.06975362248943925,1100.0,1500.0,1500.0,1900.0,1500.0,1500.0,1500.0,1500.0
152.3,0.3248895973127165,0.3222331695457519,9.79108471689247,-0.00014754758725171822,-3.611500971008314e-05,0.000449914701096349,1.1804867073366605,1.600663428346102,-0.39898904575364713,1.0574449788405509,1.0879127708687215,-0.06964884514953637,1100.0,1500.0,1500.0,1900.0,1500.0,1500.0,1500.0,1500.0
152.32,0.32410839607852077,0.3221417774300078,9.78747737940199,-7.799576331901382e-06,-0.0001471168757285898,0.0004499144877812733,1.2016333423492584,1.622469738194104,-0.3989710697056696,1.0575189541642271,1.0879088547500806,-0.06962109554026023,1100.0,1500.0,1500.0,1900.0,1500.0,1500.0,1500.0,1500.0
152.34,0.3237154008092053,-0.5483460451227982,9.78420435699144,-0.0027657328862894215,-0.0003198351697166473,0.0004499112109923061,1.2227810140209239,1.6442547337980626,-0.3989546716816829,1.0575770087767726,1.086831651516142,-0.06966795177629785,1100.0,1500.0,1500.0,1900.0,1500.0,1500.0,1500.0,1500.0
152.36,0.3237154008092053,-0.5483460451227982,9.78420435699144,-0.0027657328862894215,-0.0003198351697166473,0.0004499112109923061,1.2439299870769118,1.665777580853606,-0.3989489884655818,1.05762481849961,1.0737094336331006,-0.06969861835068848,1133.0,1467.0,1533.0,1867.0,1500.0,1500.0,1500.0,1500.0
152.38,0.32323133843867896,-1.0989298705224138,9.782924821958096,-0.022336387306038825,-0.00042776877222094916,0.0004500300558579968,1.2650802984485416,1.686944699893794,-0.3989576467428751,1.0576649269673506,1.0559160074043366,-0.06959188565857341,1133.0,1467.0,1533.0,1867.0,1500.0,1500.0,1500.0,1500.0
152.4,0.32313618548544754,-0.8648778242000382,9.786280352161823,-0.03389769129685622,-0.0003825966328928609,0.00045015668269230894,1.2862321827376824,1.7075768324656477,-0.39898606290668925,1.0577012180326053,1.0291715642936026,-0.06923809241664909,1166.0,1434.0,1566.0,1834.0,1500.0,1500.0,1500.0,1500.0
152.42,0.3231439274212182,-0.6775630767940253,9.792066083179478,-0.041627236268291574,-0.0002616784234213827,0.0004502946447274702,1.3073854035716734,1.7277457642674714,-0.3990302954723252,1.057734322161641,1.0060360598353129,-0.06859991967974427,1166.0,1434.0,1566.0,1834.0,1500.0,1500.0,1500.0,1500.0
152.44,0.3232354157814715,-0.7411481788580953,9.799642872666128,-0.04810661447187533,-7.346742401847889e-05,0.0004504264466232223,1.3285398055117017,1.7474856770252702,-0.3990866363467616,1.0577667393733228,0.984624744805917,-0.06770430126155316,1166.0,1434.0,1566.0,1834.0,1500.0,1500.0,1500.0,1500.0
152.46,0.3232354157814715,-0.7411481788580953,9.799642872666128,-0.04810661447187533,-7.346742401847889e-05,0.0004504264466232223,1.3496953336510176,1.7667794857822394,-0.39915223711634906,1.0578003515226944,0.9623714332925546,-0.06655118295734155,1175.0,1425.0,1575.0,1825.0,1500.0,1500.0,1500.0,1500.0
152.48,0.3232902180878703,-0.6218381983702573,9.818065565039952,-0.05552014505301566,0.00045684971284813713,0.00045062627071281466,1.3708518428813488,1.7856544810591064,-0.39922239933502174,1.057835371755663,0.9414937190316055,-0.06515028405407002,1183.0,1417.0,1583.0,1817.0,1500.0,1500.0,1500.0,1500.0
152.5,0.3231843904138016,-0.4949900141396655,9.827199814224818,-0.0551011542105636,0.0007486236693279632,0.0004506710870494952,1.3920091087257203,1.8041758947061148,-0.39929118934661656,1.0578713383480056,0.9238851268395146,-0.06354486517965943,1183.0,1417.0,1583.0,1817.0,1500.0,1500.0,1500.0,1500.0
152.52,0.32299136507991116,-0.4967995088510496,9.835048753938501,-0.05309002801143936,0.001015587885896874,0.00045067942324769893,1.4131669264371123,1.8223952735270952,-0.3993533638833689,1.0579076516326449,0.9088568113137298,-0.06178848397721496,1183.0,1417.0,1583.0,1817.0,1500.0,1500.0,1500.0,1500.0
152.54,0.32266219554005376,-0.39480115448178116,9.840986544550466,-0.050336046662207534,0.001232319463208723,0.00045066265182747736,1.4343251534550112,1.840328188260634,-0.39940525381729747,1.0579434627375215,0.8946063086137952,-0.059931733077612834,1187.0,1413.0,1587.0,1813.0,1500.0,1500.0,1500.0,1500.0
152.56,0.3222546751460152,-0.418010300515542,9.84444859051999,-0.04669657153357343,0.0013728269277528853,0.0004506286089854545,1.4554836162478557,1.858007841181505,-0.3994435890436946,1.057977181817472,0.8820131910483958,-0.05802804367377029,1187.0,1413.0,1587.0,1813.0,1500.0,1500.0,1500.0,1500.0
152.58,0.32174368688578997,-0.3316565400497792,9.845175428797397,-0.043111492312800814,0.0014244585437920248,0.0004505896586053032,1.476642191084996,1.8754429570471511,-0.3994667399502166,1.0580075786052998,0.8698512538824202,-0.0561370638089966,1191.0,1409.0,1591.0,1809.0,1500.0,1500.0,1500.0,1500.0
152.6,0.32121308501515855,-0.3902286626463286,9.843059546374857,-0.039483854854868626,0.0013772996916676453,0.0004505517876593268,1.4978007485936708,1.8926527562378543,-0.3994739668724805,1.058033230866506,0.8586442397628702,-0.05431517324649264,1196.0,1404.0,1596.0,1804.0,1500.0,1500.0,1500.0,1500.0
152.62,0.32121308501515855,-0.3902286626463286,9.843059546374857,-0.039483854854868626,0.0013772996916676453,0.0004505517876593268,1.518959221257086,1.9096312259799886,-0.3994662434697071,1.0580533326981079,0.8471294413216764,-0.05261575542716257,1196.0,1404.0,1596.0,1804.0,1500.0,1500.0,1500.0,1500.0
152.64,0.32064267377313344,-0.3110099635466975,9.838326840592428,-0.03614192951859054,0.001237131238242681,0.0004505220376104439,1.5401175098720774,1.9264040393520945,-0.39944490669516564,1.0580669063185941,0.8368910521039865,-0.05108786265951708,1196.0,1404.0,1596.0,1804.0,1500.0,1500.0,1500.0,1500.0
152.66,0.32009966051741795,-0.24422646026540523,9.831284680733255,-0.032412925850921696,0.0010128663079532973,0.0004504997890795644,1.561275535364028,1.9430002440886895,-0.39941216402623536,1.0580736472040606,0.8280970777139205,-0.049781038291595255,1196.0,1404.0,1596.0,1804.0,1500.0,1500.0,1500.0,1500.0
152.68,0.31961668549323635,-0.1876235762158307,9.822402935830421,-0.02852094329439951,0.000721408629043326,0.0004504840689225914,1.5824332530450524,1.9594445910383766,-0.3993710594389947,1.0580737304906094,0.8205323181425216,-0.04873189980152141,1196.0,1404.0,1596.0,1804.0,1500.0,1500.0,1500.0,1500.0
152.7,0.3190755070221978,-0.7087328985977741,9.801900673386317,-0.026841159320325766,2.267238052540302e-05,0.0004504816042556436,1.6035908482298635,1.9756395250059096,-0.39932748358132275,1.0580688579605482,0.8080815318625371,-0.047943637076911336,1221.0,1379.0,1621.0,1779.0,1500.0,1500.0,1500.0,1500.0
152.72,0.31893765240078353,-0.5941022835195879,9.792409758059422,-0.02830475892277449,-0.0003183642023990745,0.0004505128630287878,1.624748542047719,1.991480906153063,-0.39928744108116093,1.0580602451118464,0.7904198712801029,-0.0473538772359459,1221.0,1379.0,1621.0,1779.0,1500.0,1500.0,1500.0,1500.0
152.74,0.3189923749339061,-0.7139016157133579,9.78436269725657,-0.02900106583787033,-0.0006171821973975131,0.00045055443871930696,1.6459063241136749,2.0070135481096725,-0.3992536793178642,1.0580479219206018,0.7749969059776128,-0.046947266767747554,1221.0,1379.0,1621.0,1779.0,1500.0,1500.0,1500.0,1500.0
152.76,0.3191324367870898,-0.6047033417446804,9.778378878678403,-0.030194017666568297,-0.0008466269194818077,0.0004506061259010964,1.6670642992964602,2.0222205720485382,-0.3992294805407651,1.058034197159543,0.7587278776151991,-0.04669998603749538,1221.0,1379.0,1621.0,1779.0,1500.0,1500.0,1500.0,1500.0
152.78,0.3194522352168032,-0.828429932432443,9.774807460213639,-0.031463536855314125,-0.0009933247927567635,0.0004506599791139812,1.6882225385126424,2.037108782352679,-0.3992168655659967,1.0580205155505369,0.7427982122493808,-0.0465681958887036,1229.0,1371.0,1629.0,1771.0,1500.0,1500.0,1500.0,1500.0
152.8,0.3197887818676436,-0.7116021923485565,9.773996636413674,-0.03313911487783722,-0.0010428650311662417,0.0004507195989751399,1.7093812072488064,2.051625402155535,-0.3992178594669513,1.0580090371701116,0.7242298259958206,-0.046496201698711305,1241.0,1359.0,1641.0,1759.0,1500.0,1500.0,1500.0,1500.0
152.82,0.3197887818676436,-0.7116021923485565,9.773996636413674,-0.03313911487783722,-0.0010428650311662417,0.0004507195989751399,1.7305403765880907,2.0657693610580714,-0.3992324913051287,1.0580006367548456,0.7056096489665753,-0.04642575400070359,1241.0,1359.0,1641.0,1759.0,1500.0,1500.0,1500.0,1500.0
152.84,0.32065287667283454,-0.824569159857568,9.780357795989808,-0.03718672211658575,-0.0008565425011569537,0.0004508328869620779,1.7517001850799714,2.079488060301037,-0.39926049521500084,1.0579969313799151,0.6843623053881035,-0.04629564336557969,1254.0,1346.0,1654.0,1746.0,1500.0,1500.0,1500.0,1500.0
152.86,0.32105839730269786,-0.8236206847915124,9.786914529579317,-0.037896077996654474,-0.0006372316895591692,0.00045087317355429975,1.7728606128682303,2.092814910457227,-0.3992992442361331,1.0579978102766565,0.6647888763035783,-0.04606313179579632,1254.0,1346.0,1654.0,1746.0,1500.0,1500.0,1500.0,1500.0
152.88,0.32105839730269786,-0.8236206847915124,9.786914529579317,-0.037896077996654474,-0.0006372316895591692,0.00045087317355429975,1.7940216477109285,2.1057647753091837,-0.39934560586563383,1.0580037483907054,0.6459612605536169,-0.045700528038419716,1258.0,1342.0,1658.0,1742.0,1500.0,1500.0,1500.0,1500.0
152.9,0.32165751156247907,-0.8417807872273824,9.80361937859753,-0.03742812666461424,-4.645318365548358e-05,0.0004508918476620138,1.815183252410708,2.1183535207946256,-0.3993958996611472,1.058014513393793,0.6279287656979676,-0.04519064821467133,1258.0,1342.0,1658.0,1742.0,1500.0,1500.0,1500.0,1500.0
152.92,0.3217775254882952,-0.7462234725669885,9.81232681762331,-0.03664451304553285,0.0002728206261197522,0.000450874356774046,1.8363454196391917,2.1305636206414182,-0.39944664423211174,1.0580297541464077,0.609021527563882,-0.04451894301502737,1266.0,1334.0,1666.0,1734.0,1500.0,1500.0,1500.0,1500.0
152.94,0.32182259022524057,-0.895144779632655,9.820262786180834,-0.03649008665674265,0.0005706878504080353,0.00045084403424341745,1.8575080785227294,2.142405948128634,-0.3994940218116851,1.0580481581480845,0.5906588390437781,-0.04369205221232755,1266.0,1334.0,1666.0,1734.0,1500.0,1500.0,1500.0,1500.0
152.96,0.32169683437024077,-0.8011573010197712,9.826869734377404,-0.03574201906965189,0.0008243371380945284,0.00045080685104905625,1.8786712003982664,2.1538542480715477,-0.39953497563036044,1.0580687950846186,0.5709839674985545,-0.042722158943829906,1275.0,1325.0,1675.0,1725.0,1500.0,1500.0,1500.0,1500.0
152.98,0.3215013195594569,-0.9242062528148008,9.831573452137757,-0.035632411777245854,0.0010123255992586714,0.0004507673264799463,1.8998346982923808,2.164914597852109,-0.3995666290440625,1.0580899194131768,0.5516128056224686,-0.041641299178124695,1275.0,1325.0,1675.0,1725.0,1500.0,1500.0,1500.0,1500.0
153.0,0.321191088909726,-0.9393454404434155,9.83407174311631,-0.035318701676734,0.0011214491518709083,0.0004507304190771073,1.9209985269859766,2.175563535459074,-0.3995871726482455,1.0581103688859892,0.5310679876380872,-0.04048565839066303,1283.0,1317.0,1683.0,1717.0,1500.0,1500.0,1500.0,1500.0
153.02,0.32079355638296586,-0.8523733472055427,9.834175642362771,-0.0342183384875522,0.0011443712678094544,0.0004506977065214696,1.9421625989621116,2.1858085472470234,-0.39959538199469935,1.0581284863027505,0.5108963533566813,-0.039302783341016896,1287.0,1313.0,1687.0,1713.0,1500.0,1500.0,1500.0,1500.0
153.04,0.3203816763525601,-0.882151280941524,9.831839626077882,-0.03275488769467789,0.001080051982615232,0.00045067026671098676,1.9633268073461205,2.1956775631027616,-0.3995908380532789,1.0581429385555778,0.49211909744442395,-0.03814888955862054,1287.0,1313.0,1687.0,1713.0,1500.0,1500.0,1500.0,1500.0
153.06,0.31994294109513294,-0.8066229244425975,9.82726601131757,-0.030996162856536977,0.000934761587507394,0.0004506504699065671,1.984491099138467,2.2051722458050103,-0.39957432535001425,1.0581531091787588,0.4734223136210094,-0.03707566862439653,1291.0,1309.0,1691.0,1709.0,1500.0,1500.0,1500.0,1500.0
153.08,0.3195586606548584,-0.8704851833250465,9.820784243378208,-0.029551948497664418,0.0007204873881359649,0.00045063900343343536,2.005655424297068,2.214305405297099,-0.39954744259832403,1.0581583328766313,0.45536311355086223,-0.03612950926475346,1291.0,1309.0,1691.0,1709.0,1500.0,1500.0,1500.0,1500.0
153.1,0.31920518823033395,-0.8017000337331783,9.812921430577235,-0.027803902649764522,0.00045513081813349513,0.0004506357714552219,2.026819781447058,2.2230707198754445,-0.39951267338402824,1.058158606732205,0.4369850845207348,-0.035345594686108935,1296.0,1304.0,1696.0,1704.0,1500.0,1500.0,1500.0,1500.0
153.12,0.31893616840939826,-0.7407026860599792,9.80425065354518,-0.02556785675720942,0.0001598508994185994,0.000450636789743914,2.0479841429350505,2.2314960005898357,-0.3994728403490582,1.0581537947453015,0.4199948617221221,-0.03475226516618845,1296.0,1304.0,1696.0,1704.0,1500.0,1500.0,1500.0,1500.0
153.14,0.3187688323611136,-0.6862607599965928,9.795407493840367,-0.02306845940988451,-0.00014248728338969914,0.0004506385062984991,2.0691485051690455,2.239607489042004,-0.39943111096018336,1.058144486185336,0.4043138968028831,-0.034366675250562875,1296.0,1304.0,1696.0,1704.0,1500.0,1500.0,1500.0,1500.0
153.16,0.31871299408992587,-0.6373848880850282,9.78703553308306,-0.0204825101111864,-0.00042892698036579277,0.00045063779512347774,2.0903128875145733,2.2474286487964843,-0.3993907463830931,1.0581315690135076,0.38980341549966246,-0.03419086455358041,1296.0,1304.0,1696.0,1704.0,1500.0,1500.0,1500.0,1500.0
153.18,0.3187702005795814,-0.5932770334887321,9.779735705227258,-0.017942586383459674,-0.0006781235606174406,0.00045063228480927015,2.111477327649336,2.2549805419546725,-0.3993548386577429,1.0581161514675972,0.3763435949720254,-0.03421234192272839,1296.0,1304.0,1696.0,1704.0,1500.0,1500.0,1500.0,1500.0
153.2,0.3187702005795814,-0.5932770334887321,9.779735705227258,-0.017942586383459674,-0.0006781235606174406,0.00045063228480927015,2.1326418760191683,2.262282142758358,-0.39932606755584615,1.0580994824764218,0.36383035181976553,-0.03440557733178424,1296.0,1304.0,1696.0,1704.0,1500.0,1500.0,1500.0,1500.0
153.22,0.31918895175678924,-0.5168942476335394,9.770266894956562,-0.013342835375689815,-0.0009969388553876055,0.0004506022730673377,2.1538065897692884,2.2693506008705953,-0.3993064957852898,1.0580828615968145,0.3521727824729952,-0.03473432927392716,1296.0,1304.0,1696.0,1704.0,1500.0,1500.0,1500.0,1500.0
153.24,0.3195148816605988,-0.48365481716659925,9.76870192991937,-0.011378146411452074,-0.001044951598868604,0.00045057789484231295,2.174971526571604,2.2762014640554,-0.399297418002082,1.0580675450505648,0.34129110637012955,-0.03515466564806428,1296.0,1304.0,1696.0,1704.0,1500.0,1500.0,1500.0,1500.0
153.26,0.31988541545293014,-0.453209309746034,9.769372667702713,-0.00966170873818909,-0.0010139756778980993,0.00045054861772213,2.1961367387770294,2.2828488677987617,-0.39929927458212483,1.0580546545280012,0.33111499847298553,-0.0356184679082532,1296.0,1304.0,1696.0,1704.0,1500.0,1500.0,1500.0,1500.0
153.28,0.320271567446778,-0.4252534717490509,9.772152556414342,-0.008191293838741055,-0.0009080487612688287,0.00045051600871095154,2.2173022683002785,2.2893056977763884,-0.3993116356754855,1.0580450957192347,0.32158222483355686,-0.03607715799540857,1296.0,1304.0,1696.0,1704.0,1500.0,1500.0,1500.0,1500.0
153.3,0.3206436911025726,-0.3995288981234101,9.776753602601627,-0.006953621758577463,-0.0007368855035208606,0.00045048175006672826,2.2384681425887996,2.2955837298331137,-0.39933325521088975,1.0580394930722745,0.3126375156361877,-0.036485362341104416,1296.0,1304.0,1696.0,1704.0,1500.0,1500.0,1500.0,1500.0
153.32,0.3209737930462693,-0.3758136649334471,9.782753011296935,-0.005928189549738793,-0.0005150448362893859,0.0004504474171712212,2.259634371942704,2.301693751191319,-0.39936218878544477,1.0580381462967348,0.3042316259955902,-0.03680423021228531,1296.0,1304.0,1696.0,1704.0,1500.0,1500.0,1500.0,1500.0
153.34,0.3209737930462693,-0.3758136649334471,9.782753011296935,-0.005928189549738793,-0.0005150448362893859,0.0004504474171712212,2.2808009483461635,2.307645665876248,-0.39939596429410856,1.0580410125676944,0.29632054686881826,-0.03700415416071273,1296.0,1304.0,1696.0,1704.0,1500.0,1500.0,1500.0,1500.0
153.36,0.3212377098416154,-0.3539150905238807,9.789630184879043,-0.005090380503252782,-0.00026072908413676685,0.00045041432912807137,2.3019678458521504,2.313448586780191,-0.3994317901716856,1.058047716289272,0.2888648375073737,-0.03706669421941221,1296.0,1304.0,1696.0,1704.0,1500.0,1500.0,1500.0,1500.0
153.38,0.3215001207930907,-0.31491123519893977,9.803712582660303,-0.003872610981969726,0.0002632995306054298,0.00045035550487019637,2.3231350224408645,2.319110916345072,-0.3994667835501564,1.0580575857758028,0.2818290575584412,-0.03698557803369803,1296.0,1304.0,1696.0,1704.0,1500.0,1500.0,1500.0,1500.0
153.4,0.3215001207930907,-0.31491123519893977,9.803712582660303,-0.003872610981969726,0.0002632995306054298,0.00045035550487019637,2.344302423155345,2.324640417494421,-0.39949819962894006,1.0580697134820538,0.27518128176987916,-0.03676672846723249,1296.0,1304.0,1696.0,1704.0,1500.0,1500.0,1500.0,1500.0
153.42,0.3214836098378018,-0.29752277930349935,9.80979322759389,-0.0034418333145546363,0.000492262278599396,0.000450330765056932,2.365469984241728,2.330044276168908,-0.3995236441072382,1.058083035314883,0.2688926837219959,-0.03642734889277165,1296.0,1304.0,1696.0,1704.0,1500.0,1500.0,1500.0,1500.0
153.44,0.32117668529288795,-0.2663710797234396,9.817752159283488,-0.002825220283283434,0.0007997728441955108,0.0004502912106429764,2.3866376379371257,2.335329156598126,-0.399541252494421,1.0580964211932367,0.26293717751974766,-0.03599416787226804,1296.0,1304.0,1696.0,1704.0,1500.0,1500.0,1500.0,1500.0
153.46,0.32091617158513935,-0.25240138965922393,9.819069091718603,-0.002603354679614082,0.0008570867933330749,0.00045027612725563056,2.4078053174924374,2.3405012502627014,-0.39954982324643507,1.058108767955534,0.2572911082466707,-0.03550100726620313,1296.0,1304.0,1696.0,1704.0,1500.0,1500.0,1500.0,1500.0
153.48,0.32091617158513935,-0.25240138965922393,9.819069091718603,-0.002603354679614082,0.0008570867933330749,0.00045027612725563056,2.4289729620212714,2.3455663193558873,-0.3995488956598817,1.0581190870576376,0.2519329834495053,-0.034985881764378356,1296.0,1304.0,1696.0,1704.0,1500.0,1500.0,1500.0,1500.0
153.5,0.32029265127758266,-0.22722786263188915,9.816069075757978,-0.0022649367256979544,0.0007656361050234603,0.00045025404800585534,2.4501405207931612,2.3505297354352677,-0.39953876795477916,1.0581265799170394,0.2468432391440553,-0.034487864140014514,1296.0,1304.0,1696.0,1704.0,1500.0,1500.0,1500.0,1500.0
153.52,0.31998108187437857,-0.2158694378033853,9.812070426332536,-0.0021296782368083766,0.0006278126821081984,0.0004502464183409606,2.4713079566446443,2.35539651385777,-0.3995204556532816,1.0581306952452483,0.2420040348978531,-0.034043959598009134,1296.0,1304.0,1696.0,1704.0,1500.0,1500.0,1500.0,1500.0
153.54,0.31970291391403416,-0.20523855879150205,9.806831157870944,-0.002008498613798635,0.00044370618841382185,0.0004502406191028648,2.4924752482607806,2.3601713445104506,-0.399495594891537,1.0581311646376133,0.23739907348779635,-0.03368622476529697,1296.0,1304.0,1696.0,1704.0,1500.0,1500.0,1500.0,1500.0
153.56,0.31947944615407753,-0.1952746618446391,9.800789687094756,-0.0018973617023213699,0.00022903597601796398,0.00045023631849715727,2.513642391175249,2.364858619282146,-0.3994662993867506,1.0581280147392491,0.2330134414575297,-0.03343934343588786,1296.0,1304.0,1696.0,1704.0,1500.0,1500.0,1500.0,1500.0
153.58,0.3193271259654859,-0.1859229490286556,9.794438108561234,-0.001793677065316475,1.4935897972873245e-06,0.00045023319507531465,2.5348093974413066,2.3694624566644436,-0.39943498315350784,1.0581215562426107,0.22883346761113263,-0.0333188338079114,1296.0,1304.0,1696.0,1704.0,1500.0,1500.0,1500.0,1500.0
153.6,0.31925642648074837,-0.17713393188747828,9.788282552018442,-0.0016959396054534873,-0.0002206752701567172,0.00045023094624759285,2.55597629403108,2.373986723822193,-0.39940416349322716,1.0581123516704403,0.22484659705802357,-0.03333001272449583,1296.0,1304.0,1696.0,1704.0,1500.0,1500.0,1500.0,1500.0
153.62,0.3192711673519179,-0.16886299169642027,9.782803009033175,-0.0016034065495248266,-0.0004200781788485588,0.00045022929697122405,2.5771431201212422,2.378435056432397,-0.39937626008998384,1.05810116537118,0.22104127889101904,-0.033467783879145424,1296.0,1304.0,1696.0,1704.0,1500.0,1500.0,1500.0,1500.0
153.64,0.3193683636677791,-0.1610699507467831,9.778415795070986,-0.0015158217117114494,-0.0005815524431872844,0.0004502280078154994,2.5983099234923106,2.3828108765543,-0.3993534061251301,1.0580888992757997,0.21740686593036268,-0.03371725350805753,1296.0,1304.0,1696.0,1704.0,1500.0,1500.0,1500.0,1500.0
153.66,0.3195386480425318,-0.1537186535148642,9.775441649960166,-0.0014331918896270668,-0.0006932988196935876,0.0004502268812863356,2.6194767563407098,2.3871174087618576,-0.39933728614508734,1.0580765197695998,0.21393352523147047,-0.03405511289943947,1296.0,1304.0,1696.0,1704.0,1500.0,1500.0,1500.0,1500.0
153.68,0.3195386480425318,-0.1537186535148642,9.775441649960166,-0.0014331918896270668,-0.0006932988196935876,0.0004502268812863356,2.6406436708537457,2.391357694741804,-0.3993290130594177,1.058064981683009,0.21061215825111956,-0.03445166452450289,1296.0,1304.0,1696.0,1704.0,1500.0,1500.0,1500.0,1500.0
153.7,0.3200347004271796,-0.14021435096065188,9.774405558650768,-0.0012831648915895106,-0.0007418623131278893,0.00045022455385572516,2.6618107149008745,2.395534606535539,-0.39932905329542984,1.0580551545296455,0.2074343297140986,-0.034873317440007295,1296.0,1304.0,1696.0,1704.0,1500.0,1500.0,1500.0,1500.0
153.72,0.3200347004271796,-0.14021435096065188,9.774405558650768,-0.0012831648915895106,-0.0007418623131278893,0.00045022455385572516,2.6829779281769106,2.3996508585808023,-0.3993372050715347,1.0580477563319601,0.20439220433807098,-0.03528534124710558,1296.0,1304.0,1696.0,1704.0,1500.0,1500.0,1500.0,1500.0
153.74,0.3205989386554624,-0.12812622051959688,9.779707838656027,-0.0011533646380405905,-0.0005614121722973481,0.0004502216302122598,2.704145339089945,2.403709018689213,-0.399352630331037,1.0580432999841884,0.20147849066643092,-0.03565464958352268,1296.0,1304.0,1696.0,1704.0,1500.0,1500.0,1500.0,1500.0
153.76,0.3208267419496333,0.010866790976963792,9.78419005480791,-6.510091553831315e-05,-0.00040329224259682926,0.0004502165013748038,2.7253129322537397,2.4077310795022653,-0.39937391367465647,1.0580418677454326,0.19966434529856786,-0.035953039173499124,1296.0,1304.0,1696.0,1704.0,1500.0,1500.0,1500.0,1500.0
153.78,0.321036087989505,0.011234934417167762,9.789404237415624,0.0008869621089492287,-0.0002171533952426254,0.0004502065795758231,2.746480657488524,2.4117523578424302,-0.39939919465110413,1.058043393418243,0.19961544101557305,-0.03616114899630589,1291.0,1309.0,1691.0,1709.0,1500.0,1500.0,1500.0,1500.0
153.8,0.32116386697230126,0.11758454735137405,9.794915785080578,0.0024761547443666932,-1.8096102268366e-05,0.000450191931526867,2.767648466727837,2.415797353679294,-0.3994263515502956,1.0580477617857356,0.2007908222976921,-0.036265345220934386,1287.0,1313.0,1687.0,1713.0,1500.0,1500.0,1500.0,1500.0
153.82,0.32121903432780746,0.2233539333943835,9.800277164373007,0.0036798480441860965,0.00017748033308262183,0.0004501752975420891,2.788816306310114,2.419885762965065,-0.3994531668417755,1.0580545674531499,0.20295013148873225,-0.03626136386789505,1287.0,1313.0,1687.0,1713.0,1500.0,1500.0,1500.0,1500.0
153.84,0.32122279844355744,0.21576313364525815,9.805064333559292,0.005090385100699635,0.00035396952076711935,0.0004501565765492047,2.80998409767039,2.4240457224720644,-0.3994774861040394,1.0580630597381373,0.20651548267448297,-0.03615300938107786,1283.0,1317.0,1683.0,1717.0,1500.0,1500.0,1500.0,1500.0
153.86,0.32112932367687297,0.31773996532205273,9.808907053681041,0.006053813042108982,0.0004979320065787351,0.0004501388050420855,2.8311517825786274,2.428287597419765,-0.39949741823264745,1.0580726307558639,0.2105983242374722,-0.035953106314131594,1283.0,1317.0,1683.0,1717.0,1500.0,1500.0,1500.0,1500.0
153.88,0.3209945465467294,0.3062156062249222,9.811520302481938,0.007194748984496404,0.0005983498793440479,0.0004501208748375317,2.8523192720669566,2.432637803188729,-0.39951143185040494,1.058082245590639,0.2160013419060888,-0.035681106960798604,1279.0,1321.0,1679.0,1721.0,1500.0,1500.0,1500.0,1500.0
153.9,0.32078425230847635,0.40327880756844714,9.812718037498483,0.008098279895385358,0.0006485311756281861,0.00045010421085857734,2.8734865004369077,2.4371080184350737,-0.3995185097298814,1.0580912062858483,0.22198771811907897,-0.035363085400260307,1275.0,1325.0,1675.0,1725.0,1500.0,1500.0,1500.0,1500.0
153.92,0.3205613081482892,0.38763112046040715,9.812432312074515,0.008914227060758177,0.0006451353758010828,0.00045008741831267687,2.894653379747687,2.441725266416522,-0.3995181685218859,1.058098573206451,0.22932474535329278,-0.0350283930011288,1275.0,1325.0,1675.0,1725.0,1500.0,1500.0,1500.0,1500.0
153.94,0.32030032112421863,0.47850846515843715,9.810706061397214,0.009914779894278875,0.0005900733623934191,0.0004500702763027697,2.9158198475900283,2.446504899120448,-0.3995105257651378,1.0581038217152448,0.23742887161631826,-0.03470777808651597,1275.0,1325.0,1675.0,1725.0,1500.0,1500.0,1500.0,1500.0
153.96,0.3200639304397655,0.45854827977164364,9.807699788123921,0.010364352577504366,0.0004880860431986944,0.0004500529410935428,2.9369858441850374,2.4514662680528163,-0.39949625109678666,1.0581064469231372,0.24650000739290384,-0.034431273968500715,1271.0,1329.0,1671.0,1729.0,1500.0,1500.0,1500.0,1500.0
153.98,0.3200639304397655,0.45854827977164364,9.807699788123921,0.010364352577504366,0.0004880860431986944,0.0004500529410935428,2.9581513341288845,2.4566205637877827,-0.39947652051770255,1.0581062619450026,0.25613025682061624,-0.0342236496383431,1271.0,1329.0,1671.0,1729.0,1500.0,1500.0,1500.0,1500.0
154.0,0.3196504364764837,0.5455448648908868,9.798920862066177,0.011685649718366536,0.00018323742010692957,0.00045001471173481864,2.979316272766107,2.4619917517505328,-0.39945287062170026,1.0581031168608945,0.26695812618900044,-0.03410720859137427,1266.0,1334.0,1666.0,1734.0,1500.0,1500.0,1500.0,1500.0
154.02,0.31952822892744076,0.5201784280472042,9.79385530458424,0.01151654549099948,4.843893329368645e-06,0.0004499963448865841,3.0004806864812323,2.4675691656127157,-0.3994271837694629,1.0580975308335838,0.2772522258556684,-0.03409369536502939,1266.0,1334.0,1666.0,1734.0,1500.0,1500.0,1500.0,1500.0
154.04,0.31946719974339843,0.4953387091536011,9.788863495172695,0.010961093109740949,-0.0001720709210701382,0.0004499810771693039,3.021644613574345,2.4733417805464977,-0.39940146077272604,1.0580898593045691,0.28699492708599894,-0.034185878032289695,1266.0,1334.0,1666.0,1734.0,1500.0,1500.0,1500.0,1500.0
154.06,0.31946719974339843,0.4953387091536011,9.788863495172695,0.010961093109740949,-0.0001720709210701382,0.0004499810771693039,3.0428081015691846,2.479298818636516,-0.3993776625181212,1.058080632624191,0.2961987691549255,-0.034379057598467315,1266.0,1334.0,1666.0,1734.0,1500.0,1500.0,1500.0,1500.0
154.08,0.319541806110771,0.4474837469489132,9.78060377795644,0.009259304907188654,-0.0004675732091550626,0.0004499635077238436,3.0639712046521197,2.4854297948420143,-0.3993575581445133,1.05807051239609,0.30487852719069675,-0.03466132687021097,1266.0,1334.0,1666.0,1734.0,1500.0,1500.0,1500.0,1500.0
154.1,0.319541806110771,0.4474837469489132,9.78060377795644,0.009259304907188654,-0.0004675732091550626,0.0004499635077238436,3.0851339805328193,2.491724554826748,-0.3993425907197227,1.058060233416692,0.31305083525498817,-0.03501441605194533,1266.0,1334.0,1666.0,1734.0,1500.0,1500.0,1500.0,1500.0
154.12,0.3198270772444782,0.5095406170049793,9.77656199594845,0.007934721199004667,-0.0006152036879435185,0.00044996314733008807,3.1062964752321105,2.498179832746124,-0.3993337455317752,1.0580504795497963,0.3210601777157983,-0.035415329699647745,1266.0,1334.0,1666.0,1734.0,1500.0,1500.0,1500.0,1500.0
154.14,0.32004101042739497,0.4818285994009148,9.776497934119442,0.00790367462895416,-0.0006194238809454622,0.00044996354044601997,3.127458686160171,2.504817791776408,-0.399331406180332,1.0580417221825154,0.3301777038135275,-0.03584143898037007,1262.0,1338.0,1662.0,1738.0,1500.0,1500.0,1500.0,1500.0
154.16,0.08806009383192642,0.45520099041040873,9.77775761913756,0.007667790339962432,0.0005662784651788215,0.00044791195185589716,3.148610995114938,2.5116312005546875,-0.39933585886263706,1.0575514989217623,0.3389343152934412,-0.03626580027910621,1262.0,1338.0,1662.0,1738.0,1500.0,1500.0,1500.0,1500.0
154.18,0.1299206265405968,0.429781013502171,9.780507508509258,0.007291853905963408,0.003014290162168559,0.0004436656920887992,3.1696873329710535,2.5186087528082273,-0.39934871567557917,1.0537572628628382,0.34713084233544594,-0.036631637565403524,1271.0,1347.0,1653.0,1729.0,1500.0,1500.0,1500.0,1500.0
154.2,0.06625105976212814,0.40550911041421855,9.784570094404286,0.0068303424037048895,0.005678803660431423,0.0004389033037352346,3.190676984621988,2.5257397205980623,-0.39936920155955385,1.0494299320578193,0.35479238178466094,-0.03688770219864924,1271.0,1347.0,1653.0,1729.0,1500.0,1500.0,1500.0,1500.0
154.22,0.11047300570015503,0.382435004150002,9.78967872423154,0.006323867958726919,0.007850020882957727,0.0004347050363513753,3.2115683519762386,2.5330138731168184,-0.39939605672541767,1.0445263246289294,0.36194409784723514,-0.0370049432312371,1275.0,1351.0,1649.0,1725.0,1500.0,1500.0,1500.0,1500.0
154.24,-0.25236634834781696,0.36044567754309936,9.79564308813648,0.005804286237722882,0.013744830429621225,0.0004233342077781355,3.232298383698024,2.540421395123731,-0.3994292816098819,1.0364733695699102,0.36861093628447417,-0.036955658993115384,1275.0,1351.0,1649.0,1725.0,1500.0,1500.0,1500.0,1500.0
154.26,-0.1549181045528364,0.33971616181961894,9.802391672509202,0.005291390453452113,0.01818039627934727,0.0004138724211547499,3.2528046875935486,2.5479529777603775,-0.39946848691201736,1.0253062454078896,0.3748184749547407,-0.03667660779943482,1292.0,1368.0,1632.0,1708.0,1500.0,1500.0,1500.0,1500.0
154.28,-0.07674810471032428,0.6287581143910627,9.809212254651662,0.007824756792486487,0.020815434225859273,0.00040667724015005233,3.273126627740492,2.5556708554862637,-0.3995093628937572,1.016121052739025,0.38413566364893253,-0.03618316876554732,1280.0,1380.0,1620.0,1720.0,1500.0,1500.0,1500.0,1500.0
154.3,-0.01374177282801975,0.5886968424087523,9.815439378344392,0.009449865685823367,0.02194051326661461,0.0004012416821192275,3.2932963201598464,2.5636184472613963,-0.39954792946818835,1.0085521328675697,0.3956209699214298,-0.0355266780447505,1280.0,1380.0,1620.0,1720.0,1500.0,1500.0,1500.0,1500.0
154.32,0.037153253029591604,0.5509048856705375,9.820511527002639,0.01034633363713725,0.02187653944042831,0.00039712263867041963,3.3133401588468465,2.5717791501322202,-0.39958096140215066,1.0023064104719317,0.4062739934719354,-0.034747452095322776,1280.0,1380.0,1620.0,1720.0,1500.0,1500.0,1500.0,1500.0
154.34,-0.025157972726510824,0.4081203677170294,9.82399489986515,0.010228311559628094,0.021434424981954248,0.0003930670130499642,3.3332755358452912,2.580132809122582,-0.399606029143301,0.9969315236728192,0.4159182773231742,-0.03388625530478735,1288.0,1380.0,1620.0,1712.0,1500.0,1500.0,1500.0,1500.0
154.36,0.025869420238620433,0.3827414684078812,9.82573832557851,0.009255100448690304,0.020902893562214496,0.00038874258087641595,3.353090795930548,2.5886329330059263,-0.3996223879772452,0.9909708013812255,0.4232398876058768,-0.03297153838968162,1288.0,1380.0,1620.0,1712.0,1500.0,1500.0,1500.0,1500.0
154.38,0.06736889486022371,0.3588992114390138,9.825605095656146,0.008268102048239464,0.019679756507094675,0.00038539769248523284,3.3728007922550103,2.5972619929483995,-0.39962904753930206,0.9857515170616479,0.429685128096194,-0.032036070287168456,1288.0,1380.0,1620.0,1712.0,1500.0,1500.0,1500.0,1500.0
154.4,0.10123052525919124,0.3365504154361495,9.82357475288612,0.007319070611829575,0.0179849562225897,0.0003827989150022377,3.3924234414297003,2.60600986384837,-0.3996256516745237,0.981426032845369,0.435623662173827,-0.03112869903798173,1288.0,1380.0,1620.0,1712.0,1500.0,1500.0,1500.0,1500.0
154.42,0.02905072349674631,0.2103168387039941,9.819813180575425,0.005794066713373314,0.016744745178399897,0.00037943732663770977,3.4119646553838625,2.614857986318567,-0.39961301295499385,0.9773918309657024,0.44063443081894116,-0.030293227067060967,1288.0,1380.0,1620.0,1712.0,1500.0,1500.0,1500.0,1500.0
154.44,0.02905072349674631,0.2103168387039941,9.819813180575425,0.005794066713373314,0.016744745178399897,0.00037943732663770977,3.4314090920118874,2.6237674862579943,-0.39959336363425185,0.9725833051149188,0.44370344820968777,-0.029549648399160598,1296.0,1380.0,1620.0,1704.0,1500.0,1500.0,1500.0,1500.0
154.46,0.0042764765123112225,-0.018733855530009197,9.808815981423125,0.0012766909628301253,0.015117917384291732,0.0003716761869932678,3.4507557867771705,2.63269985772428,-0.3995690335959868,0.9677191429813963,0.4448478907568162,-0.028915905085712002,1296.0,1380.0,1620.0,1704.0,1500.0,1500.0,1500.0,1500.0
154.48,0.046609873613866426,-0.012606802968310155,9.80260665435372,-0.0011659526891246307,0.01440369950648966,0.00036790407294968043,3.469996394600478,2.641600335008849,-0.39954298922720394,0.9624285669093844,0.4432557046601039,-0.028390756944233285,1308.0,1376.0,1624.0,1692.0,1500.0,1500.0,1500.0,1500.0
154.5,0.08140414242361615,-0.007310797864808052,9.79655145344265,-0.0028104281556735403,0.013333698224292185,0.00036498567444978103,3.4891483375973515,2.6504705225047505,-0.3995172103257214,0.9580054626901504,0.44174298853582245,-0.027985539316953984,1308.0,1376.0,1624.0,1692.0,1500.0,1500.0,1500.0,1500.0
154.52,-0.35546396084110987,-0.5785682128018743,9.791049725506534,-0.0044331335975709716,0.012610959921773733,0.0003617304055132587,3.5082245856482572,2.6593104240895116,-0.3994937393418376,0.9542270237940269,0.44022960675771206,-0.027709355725540653,1308.0,1376.0,1624.0,1692.0,1500.0,1500.0,1500.0,1500.0
154.54,-0.35546396084110987,-0.5785682128018743,9.791049725506534,-0.0044331335975709716,0.012610959921773733,0.0003617304055132587,3.5271274762386864,2.6679808882320875,-0.39947824572368446,0.9455478292850679,0.431767611185118,-0.027517272961241467,1346.0,1372.0,1628.0,1654.0,1500.0,1500.0,1500.0,1500.0
154.56,-0.28005187227315553,-0.4880639408491799,9.784919550256141,-0.013675156766914274,0.018382531262534724,0.00034232323838418984,3.54582370262699,2.6764162902054998,-0.3994735396432425,0.9351958773990094,0.4200296421564965,-0.027314207860283813,1346.0,1372.0,1628.0,1654.0,1500.0,1500.0,1500.0,1500.0
154.58,-0.28005187227315553,-0.4880639408491799,9.784919550256141,-0.013675156766914274,0.018382531262534724,0.00034232323838418984,3.564317239524015,2.6846344070508805,-0.3994800562805331,0.925044596231807,0.40918222155776973,-0.027081604134988328,1350.0,1376.0,1624.0,1650.0,1500.0,1500.0,1500.0,1500.0
154.6,-0.12779579114891232,-0.4166523036768672,9.787082940987116,-0.016493384629345933,0.020984925179539947,0.000327577153650869,3.582632826212312,2.692651379057515,-0.3994968532642079,0.9161331923161947,0.39914108864894554,-0.026804464235553438,1350.0,1376.0,1624.0,1650.0,1500.0,1500.0,1500.0,1500.0
154.62,-0.07122457204866062,-0.38624893318731196,9.790873740448603,-0.016356098985881726,0.020721550175104315,0.00032264492719858334,3.6007990442003943,2.700481885476344,-0.39952212729566616,0.9086540774737839,0.3898323215858778,-0.026474575256128223,1350.0,1376.0,1624.0,1650.0,1500.0,1500.0,1500.0,1500.0
154.64,-0.07122457204866062,-0.38624893318731196,9.790873740448603,-0.016356098985881726,0.020721550175104315,0.00032264492719858334,3.618839723426726,2.7081392999209193,-0.399553571210133,0.9023697482038411,0.38119061891757827,-0.026082173629290106,1350.0,1376.0,1624.0,1650.0,1500.0,1500.0,1500.0,1500.0
154.66,0.01439944431975096,-0.33346024477915126,9.801760612628474,-0.014377517721163644,0.018351177439835043,0.0003160782167385035,3.636774785137394,2.715635836163785,-0.39958852239531173,0.8970847635714874,0.3731579954744441,-0.025618714085732786,1350.0,1376.0,1624.0,1650.0,1500.0,1500.0,1500.0,1500.0
154.68,0.04671731033175766,-0.3103396940235442,9.807786310067574,-0.012947610789793604,0.016657867110022474,0.00031398276076116465,3.6546209178819518,2.7229826721786075,-0.3996241466784528,0.8926373615899881,0.3656826891335572,-0.02507990058136874,1350.0,1376.0,1624.0,1650.0,1500.0,1500.0,1500.0,1500.0
154.7,0.0736835082037883,-0.28903177200541974,9.813459746642128,-0.011423422612651935,0.014833486537596412,0.000312441296635643,3.6723921248867946,2.730190056892623,-0.39965764087303174,0.8888930061595965,0.35871829322471066,-0.02446782653888887,1350.0,1376.0,1624.0,1650.0,1500.0,1500.0,1500.0,1500.0
154.72,0.0962349425925284,-0.26932656546705885,9.818270978545454,-0.009906355190170172,0.012986116359394185,0.00031131829164456905,3.6901001710274284,2.737267402964453,-0.3996864360466292,0.8857393625621853,0.35222305512956364,-0.02379207755474708,1350.0,1376.0,1624.0,1650.0,1500.0,1500.0,1500.0,1500.0
154.74,0.11513183471093671,-0.25105400521174515,9.821793798367546,-0.008466493037264012,0.011191822249082217,0.0003105068219679177,3.7077549504669824,2.7442233680822437,-0.39970838406188736,0.8830823422779457,0.34615929887500696,-0.023069785448442313,1350.0,1376.0,1624.0,1650.0,1500.0,1500.0,1500.0,1500.0
154.76,0.13099484658032845,-0.23407476183262282,9.82371706611285,-0.00714853008631871,0.009500691178974502,0.00030992414303279974,3.725364790881037,2.7510659266913557,-0.39972191185044215,0.8808429576403654,0.340492942302877,-0.022324724721440477,1350.0,1376.0,1624.0,1650.0,1500.0,1500.0,1500.0,1500.0
154.78,0.14433382260139238,-0.2182730144308035,9.823866447214812,-0.005977223896911788,0.007942729989359425,0.0003095074476300995,3.74293670644498,2.7578024336378872,-0.39972613094222154,0.8789547966436491,0.33519308833401895,-0.021585616929178174,1350.0,1376.0,1624.0,1650.0,1500.0,1500.0,1500.0,1500.0
154.8,0.1555700232230922,-0.20355077848455289,9.822215192393486,-0.004962227895517614,0.00653319170095265,0.0003092099331208153,3.7604766090062896,2.7644396809034704,-0.399720893684205,0.8773619772894069,0.3302316757624984,-0.020883859004323185,1350.0,1376.0,1624.0,1650.0,1500.0,1500.0,1500.0,1500.0
154.82,0.16505328922429444,-0.1898235307009476,9.818883412616428,-0.004102243592084756,0.00527710315169732,0.00030899730932261134,3.7779894848170925,2.7709839483737926,-0.3997067920160207,0.8760174757035397,0.3255831787657623,-0.02025092080749822,1350.0,1376.0,1624.0,1650.0,1500.0,1500.0,1500.0,1500.0
154.84,0.17307526374299315,-0.1770169072601986,9.81412611051537,-0.003388488131809986,0.004172903458188448,0.00030884482810502743,3.795479542667327,2.7774410494054402,-0.3996850992915941,0.8748817474111459,0.3212243466393804,-0.019715667034752186,1350.0,1376.0,1624.0,1650.0,1500.0,1500.0,1500.0,1500.0
154.86,0.17987957163697718,-0.16506427980566793,9.80831100028697,-0.002807504493529726,0.003215193530713423,0.00030873485405504193,3.812950338100231,2.783816371818408,-0.3996576601211179,0.8739215797271062,0.31713397676671784,-0.019301850667141792,1350.0,1376.0,1624.0,1650.0,1500.0,1500.0,1500.0,1500.0
154.88,0.18566968319974597,-0.15390503460252777,9.80188785668905,-0.002343361884111632,0.0023966585862491073,0.0003086549457728127,3.830404877513427,2.79011491483516,-0.3996267372482671,0.8731091272721903,0.3132927149213903,-0.019026000928065723,1350.0,1376.0,1624.0,1650.0,1500.0,1500.0,1500.0,1500.0
154.9,0.19061505226901485,-0.1434833981666613,9.795351750383277,-0.0019793075075803883,0.0017092672622156639,0.0003085963863389737,3.8478457052804123,2.7963413224047935,-0.3995948277935151,0.8724210935154948,0.3096828779343525,-0.018895889923238516,1350.0,1376.0,1624.0,1650.0,1500.0,1500.0,1500.0,1500.0
154.92,0.19485600494693844,-0.13374767012558694,9.78920301183425,-0.001698940098330541,0.0011448772589700326,0.00030855308790737185,3.8652749765161882,2.8024999132876305,-0.3995644635445985,0.8718380298389097,0.3062882946567011,-0.01890971094588045,1350.0,1376.0,1624.0,1650.0,1500.0,1500.0,1500.0,1500.0
154.94,0.19850775702980156,-0.124649742640481,9.78390707065317,-0.0014869810265584222,0.0006953910161791473,0.0003085207945903723,3.8826945177163097,2.808594708227155,-0.39953801117385856,0.8713437304704579,0.30309416202502637,-0.019056040754879416,1350.0,1376.0,1624.0,1650.0,1500.0,1500.0,1500.0,1500.0
154.96,0.20166385158331146,-0.11614480572376087,9.779857391874629,-0.0013297204371313382,0.00035260747165485125,0.00030849651480085587,3.900105877189141,2.8146294544992445,-0.3995174881980342,0.8709247071143531,0.3000869138781167,-0.01931459184399088,1350.0,1376.0,1624.0,1650.0,1500.0,1500.0,1500.0,1500.0
154.98,0.20439923065910415,-0.1081911586633845,9.777344536858132,-0.0012152137897124859,0.0001079089460858045,0.0003084781248384662,3.9175103669513223,2.8206076480996893,-0.3995044091513283,0.8705697314534226,0.2972541009045057,-0.019657693636051278,1350.0,1376.0,1624.0,1650.0,1500.0,1500.0,1500.0,1500.0
155.0,0.20677308640258674,-0.10075006844969661,9.77653390162015,-0.0011332986241222587,-4.8092718654299176e-05,0.0003084640969500207,3.934909097547105,2.8265325538076636,-0.39949967390703706,0.8702694371004498,0.2945842807073543,-0.020052379174591694,1350.0,1376.0,1624.0,1650.0,1500.0,1500.0,1500.0,1500.0
155.02,0.20883157545392111,-0.09378563540849008,9.77745395315283,-0.0010754930094804952,-0.0001258441163763979,0.0003084533157053113,3.9523030070690144,2.8324072233427717,-0.39950350655744665,0.8700159751595942,0.29206691740586066,-0.020462901900552118,1350.0,1376.0,1624.0,1650.0,1500.0,1500.0,1500.0,1500.0
155.04,0.21065685125165676,-0.32742824527282227,9.779998933326135,-0.00248447396186314,-0.0001376050418866139,0.0003084483981200569,3.9696929289864307,2.83821397103987,-0.3995155017208127,0.8698029210633275,0.28866530566231474,-0.02085265647020177,1350.0,1376.0,1624.0,1650.0,1500.0,1500.0,1500.0,1500.0
155.06,0.21217814149266007,-0.30907533071306725,9.783958977087348,-0.004246197316576797,-9.517162276084352e-05,0.00030845300695720644,3.9870796714118764,2.8438864602090783,-0.3995347385554807,0.8696250551025517,0.2819475427402979,-0.02118094188610467,1359.0,1367.0,1633.0,1641.0,1500.0,1500.0,1500.0,1500.0
155.08,0.21347165330202772,-0.29234036801943275,9.788995790353312,-0.0053641167726054245,-1.2292264896617669e-05,0.0003084616158058353,4.004463787729042,2.8494262725678294,-0.3995595690496795,0.869476783557978,0.2753097765269046,-0.02141824910095707,1359.0,1367.0,1633.0,1641.0,1500.0,1500.0,1500.0,1500.0
155.1,0.21455537929223542,-0.2769819962055979,9.794687788141363,-0.00596242783547914,9.676250933059424e-05,0.0003084706378460112,4.0218457251555995,2.854840436228812,-0.399587918602938,0.869353808492003,0.26902412005787124,-0.02154709804309312,1359.0,1367.0,1633.0,1641.0,1500.0,1500.0,1500.0,1500.0
155.12,0.21544563494710808,-0.26280172542663277,9.800568690827502,-0.006158721896981361,0.0002176318111959677,0.0003084779780713748,4.039225850852448,2.8601354968699257,-0.3996174726378715,0.8692523695550841,0.2630662417296639,-0.021557884798686346,1359.0,1367.0,1633.0,1641.0,1500.0,1500.0,1500.0,1500.0
155.14,0.2161585473265916,-0.2496377617957509,9.806165661553663,-0.00605843123830805,0.0003365755485221517,0.00030848271046741207,4.056604463923984,2.8653175616049915,-0.3996458635671026,0.8691690926480694,0.2574140167375415,-0.021449758787425378,1359.0,1367.0,1633.0,1641.0,1500.0,1500.0,1500.0,1500.0
155.16,0.21671111164923482,-0.23735910643410413,9.811037012176472,-0.005752069628652035,0.00044122062298602863,0.0003084847172866117,4.073981806311648,2.870392336849644,-0.39967085845787564,0.8691009334166321,0.2520472359357309,-0.021230800391327423,1359.0,1367.0,1633.0,1641.0,1500.0,1500.0,1500.0,1500.0
155.18,0.21712181088224744,-0.22586015999339532,9.814806486618217,-0.005314427905244937,0.0005212611971441312,0.00030848435703663895,4.091358072731869,2.8753651614153304,-0.3996905326031564,0.8690451460560883,0.24694737344794698,-0.020917438609185216,1359.0,1367.0,1633.0,1641.0,1500.0,1500.0,1500.0,1500.0
155.2,0.21741080118052392,-0.21505593757069077,9.817191561134132,-0.004805059940425524,0.0005690451503622718,0.00030848219939679986,4.108733419725529,2.880241035769213,-0.3997034156550308,0.8689992713553985,0.2420973976963307,-0.020533174123150207,1359.0,1367.0,1633.0,1641.0,1500.0,1500.0,1500.0,1500.0
155.22,0.21759970119141114,-0.20487792245520978,9.818023785774088,-0.004269559679680483,0.0005799874934388534,0.0003084788410155356,4.126107973822513,2.885024648170065,-0.3997085994234029,0.8689611376066851,0.2374816147218488,-0.020106728656286238,1359.0,1367.0,1633.0,1641.0,1500.0,1500.0,1500.0,1500.0
155.24,0.21771105113152656,-0.19527054415912104,9.817259865222617,-0.0037412685175281383,0.0005527692531362612,0.000308474798285203,4.143481838783194,2.889720398217876,-0.39970579965414915,0.8689288681752234,0.23308553599622966,-0.019669783479646836,1359.0,1367.0,1633.0,1641.0,1500.0,1500.0,1500.0,1500.0
155.26,0.2177675281852286,-0.18618824353186578,9.81498288674589,-0.0032431606751840594,0.0004893015304452889,0.00030847046232347245,4.16085510185857,2.8943324182256815,-0.39969536780579173,0.8689008901167823,0.22889576531400735,-0.019254496981811843,1359.0,1367.0,1633.0,1641.0,1500.0,1500.0,1500.0,1500.0
155.28,0.21779101664824166,-0.1775930762091074,9.811393808829719,-0.002789735385504348,0.0003944564764001617,0.00030846609687826433,4.178227839010527,2.898864592725789,-0.3996782527591212,0.8688759391772152,0.2248999009383641,-0.018891002978960462,1359.0,1367.0,1633.0,1641.0,1500.0,1500.0,1500.0,1500.0
155.3,0.21779101664824166,-0.1775930762091074,9.811393808829719,-0.002789735385504348,0.0003944564764001617,0.00030846609687826433,4.195600119050588,2.9033205763507306,-0.3996559162391326,0.8688530576792127,0.22108645014655096,-0.018605088287770525,1359.0,1367.0,1633.0,1641.0,1500.0,1500.0,1500.0,1500.0
155.32,0.217816809351453,-0.16173938481711467,9.801560221483484,-0.0020431027279117124,0.00014187779036102448,0.00030845783615509215,4.212972006685696,2.907703810275936,-0.39963020923582454,0.8688315830701583,0.21744475391004317,-0.018416230898378277,1359.0,1367.0,1633.0,1641.0,1500.0,1500.0,1500.0,1500.0
155.34,0.217816809351453,-0.16173938481711467,9.801560221483484,-0.0020431027279117124,0.00014187779036102448,0.00030845783615509215,4.2303435644989325,2.9120175373715833,-0.39960321963563017,0.868811126147973,0.2139649198134297,-0.01833615020826163,1359.0,1367.0,1633.0,1641.0,1500.0,1500.0,1500.0,1500.0
155.36,0.21791260059067985,-0.14749566196247405,9.79088796164788,-0.0015111413448033475,-0.00012886002270474865,0.00030845055330692566,4.247714853936994,2.916264816182227,-0.3995771034078675,0.8687915391229095,0.21063776160858202,-0.018367980045068018,1359.0,1367.0,1633.0,1641.0,1500.0,1500.0,1500.0,1500.0
155.38,0.2180086344523956,-0.1409217217792193,9.786291046909579,-0.0013164577042800332,-0.00024552571942869773,0.0003084473127124321,4.26508593542113,2.920448533832063,-0.39955391286649916,0.8687728746942612,0.2074547440775591,-0.018506126021186314,1359.0,1367.0,1633.0,1641.0,1500.0,1500.0,1500.0,1500.0
155.4,0.21813967279058713,-0.13468642239107959,9.782676624118936,-0.0011618464567513178,-0.00033790964969397706,0.00030844434031798696,4.282456867732572,2.9245714179391378,-0.39953543564445215,0.8687553378079595,0.20440793216640354,-0.018736814576022807,1359.0,1367.0,1633.0,1641.0,1500.0,1500.0,1500.0,1500.0
155.42,0.2183026092060412,-0.1287711841522628,9.780314796557557,-0.001041251735178812,-0.00039951305360040184,0.0003084416327661229,4.299827706857458,2.9286360476119,-0.3995230570495459,0.8687392327590666,0.20148994364892353,-0.019039285738051415,1359.0,1367.0,1633.0,1641.0,1500.0,1500.0,1500.0,1500.0
155.44,0.2183026092060412,-0.1287711841522628,9.780314796557557,-0.001041251735178812,-0.00039951305360040184,0.0003084416327661229,4.317198504500701,2.9326448635948092,-0.39951765648057735,0.868724908839478,0.19869390485545022,-0.01938752884155746,1359.0,1367.0,1633.0,1641.0,1500.0,1500.0,1500.0,1500.0
155.46,0.21869423272529603,-0.11783111187891368,9.779898802389601,-0.0008788017598516146,-0.0004171195796709539,0.0003084369767202291,4.334569306481611,2.9366001776251625,-0.399519545724027,0.8687127075958008,0.1960134092366735,-0.01975241607226147,1359.0,1367.0,1633.0,1641.0,1500.0,1500.0,1500.0,1500.0
155.48,0.21869423272529603,-0.11783111187891368,9.779898802389601,-0.0008788017598516146,-0.0004171195796709539,0.0003084369767202291,4.351940151215826,2.9405041810600174,-0.39952845346383514,0.868702914943135,0.19344247870761505,-0.02010405657442606,1359.0,1367.0,1633.0,1641.0,1500.0,1500.0,1500.0,1500.0
155.5,0.21910053054291545,-0.10797007831563764,9.784982769577615,-0.0007872285843166038,-0.00029960862028753177,0.00030843321899188023,4.369311068466221,2.944358952829304,-0.39954355652077506,0.8686957212185519,0.1909755278178832,-0.0204141769990044,1359.0,1367.0,1633.0,1641.0,1500.0,1500.0,1500.0,1500.0
155.52,0.2192785951159639,-0.10340650093922737,9.789090199343898,-0.000757502913674352,-0.00020208107462076278,0.00030843161862404697,4.386682078511351,2.948166466768582,-0.399563554529842,0.8686911918288558,0.18860733083186887,-0.020658334606134966,1359.0,1367.0,1633.0,1641.0,1500.0,1500.0,1500.0,1500.0
155.54,0.2194249554864698,-0.09906889914026892,9.793807737164425,-0.000734142560530458,-8.916026587939278e-05,0.0003084301710463813,4.404053191836104,2.9519285983821026,-0.39958678129690695,0.8686892504551231,0.18633299178281432,-0.020817786231437145,1359.0,1367.0,1633.0,1641.0,1500.0,1500.0,1500.0,1500.0
155.56,0.2195309504204862,-0.09494415165859016,9.798750399563502,-0.000714640844061578,2.980709946391902e-05,0.00030842885541750964,4.42142440939907,2.9556471310837646,-0.39961134324376274,0.8686896758513036,0.18414791750377504,-0.020880868619676633,1359.0,1367.0,1633.0,1641.0,1500.0,1500.0,1500.0,1500.0
155.58,0.21959089402274198,-0.09101979916314032,9.8035224986211,-0.0006970349423982982,0.00014515501024378233,0.000308427656418591,4.43879572347814,2.9593237619602295,-0.3996352733784779,0.8686921121690258,0.18204779355741846,-0.020843789332810204,1359.0,1367.0,1633.0,1641.0,1500.0,1500.0,1500.0,1500.0
155.6,0.21960256043232212,-0.08728401862246474,9.807749173982756,-0.0006798515532113545,0.0002476685737297049,0.0003084265649611635,4.456167119044505,2.9629601070969693,-0.39965668825153144,0.8686960915978739,0.1800285629009712,-0.020710778192121724,1359.0,1367.0,1633.0,1641.0,1500.0,1500.0,1500.0,1500.0
155.62,0.2195673521714923,-0.08372560047290929,9.811105527034712,-0.0006620508118922727,0.00032932451984496187,0.00030842557759184694,4.4735385755741515,2.9665577065044686,-0.3996739354177135,0.8687010672872004,0.17808640704667048,-0.020493601852670205,1359.0,1367.0,1633.0,1641.0,1500.0,1500.0,1500.0,1500.0
155.64,0.21949015818616446,-0.0803339301467214,9.813341156050223,-0.000642970446884313,0.00038391229857562525,0.00030842469481427975,4.490910069164535,2.9701180286782862,-0.39968571996967256,0.8687064531944083,0.17621772942201505,-0.02021049445031828,1359.0,1367.0,1633.0,1641.0,1500.0,1500.0,1500.0,1500.0
155.66,0.21937892974309806,-0.07709897468771908,9.814298339713567,-0.0006222709443540444,0.00040749606429937065,0.0003084239187655612,4.50828157479817,2.973642474823334,-0.3996912006147417,0.8687116671451733,0.17441914060232083,-0.01988460160103674,1359.0,1367.0,1633.0,1641.0,1500.0,1500.0,1500.0,1500.0
155.68,0.21937892974309806,-0.07709897468771908,9.814298339713567,-0.0006222709443540444,0.00040749606429937065,0.0003084239187655612,4.525653078562842,2.9771280107108034,-0.3996900525457283,0.8687162168726832,0.1724688504070775,-0.019541991247874962,1363.0,1363.0,1637.0,1637.0,1500.0,1500.0,1500.0,1500.0
155.7,0.21911554480342293,-0.17608010910295852,9.812268797791386,-0.0018645495214961944,0.000358387413485059,0.0003084273843370357,4.543024633117112,2.9805436538480583,-0.39968250667449795,0.8687199074480523,0.16896960313612536,-0.019208034350421392,1363.0,1363.0,1637.0,1637.0,1500.0,1500.0,1500.0,1500.0
155.72,0.21911554480342293,-0.17608010910295852,9.812268797791386,-0.0018645495214961944,0.000358387413485059,0.0003084273843370357,4.560396233772249,2.983885472463749,-0.3996692702912609,0.8687221023160422,0.16527401146059417,-0.018907597983847297,1363.0,1363.0,1637.0,1637.0,1500.0,1500.0,1500.0,1500.0
155.74,0.21883238847415018,-0.164372744184525,9.805822970450166,-0.002633018888485874,0.00020170421885577625,0.0003084373025018842,4.57776786716367,2.9871560429835533,-0.3996514828551072,0.8687225482339468,0.16170735193981528,-0.018664138540074766,1363.0,1363.0,1637.0,1637.0,1500.0,1500.0,1500.0,1500.0
155.76,0.21883238847415018,-0.164372744184525,9.805822970450166,-0.002633018888485874,0.00020170421885577625,0.0003084373025018842,4.595139527119747,2.9903578212565973,-0.3996306253389976,0.8687212073801737,0.1582634928883332,-0.018495944193983708,1363.0,1363.0,1637.0,1637.0,1500.0,1500.0,1500.0,1500.0
155.78,0.21864304352899938,-0.15393744723845237,9.797081684590916,-0.00264081247243084,-1.07829952673447e-05,0.00030844627947848444,4.612511214754434,2.9934931498478825,-0.39960839776243007,0.8687181865513992,0.1549367029262323,-0.01841479926956835,1363.0,1363.0,1637.0,1637.0,1500.0,1500.0,1500.0,1500.0
155.8,0.21860294549726925,-0.14908485957384934,9.792710393389985,-0.00248541810058532,-0.00011707675949622392,0.0003084494339389113,4.629882937990773,2.996564264292341,-0.39958658128646646,0.8687137255414257,0.1517215920238863,-0.018425242314185117,1363.0,1363.0,1637.0,1637.0,1500.0,1500.0,1500.0,1500.0
155.82,0.21860294549726925,-0.14908485957384934,9.792710393389985,-0.00248541810058532,-0.00011707675949622392,0.0003084494339389113,4.64725471056307,2.99957329861695,-0.399566895951236,0.8687081756782897,0.14861306760696535,-0.01852438763483257,1363.0,1363.0,1637.0,1637.0,1500.0,1500.0,1500.0,1500.0
155.84,0.21864518381670695,-0.13997456625633833,9.785657696271986,-0.002037202756147097,-0.00028882585840702687,0.00030845247916705046,4.664626550582359,3.0025222903547126,-0.3995508653680421,0.8687019701659482,0.1456063026211611,-0.0187023197779937,1363.0,1363.0,1637.0,1637.0,1500.0,1500.0,1500.0,1500.0
155.86,0.21872315659551003,-0.13568344774871563,9.783514654531519,-0.0017936814948924197,-0.0003412662381598079,0.00030845243842339966,4.681998478785402,3.005413185207519,-0.3995396990155516,0.8686955886949832,0.14269671271130974,-0.018943026061017318,1363.0,1363.0,1637.0,1637.0,1500.0,1500.0,1500.0,1500.0
155.88,0.2188311722952149,-0.1315536569005825,9.782526003610723,-0.0015591134386758838,-0.0003657900585348158,0.00030845151974112216,4.699370516612524,3.0082478414626426,-0.39953420127528366,0.8686895191147194,0.13987993998166598,-0.019225789360255808,1363.0,1363.0,1637.0,1637.0,1500.0,1500.0,1500.0,1500.0
155.9,0.21896035206691944,-0.12757790052125745,9.782750832182991,-0.0013432161798354312,-0.00036093294338992424,0.0003084499018710162,4.716742684269195,3.011028034228101,-0.39953471409313124,0.8686842189618107,0.13715184118083573,-0.019526926549702922,1363.0,1363.0,1637.0,1637.0,1500.0,1500.0,1500.0,1500.0
155.92,0.21910026934220297,-0.12375066700516425,9.784150717651327,-0.001151580635248097,-0.00032756675775286447,0.00030844778073799086,4.7341149989248885,3.013755459523348,-0.39954109735628845,0.8686800797402716,0.13450847858045956,-0.019821730425627654,1363.0,1363.0,1637.0,1637.0,1500.0,1500.0,1500.0,1500.0
155.94,0.21923979262832846,-0.12006750385185123,9.786594404534057,-0.000986626336744298,-0.0002687964568495834,0.0003084453489979203,4.751487473189531,3.016431738241857,-0.3995527479676384,0.8686773966915847,0.13194611226015535,-0.02008645735065303,1363.0,1363.0,1637.0,1637.0,1500.0,1500.0,1500.0,1500.0
155.96,0.21936797679599096,-0.11652449404017087,9.78986991098989,-0.0008484481767871596,-0.00018968370360061853,0.0003084427799630989,4.768860113983511,3.019058419989188,-0.39956865545167713,0.8686763464189816,0.12946119292723152,-0.020300200831048533,1363.0,1363.0,1637.0,1637.0,1500.0,1500.0,1500.0,1500.0
155.98,0.21947493186815065,-0.11311789590700155,9.793702919855127,-0.0007355375246497416,-9.682002972714103e-05,0.00030844021713677107,4.78623292188422,3.021636986792586,-0.39958748900922475,0.8686769741593677,0.12705035476223916,-0.020446502970424146,1363.0,1363.0,1637.0,1637.0,1500.0,1500.0,1500.0,1500.0
156.0,0.21955259909110816,-0.10984391288505728,9.79777980394423,-0.0006453740554060082,2.215994584145921e-06,0.0003084377695113006,4.803605890992938,3.0241688566744136,-0.3996077084982727,0.8686791917347303,0.12471040805697772,-0.02051457993666987,1363.0,1363.0,1637.0,1637.0,1500.0,1500.0,1500.0,1500.0
156.02,0.2195953685010058,-0.10669856301332328,9.801773297389936,-0.0005748937887954474,9.947200535102985e-05,0.00030843551184108316,4.820979009323752,3.026655387080791,-0.3996276900503725,0.8686827863240577,0.12243833160566422,-0.020500071698316327,1363.0,1363.0,1637.0,1637.0,1500.0,1500.0,1500.0,1500.0
156.04,0.21960049855893823,-0.10367762252957993,9.805368677771746,-0.0005208445323721951,0.00018725569627081062,0.00030843348849723625,4.838352259674144,3.0290978781575104,-0.3996458560629601,0.8686874392395867,0.12023126491604937,-0.020405266935695183,1363.0,1363.0,1637.0,1637.0,1500.0,1500.0,1500.0,1500.0
156.06,0.21956829401781813,-0.10077662235210061,9.808288365140488,-0.0004800429678371782,0.0002587535919505153,0.0003084317193030788,4.855725620902029,3.0314975758671077,-0.3996607991888989,0.8686927531801236,0.1180865003537271,-0.02023879722148876,1363.0,1363.0,1637.0,1637.0,1500.0,1500.0,1500.0,1500.0
156.08,0.21956829401781813,-0.10077662235210061,9.808288365140488,-0.0004800429678371782,0.0002587535919505153,0.0003084317193030788,4.873099069501368,3.0338556749431946,-0.39967139065229706,0.8686982854830758,0.11600147533095992,-0.0200148365816478,1363.0,1363.0,1637.0,1637.0,1500.0,1500.0,1500.0,1500.0
156.1,0.21940760199121945,-0.09531555630307585,9.81129783097396,-0.00042677080096756515,0.00033309854567888596,0.0003084289375904582,4.890472581344573,3.0361733216805047,-0.39967686466545177,0.868703584377687,0.11397376462465836,-0.019751880467685702,1363.0,1363.0,1637.0,1637.0,1500.0,1500.0,1500.0,1500.0
156.12,0.2192930714037069,-0.09274571795304241,9.811182185367676,-0.00040952009801593626,0.00033084498418058886,0.0003084278959969425,4.90784613345039,3.0384516165614226,-0.3996768727652837,0.8687082252250695,0.11200107288018057,-0.019471208688775506,1363.0,1363.0,1637.0,1637.0,1500.0,1500.0,1500.0,1500.0
156.14,0.2191679162065291,-0.09027641194191736,9.809993267987597,-0.0003960216896237591,0.00030243932265805034,0.0003084270584312476,4.92521970563669,3.040691616721763,-0.3996715043534887,0.8687118437722811,0.1100812273237451,-0.019195158386764978,1363.0,1363.0,1637.0,1637.0,1500.0,1500.0,1500.0,1500.0
156.16,0.2190422848165687,-0.08790273175637446,9.807842312062201,-0.0003848972687201432,0.0002505794539437551,0.0003084264000338151,4.942593281929249,3.0428943382603455,-0.39966127241708765,0.8687141638021185,0.10821217069229334,-0.018945344704900256,1363.0,1363.0,1637.0,1637.0,1500.0,1500.0,1500.0,1500.0
156.18,0.21892617508956722,-0.08561987944014574,9.8049145885301,-0.00037512781807688895,0.00017977117287818094,0.0003084258950488394,4.9599668516192255,3.045060758398376,-0.39964706612262857,0.8687150171394139,0.10639195438110491,-0.018740968004425478,1363.0,1363.0,1637.0,1637.0,1500.0,1500.0,1500.0,1500.0
156.2,0.21882865100595966,-0.0834232178053508,9.801453752203425,-0.000366004302478614,9.593781999874974e-05,0.0003084255175801414,4.977340409891655,3.0471918174957553,-0.39963007452028443,0.8687143546768556,0.10461873180958074,-0.01859733756509685,1363.0,1363.0,1637.0,1637.0,1500.0,1500.0,1500.0,1500.0
156.22,0.21882865100595966,-0.0834232178053508,9.801453752203425,-0.000366004302478614,9.593781999874974e-05,0.0003084255175801414,4.994713957982424,3.0492884209323465,-0.3996116877805876,0.8687122478453592,0.10289075201556148,-0.018524723434459066,1363.0,1363.0,1637.0,1637.0,1500.0,1500.0,1500.0,1500.0
156.24,0.21875714988414002,-0.08130831153723479,9.797741835181824,-0.00035707282155818514,5.926809157806151e-06,0.00030842524213464315,5.0120875028590826,3.0513514408627627,-0.39959338405806866,0.8687088807043549,0.10120635349264803,-0.01852762173086932,1363.0,1363.0,1637.0,1637.0,1500.0,1500.0,1500.0,1500.0
156.26,0.21871070622596206,-0.077307198099671,9.790747120944376,-0.00033891677928985094,-0.00016395999340308105,0.00030842490058089817,5.029461056458928,3.0533817178535996,-0.3995766111082057,0.8687045335312137,0.09956395829509843,-0.018604485987975445,1363.0,1363.0,1637.0,1637.0,1500.0,1500.0,1500.0,1500.0
156.28,0.21873845368904582,-0.07541333781647458,9.788012256492921,-0.00032957970775659523,-0.0002305566654859912,0.0003084247905358022,5.0468346345500885,3.0553800624121092,-0.39956267209635715,0.8686995592404326,0.09796206643602008,-0.018747940402041287,1363.0,1363.0,1637.0,1637.0,1500.0,1500.0,1500.0,1500.0
156.3,0.21879748175324212,-0.07358593230033103,9.786079197632077,-0.0003201236443595711,-0.00027780891292805915,0.00030842469588756953,5.064208255310792,3.057347256415168,-0.39955262460151525,0.8686943545725196,0.09639925060400673,-0.018945452801305992,1363.0,1363.0,1637.0,1637.0,1500.0,1500.0,1500.0,1500.0
156.32,0.21888267436969464,-0.07182178369057858,9.78508833418581,-0.00031063418044686964,-0.00030230035579710627,0.0003084246017747502,5.08158193774491,3.0592840544471103,-0.39954720066464433,0.8686893283991003,0.09487415122187878,-0.019180408382303244,1363.0,1363.0,1637.0,1637.0,1500.0,1500.0,1500.0,1500.0
156.34,0.2189869288607099,-0.07011792475792566,9.785102908249861,-0.00030120323380405754,-0.0003024658150674446,0.00030842449691842585,5.098955700061783,3.0611911850545077,-0.3995467539524564,0.8686848695039824,0.0933854718628606,-0.019433493361177154,1363.0,1363.0,1637.0,1637.0,1500.0,1500.0,1500.0,1500.0
156.36,0.2191017421451988,-0.06847160005274684,9.786105160650985,-0.0002919128510922816,-0.0002786849238868704,0.0003084243737183673,5.116329558148972,3.063069351925394,-0.39955123784938623,0.8686813162868902,0.09193197503469072,-0.019684273329697213,1363.0,1363.0,1637.0,1637.0,1500.0,1500.0,1500.0,1500.0
156.38,0.2191017421451988,-0.06847160005274684,9.786105160650985,-0.0002919128510922816,-0.0002786849238868704,0.0003084243737183673,5.133703524257162,3.0649192349997687,-0.3995602157443554,0.8686789307132943,0.0905124783330138,-0.01991283643611861,1363.0,1363.0,1637.0,1637.0,1500.0,1500.0,1500.0,1500.0
156.4,0.2192179006231391,-0.06688024482480363,9.787999072090207,-0.0002828255846029123,-0.00023322249403379057,0.00030842422812814963,5.151077605997748,3.066741491517498,-0.39957290216256974,0.8686778785378712,0.08912585095927503,-0.02010136792860834,1363.0,1363.0,1637.0,1637.0,1500.0,1500.0,1500.0,1500.0
156.42,0.219418271349155,-0.06385300701265104,9.793745939945646,-0.0002653927347066025,-9.436964340461099e-05,0.0003084238692760033,5.168451805727267,3.068536757009014,-0.39958823092924894,0.8686782173606723,0.08777101058988508,-0.020235530373002835,1363.0,1363.0,1637.0,1637.0,1500.0,1500.0,1500.0,1500.0
156.44,0.21948704939497482,-0.06241275596672307,9.797122366095575,-0.0002570580906613854,-1.2456585464843939e-05,0.0003084236620793637,5.185826120360989,3.070305646233502,-0.39960494444780714,0.8686798934599782,0.08644692057777438,-0.020305542118554523,1363.0,1363.0,1637.0,1637.0,1500.0,1500.0,1500.0,1500.0
156.46,0.21952750403659627,-0.06101870048316729,9.80047697482486,-0.0002489570314522491,6.912462856927646e-05,0.0003084234434076254,5.203200541623204,3.072048754068622,-0.39962169659817354,0.8686827476222196,0.08515258746045631,-0.02030687344622356,1363.0,1363.0,1637.0,1637.0,1500.0,1500.0,1500.0,1500.0
156.48,0.21953692036254088,-0.0596689271369965,9.803544654690548,-0.00024106152550457588,0.00014390653114125984,0.0003084232198136662,5.220575056706594,3.0737666563551813,-0.3996371608278562,0.8686865294100814,0.08388705874299365,-0.020240512659438627,1363.0,1363.0,1637.0,1637.0,1500.0,1500.0,1500.0,1500.0
156.5,0.21951510320369905,-0.05836160727560742,9.806087681763755,-0.00023334116256612362,0.00020606560098511385,0.0003084229981028243,5.23794964928248,3.0754599106996605,-0.39965013477469874,0.8686909186747688,0.08264942092004168,-0.020112790036994087,1363.0,1363.0,1637.0,1637.0,1500.0,1500.0,1500.0,1500.0
156.52,0.2194643452223096,-0.057094988693841435,9.807913942955917,-0.0002257687363968873,0.000250879073450546,0.00030842278474459584,5.255324300776818,3.077129057237045,-0.39965963322071113,0.8686955524295165,0.08143879769942378,-0.01993478288883161,1363.0,1363.0,1637.0,1637.0,1500.0,1500.0,1500.0,1500.0
156.54,0.21938919880517702,-0.055867390164076706,9.808891204240124,-0.0002183246590959401,0.0002750826426064661,0.0003084225853654995,5.272698991804977,3.078774619356015,-0.3996649622695762,0.8687000546500059,0.08025434838586284,-0.019721357462619972,1363.0,1363.0,1637.0,1637.0,1500.0,1500.0,1500.0,1500.0
156.56,0.21931530969811425,-0.16261221570724999,9.808956109237375,-0.0011952838920038604,0.0002768922967989719,0.00030842538263490263,5.290073764327914,3.0803731104601355,-0.39966577381153956,0.8687042978314565,0.07789565834787956,-0.019489563400014658,1363.0,1363.0,1637.0,1637.0,1500.0,1500.0,1500.0,1500.0
156.58,0.21931530969811425,-0.16261221570724999,9.808956109237375,-0.0011952838920038604,0.0002768922967989719,0.00030842538263490263,5.307448649259721,3.081905966625204,-0.39966208133761955,0.8687078719376865,0.07460907060821369,-0.01925713217122033,1367.0,1359.0,1641.0,1633.0,1500.0,1500.0,1500.0,1500.0
156.6,0.21910185194188878,-0.157030428863849,9.806462160119628,-0.002163341399747456,0.00021673058519151481,0.0003084354572324379,5.324823630502105,3.083374464216454,-0.39965424991463755,0.8687103313816393,0.07138651676580225,-0.0190426347543469,1367.0,1359.0,1641.0,1633.0,1500.0,1500.0,1500.0,1500.0
156.62,0.2190014313139523,-0.1544974579452962,9.804128286193837,-0.0022954292035870204,0.00016023828938793657,0.00030844046029603994,5.342198696440215,3.084779833716727,-0.3996429655691103,0.8687115305721452,0.0682255926385518,-0.01886293931515941,1367.0,1359.0,1641.0,1633.0,1500.0,1500.0,1500.0,1500.0
156.64,0.2190014313139523,-0.1544974579452962,9.804128286193837,-0.0022954292035870204,0.00016023828938793657,0.00030844046029603994,5.359573840500942,3.0861232611741674,-0.39962917604655357,0.8687114199032386,0.06512399880653175,-0.018731734659433345,1367.0,1359.0,1641.0,1633.0,1500.0,1500.0,1500.0,1500.0
156.66,0.21891559746017195,-0.1520816708966179,9.801312832066952,-0.002272868009386911,9.20322087595702e-05,0.00030844467022795663,5.376949061329652,3.087405889080454,-0.3996140118221438,0.8687100487482757,0.06207950652637477,-0.018658554561929205,1367.0,1359.0,1641.0,1633.0,1500.0,1500.0,1500.0,1500.0
156.68,0.21881150250372544,-0.14750511025402724,9.795173082033422,-0.0019514885748380516,-5.6838593059967116e-05,0.00030844991579924354,5.394324362574408,3.0886288169530722,-0.3995986938762053,0.8687075605443741,0.05908993661092735,-0.018648131858697854,1367.0,1359.0,1641.0,1633.0,1500.0,1500.0,1500.0,1500.0
156.7,0.21881150250372544,-0.14750511025402724,9.795173082033422,-0.0019514885748380516,-5.6838593059967116e-05,0.00030844991579924354,5.411699792735238,3.0897773620279954,-0.3995844343031391,0.8687043344806697,0.05536620576076705,-0.018699995048642025,1371.0,1355.0,1645.0,1629.0,1500.0,1500.0,1500.0,1500.0
156.72,0.21883501056287846,-0.25051225454309206,9.789957260939023,-0.002992528791890555,-0.0001837775438530557,0.00030845856003728327,5.429075432604297,3.090825359820767,-0.3995723393593523,0.8687007271845605,0.05033444911482694,-0.01880831138909841,1371.0,1355.0,1645.0,1629.0,1500.0,1500.0,1500.0,1500.0
156.74,0.21887696522473474,-0.247369908657071,9.788215065419676,-0.003155164495587613,-0.00022630014382154584,0.000308464031644058,5.4464512948312835,3.091773953172009,-0.399563326524934,0.868696779234581,0.045360014286608005,-0.018963601888502855,1371.0,1355.0,1645.0,1629.0,1500.0,1500.0,1500.0,1500.0
156.76,0.21887696522473474,-0.247369908657071,9.788215065419676,-0.003155164495587613,-0.00022630014382154584,0.000308464031644058,5.463827392292537,3.0926246336586263,-0.39955805357245666,0.8686928399902275,0.04046023905669444,-0.019152953037796176,1371.0,1355.0,1645.0,1629.0,1500.0,1500.0,1500.0,1500.0
156.78,0.21902475575812008,-0.24173525535186413,9.787086966427617,-0.002919000346811567,-0.00025413460430599857,0.0003084716664175464,5.481203737834613,3.0933788044798254,-0.3995568709717798,0.8686892486753471,0.03563062873497911,-0.01936085466207852,1371.0,1355.0,1645.0,1629.0,1500.0,1500.0,1500.0,1500.0
156.8,0.21911787450611728,-0.2391785663046764,9.787762242702929,-0.002641482884040821,-0.0002379317236092574,0.00030847305956755117,5.498580342954845,3.094037782442407,-0.3995597993996285,0.8686863049158389,0.030866806287128384,-0.01957052842871331,1371.0,1355.0,1645.0,1629.0,1500.0,1500.0,1500.0,1500.0
156.82,0.21921383772674488,-0.23677067837961369,9.789194477112733,-0.0023183241138634253,-0.0002032898989310975,0.00030847283595589816,5.515957216645897,3.0946027996460614,-0.39956653373487594,0.8686842467744608,0.02616449402590116,-0.019765319763571564,1371.0,1355.0,1645.0,1629.0,1500.0,1500.0,1500.0,1500.0
156.84,0.21930493272483098,-0.23450240846927672,9.79125648755,-0.0019813911106693035,-0.00015326063484622695,0.0003084712295977904,5.53333436448965,3.0950750050475206,-0.39957647280203545,0.8686832337131662,0.021519505431013865,-0.019930043572383194,1371.0,1355.0,1645.0,1629.0,1500.0,1500.0,1500.0,1500.0
156.86,0.21938398601792733,-0.23236963309188816,9.793773406679072,-0.0016533708148989837,-9.205905517263308e-05,0.00030846856203569874,5.55071178806524,3.0954554660091977,-0.39958877206896243,0.8686833358274418,0.016927742933350608,-0.02005217959120991,1371.0,1355.0,1645.0,1629.0,1500.0,1500.0,1500.0,1500.0
156.88,0.21938398601792733,-0.23236963309188816,9.793773406679072,-0.0016533708148989837,-9.205905517263308e-05,0.00030846856203569874,5.568089484710435,3.0957451698852547,-0.3996024147126413,0.8686845301987252,0.012385198585053667,-0.020122827002752204,1371.0,1355.0,1645.0,1629.0,1500.0,1500.0,1500.0,1500.0
156.9,0.21948321378058408,-0.2285097680088651,9.79932504651509,-0.0010782307836669028,4.3344076528666654e-05,0.00030846140341005547,5.585467447647294,3.0959450256617247,-0.3996162950826363,0.8686867046360052,0.007887955499641636,-0.02013734885213447,1371.0,1355.0,1645.0,1629.0,1500.0,1500.0,1500.0,1500.0
156.92,0.21948321378058408,-0.2285097680088651,9.79932504651509,-0.0010782307836669028,4.3344076528666654e-05,0.00030846140341005547,5.602845666454024,3.0960558656436534,-0.39962930771933847,0.8686896684454097,0.003432188740742432,-0.02009566286883081,1371.0,1355.0,1645.0,1629.0,1500.0,1500.0,1500.0,1500.0
156.94,0.21950419537437543,-0.3346127347901556,9.804103902731313,-0.0011895436871544375,0.00016046827245742273,0.0003084548742028713,5.620224145175211,3.09607187211127,-0.39964043067554933,0.8686932352413139,-0.0013145732458551469,-0.020002167445502515,1371.0,1355.0,1645.0,1629.0,1500.0,1500.0,1500.0,1500.0
156.96,0.21946391997715559,-0.33217364838227104,9.80572294510644,-0.0018167283731184117,0.0002002024306376051,0.00030845557728896713,5.637602954421443,3.095961004200447,-0.3996487918384751,0.8686973383926473,-0.0076632604902181324,-0.019865411739580806,1375.0,1351.0,1649.0,1625.0,1500.0,1500.0,1500.0,1500.0
156.98,0.21940328529766648,-0.3294443662739018,9.806652295494914,-0.002162630622994916,0.00022331279254205123,0.0003084576826101559,5.654982087685612,3.095719982795188,-0.3996537674228986,0.8687013469802277,-0.014175697310845798,-0.019697388661634337,1375.0,1351.0,1649.0,1625.0,1500.0,1500.0,1500.0,1500.0
157.0,0.21932724355110442,-0.32639666301583026,9.806828945903405,-0.002298344700800303,0.00022821099552129822,0.0003084600552220821,5.67236152702975,3.095350073590477,-0.39965501304050427,0.8687049267377533,-0.020624744110532937,-0.019512331510849655,1375.0,1351.0,1649.0,1625.0,1500.0,1500.0,1500.0,1500.0
157.02,0.219241942776254,-0.32301729438540155,9.80625020798411,-0.0022852363916420217,0.00021478775459272977,0.0003084620839272651,5.6897412558463625,3.0948526862135104,-0.3996524842965367,0.8687078202287551,-0.02700327768869118,-0.019325557051849507,1375.0,1351.0,1649.0,1625.0,1500.0,1500.0,1500.0,1500.0
157.04,0.21915420878494282,-0.3193052265308252,9.804973037712701,-0.002174195818265172,0.00018439441538631556,0.00030846349068524664,5.707121259898605,3.0942293656706954,-0.3996464358867067,0.8687098226787381,-0.03330457401397772,-0.019152270654189806,1375.0,1351.0,1649.0,1625.0,1500.0,1500.0,1500.0,1500.0
157.06,0.21907098491037696,-0.31526900885655057,9.803108681666005,-0.002005801940903211,0.00013970912414494675,0.00030846419809079186,5.724501528145272,3.093481783313067,-0.39963739696460293,0.8687107981772254,-0.03952233830562475,-0.019006387137435278,1375.0,1351.0,1649.0,1625.0,1500.0,1500.0,1500.0,1500.0
157.08,0.2189987747760978,-0.31092439223538165,9.800813129665528,-0.0018110824526795307,8.450063830647921e-05,0.0003084642424505749,5.741882053288061,3.0926117275548273,-0.39962612511759515,0.8687106899705807,-0.04565072378845257,-0.0188994623526599,1375.0,1351.0,1649.0,1625.0,1500.0,1500.0,1500.0,1500.0
157.1,0.21894313162104032,-0.3062922485486881,9.798274171450084,-0.0016126251110104017,2.3310621093789537e-05,0.00030846371964866887,5.759262832001879,3.091621094516439,-0.3996135429281829,0.8687095241998039,-0.051684341490155584,-0.0188398200829491,1375.0,1351.0,1649.0,1625.0,1500.0,1500.0,1500.0,1500.0
157.12,0.2189082330992593,-0.3013968143314002,9.79569610785013,-0.0014258579946784143,-3.8918723517761466e-05,0.0003084627525886061,5.776643864834979,3.0905118787145622,-0.3996006624065259,0.8687074069728006,-0.05761826300322228,-0.01883194232651472,1375.0,1351.0,1649.0,1625.0,1500.0,1500.0,1500.0,1500.0
157.14,0.21891800784178336,-0.40560523803836945,9.793282600180659,-0.0015996290443080637,-9.709520800661667e-05,0.0003084620869768144,5.794025162882226,3.089283534380719,-0.399588500817141,0.8687045423256947,-0.06357948910168507,-0.018876185069106002,1375.0,1351.0,1649.0,1625.0,1500.0,1500.0,1500.0,1500.0
157.16,0.21891800784178336,-0.40560523803836945,9.793282600180659,-0.0015996290443080637,-9.709520800661667e-05,0.0003084620869768144,5.811406818051046,3.087906464128595,-0.3995779726594785,0.8687014315946646,-0.07102043551608116,-0.01896941755767978,1375.0,1351.0,1649.0,1625.0,1500.0,1500.0,1500.0,1500.0
157.18,0.1111589498089478,-0.3909510226086793,9.789659345879603,-0.0027555457463625584,7.711552373852287e-05,0.00030800055059348043,5.828787553409693,3.086374459558689,-0.3995698972981558,0.8686326839430372,-0.07877133989486074,-0.01910478312164529,1379.0,1347.0,1653.0,1621.0,1500.0,1500.0,1500.0,1500.0
157.2,0.12747446469781643,-0.3831650054024044,9.788804624844659,-0.0029572647173608337,0.0011416609158090916,0.00030599838609920657,5.846139090800371,3.08469065327611,-0.39956549418423365,0.8671494755449372,-0.08636182193416268,-0.019263948646645695,1379.0,1347.0,1653.0,1621.0,1500.0,1500.0,1500.0,1500.0
157.22,0.14110117501843317,-0.483147593930151,9.788742399738624,-0.0038131699200200514,0.0019067383163687795,0.0003044645326674789,5.863455052686889,3.082842663484752,-0.3995651923054329,0.8653457063762293,-0.09457037599758356,-0.01942300103491155,1383.0,1351.0,1649.0,1617.0,1500.0,1500.0,1500.0,1500.0
157.24,0.14110117501843317,-0.483147593930151,9.788742399738624,-0.0038131699200200514,0.0019067383163687795,0.0003044645326674789,5.880740990209983,3.080807052975003,-0.39956882479659717,0.86381683531193,-0.10395112379028497,-0.019571220934785583,1387.0,1347.0,1653.0,1613.0,1500.0,1500.0,1500.0,1500.0
157.26,0.16196087811847631,-0.46114610148300283,9.790841506132601,-0.004700822531513924,0.0026898602849336098,0.00030238675791286493,5.898001535860678,3.0785880612841687,-0.3995759712308106,0.8625206284808542,-0.11312021072731474,-0.019697905520390947,1387.0,1347.0,1653.0,1613.0,1500.0,1500.0,1500.0,1500.0
157.28,0.16991594348780503,-0.4495681857988062,9.792788643217678,-0.004709222997347377,0.00279879908688756,0.0003016953189715106,5.915240610277464,3.0761905550718285,-0.3995859592320436,0.8614217819072879,-0.12204635591740161,-0.01979274644658897,1387.0,1347.0,1653.0,1613.0,1500.0,1500.0,1500.0,1500.0
157.3,0.17658569417204195,-0.43764769635268064,9.795116421079054,-0.004544426174213095,0.002777513395414682,0.00030116596080877124,5.9324615340680245,3.0736195573603635,-0.39959791697397695,0.8604904763352605,-0.13072179387380573,-0.019847403202309818,1387.0,1347.0,1653.0,1613.0,1500.0,1500.0,1500.0,1500.0
157.32,0.18218339206444153,-0.4254325651403956,9.797624966595826,-0.004273428273575928,0.0026632710895437527,0.000300761365327978,5.949667120142649,3.0708802170825487,-0.3996108418632114,0.8597014414947741,-0.1391402590021428,-0.01985638745910202,1387.0,1347.0,1653.0,1613.0,1500.0,1500.0,1500.0,1500.0
157.34,0.18688472138747508,-0.41297867761595203,9.800104306708628,-0.00394787482591638,0.0024867065752518323,0.0003004526444191563,5.966859751184871,3.0679777795692056,-0.3996236791251258,0.8590332022747591,-0.14729693918036682,-0.0198176775192954,1387.0,1347.0,1653.0,1613.0,1500.0,1500.0,1500.0,1500.0
157.36,0.19083494352473196,-0.40034639275984185,9.802351162401486,-0.0036058685850245773,0.0022717988962207025,0.00030021741706221693,5.984041444983923,3.0649175583820907,-0.399635403813048,0.8584674677216272,-0.15518841000139844,-0.019733007524785545,1387.0,1347.0,1653.0,1613.0,1500.0,1500.0,1500.0,1500.0
157.38,0.1941548029273233,-0.38759770087797596,9.80418489085151,-0.0032740185018859053,0.0020364838684315666,0.00030003837745885034,6.0012139097797474,3.0617049087720587,-0.39964509960190425,0.8579886344138796,-0.1628125560060718,-0.019607811585141008,1387.0,1347.0,1653.0,1613.0,1500.0,1500.0,1500.0,1500.0
157.4,0.1941548029273233,-0.38759770087797596,9.80418489085151,-0.0032740185018859053,0.0020364838684315666,0.00030003837745885034,6.018378591319118,3.0583452029448885,-0.39965202810947703,0.8575833812841649,-0.17016848367007692,-0.019450835864651468,1387.0,1347.0,1653.0,1613.0,1500.0,1500.0,1500.0,1500.0
157.42,0.10148249988570832,-0.4957307728535706,9.806114826128923,-0.003731964879623249,0.0025052326677415227,0.00029806443560939416,6.035521572938042,3.054824187003167,-0.39965597534340097,0.8564807139183307,-0.17823540739337032,-0.019271442105390054,1396.0,1346.0,1654.0,1604.0,1500.0,1500.0,1500.0,1500.0
157.44,0.10148249988570832,-0.4957307728535706,9.806114826128923,-0.003731964879623249,0.0025052326677415227,0.00029806443560939416,6.052621076148941,3.05111402773962,-0.39965711444217245,0.8542857200752779,-0.18769090686301748,-0.019072449686030942,1396.0,1346.0,1654.0,1604.0,1500.0,1500.0,1500.0,1500.0
157.46,0.13153795862746523,-0.4605496382255799,9.805634079901198,-0.004756463404534753,0.003531199226657854,0.0002949030398102252,6.069683317648041,3.0472215652948207,-0.3996553103153182,0.8524026372097652,-0.19680494155802214,-0.01886619509262584,1396.0,1346.0,1654.0,1604.0,1500.0,1500.0,1500.0,1500.0
157.48,0.14298910443325463,-0.44310996895376714,9.804526237448021,-0.0048809166099466885,0.0036619510937985103,0.00029385094441114354,6.086713940267367,3.043154193427774,-0.3996506810828532,0.8508024696976697,-0.20554986197473696,-0.018668462794787326,1396.0,1346.0,1654.0,1604.0,1500.0,1500.0,1500.0,1500.0
157.5,0.1525952626123735,-0.4258284076707067,9.802935768301829,-0.004837789120005638,0.0036040427302226927,0.00029304554732244125,6.103717730978284,3.038919272181105,-0.3996435872799023,0.8494420863194211,-0.21392731056062297,-0.018493502376991676,1396.0,1346.0,1654.0,1604.0,1500.0,1500.0,1500.0,1500.0
157.52,0.16067463635347085,-0.40875396663471825,9.80098444728518,-0.004681317366422624,0.003406984805769881,0.00029243020943110494,6.120698755395756,3.0345240951961214,-0.3996345944603125,0.8482851408161949,-0.2219405519803151,-0.01835309573350705,1396.0,1346.0,1654.0,1604.0,1500.0,1500.0,1500.0,1500.0
157.54,0.16748969417185877,-0.3919370202974175,9.798822053535718,-0.004454714224234582,0.003115947293590156,0.00029196110557141774,6.137660469669968,3.0299758600626436,-0.3996244210922225,0.8473009547442641,-0.22959432768531438,-0.0182558484463936,1396.0,1346.0,1654.0,1604.0,1500.0,1500.0,1500.0,1500.0
157.56,0.16748969417185877,-0.3919370202974175,9.798822053535718,-0.004454714224234582,0.003115947293590156,0.00029196110557141774,6.154605813874265,3.025281641910757,-0.3996138760125302,0.846463599710451,-0.23689470004959046,-0.01820673076755349,1396.0,1346.0,1654.0,1604.0,1500.0,1500.0,1500.0,1500.0
157.58,0.1781517443459197,-0.3592705727375222,9.79452782109923,-0.003914602709436953,0.002401297192516524,0.00029133326844405226,6.171537290186568,3.020448370324215,-0.3996037904322193,0.8457511387807823,-0.2438488915702679,-0.018206885965712922,1396.0,1346.0,1654.0,1604.0,1500.0,1500.0,1500.0,1500.0
157.6,0.1823403841766672,-0.44953978632866093,9.792713957744176,-0.004469317639681696,0.0020353054664092496,0.00029112917792002176,6.188457072069535,3.0154671934264083,-0.3995949062748888,0.8451451526443503,-0.25124588760315125,-0.018254404133264193,1396.0,1346.0,1654.0,1604.0,1500.0,1500.0,1500.0,1500.0
157.62,0.1858980778585073,-0.4290888842387154,9.791296427380257,-0.004939364937161189,0.0016898851387971508,0.00029097566619835176,6.205367044554963,3.0103185850839465,-0.3995878269340479,0.8446299560168045,-0.2596191426078896,-0.018346731815973596,1400.0,1342.0,1658.0,1600.0,1500.0,1500.0,1500.0,1500.0
157.64,0.1889443819024752,-0.40923013894631993,9.790373090353903,-0.0051548947116927465,0.001378349028253531,0.0002908607055256972,6.222268744724696,3.0050106374885774,-0.3995830745110053,0.8441919022295942,-0.2675877208839704,-0.018475309776054823,1400.0,1342.0,1658.0,1600.0,1500.0,1500.0,1500.0,1500.0
157.66,0.19155774074521398,-0.3899796555861047,9.790003007252915,-0.005177794565229691,0.0011082541095208578,0.00029077490295949195,6.239163477677507,2.999551670218185,-0.399580977292254,0.8438196504017172,-0.27514033546944494,-0.018628298966885344,1400.0,1342.0,1658.0,1600.0,1500.0,1500.0,1500.0,1500.0
157.68,0.19380201968818853,-0.37135485316996675,9.79020138712756,-0.005061482512443036,0.000882872075032002,0.00029071085843954055,6.256052351251213,2.9939497660484196,-0.399581646707206,0.8435035592133782,-0.28228889984370714,-0.018792876819489455,1400.0,1342.0,1658.0,1600.0,1500.0,1500.0,1500.0,1500.0
157.7,0.19572934356515195,-0.3533728276298253,9.79093911459287,-0.004850436559471878,0.0007020095791976597,0.0002906628488428158,6.272936304538348,2.9882127518013633,-0.3995849728436473,0.8432354149484939,-0.2890462762104996,-0.0189561810881499,1400.0,1342.0,1658.0,1600.0,1500.0,1500.0,1500.0,1500.0
157.72,0.19738249553692794,-0.33604899733360205,9.792145773025384,-0.004580457560961571,0.0005627982817643975,0.00029062653857190186,6.28981613222686,2.9823481830345013,-0.399590637400039,0.8430082041910161,-0.2954260827004215,-0.019106228837557526,1400.0,1342.0,1658.0,1600.0,1500.0,1500.0,1500.0,1500.0
157.74,0.19879693445748797,-0.31939607235962436,9.793715878009563,-0.004279390483770657,0.0004604357787896293,0.0002905987124517371,6.306692505453762,2.9763633324047185,-0.3995981427844351,0.8428159223529953,-0.30144250818241625,-0.01923274710999271,1400.0,1342.0,1658.0,1600.0,1500.0,1500.0,1500.0,1500.0
157.76,0.2000024750246218,-0.3034233467312742,9.795517774463308,-0.00396809557537625,0.0003888660019223864,0.00029057703490770236,6.323565989742028,2.970265181465736,-0.3996068548032278,0.8426534134565715,-0.3071101389844023,-0.01932785741800631,1400.0,1342.0,1658.0,1600.0,1500.0,1500.0,1500.0,1500.0
157.78,0.20102466420504012,-0.288136285886451,9.797404441930446,-0.003661518334554727,0.0003413912920000795,0.0002905598406361353,6.340437060490375,2.964060415606861,-0.3996160553426174,0.8425162372529268,-0.31244380050132314,-0.019386566661839202,1400.0,1342.0,1658.0,1600.0,1500.0,1500.0,1500.0,1500.0
157.8,0.2018858804125905,-0.2735363664324265,9.79922531284585,-0.0033697544671338455,0.0003112096669303541,0.00029054595991360094,6.3573061163991404,2.9577554218122337,-0.39962500071302015,0.8424005601709524,-0.31745841547389475,-0.019407031593545086,1400.0,1342.0,1658.0,1600.0,1500.0,1500.0,1500.0,1500.0
157.82,0.2018858804125905,-0.2735363664324265,9.79922531284585,-0.0033697544671338455,0.0003112096669303541,0.00029054595991360094,6.374173491141243,2.9513562889086193,-0.39963298095451133,0.8423030668171563,-0.3221688797134993,-0.01939058122479779,1400.0,1342.0,1658.0,1600.0,1500.0,1500.0,1500.0,1500.0
157.84,0.20320390282904516,-0.2463843219694864,9.802120030003573,-0.002852652893748337,0.00027764689888337495,0.00029052513098786544,6.391039463524246,2.9448688099722076,-0.3996393754111295,0.8422208888830512,-0.32658995523533524,-0.019341500064436988,1400.0,1342.0,1658.0,1600.0,1500.0,1500.0,1500.0,1500.0
157.86,0.20320390282904516,-0.2463843219694864,9.802120030003573,-0.002852652893748337,0.00027764689888337495,0.00029052513098786544,6.407904266337093,2.9382984865773025,-0.3996437002627816,0.8421515484196174,-0.3307361801441374,-0.01926659318475105,1400.0,1342.0,1658.0,1600.0,1500.0,1500.0,1500.0,1500.0
157.88,0.20409871342630118,-0.22190432086391304,9.803349102987124,-0.0024354657707405195,0.0002468031255694928,0.0002905105575898956,6.4247680940326335,2.9316505345890667,-0.399645644415813,0.842092912558664,-0.33462179417617727,-0.019174570373474913,1400.0,1342.0,1658.0,1600.0,1500.0,1500.0,1500.0,1500.0
157.9,0.20442672341335225,-0.21063293291275445,9.80321797312329,-0.0022625356434433546,0.0002243542303403228,0.0002905049329315818,6.4416311093641685,2.9249298912261,-0.3996450911328888,0.8420431569410679,-0.33826067851585584,-0.019075299777471785,1400.0,1342.0,1658.0,1600.0,1500.0,1500.0,1500.0,1500.0
157.92,0.20469404700297314,-0.19998443671972663,9.802604023537327,-0.0021105689175085255,0.0001954430031798246,0.00029050017904919194,6.458493449070287,2.918141223144517,-0.39964212394744325,0.8420007353590451,-0.3416663083479988,-0.018978990538504274,1400.0,1342.0,1658.0,1600.0,1500.0,1500.0,1500.0,1500.0
157.94,0.2049134520062354,-0.18993924823197167,9.801565910919818,-0.0019769231117206343,0.0001602254466691052,0.00029049616008779513,6.475355228686395,2.91128893532174,-0.39963701666407114,0.8419643534425125,-0.34485171655256625,-0.018895368359727834,1400.0,1342.0,1658.0,1600.0,1500.0,1500.0,1500.0,1500.0
157.96,0.20509638958938048,-0.1804762764415808,9.80019490166339,-0.0018588229612430212,0.00011986831211763591,0.000290492760329554,6.492216546552448,2.904377180544272,-0.3996302084961384,0.841932944596658,-0.34782946697493455,-0.01883290748250025,1400.0,1342.0,1658.0,1600.0,1500.0,1500.0,1500.0,1500.0
157.98,0.20525282297287317,-0.17157326337280482,9.798607127040327,-0.00175353125235105,7.6328519337302e-05,0.0002904898781428636,6.5090774870834345,2.897409869328423,-0.3996222665403288,0.8419056468241377,-0.35061163578888566,-0.018798177301393597,1400.0,1342.0,1658.0,1600.0,1500.0,1500.0,1500.0,1500.0
158.0,0.20539107635659704,-0.16320709021425728,9.796934001933945,-0.0016584715606853088,3.209280921024539e-05,0.0002904874226181452,6.525938123370319,2.890390680125823,-0.39961383874850165,0.8418817794923203,-0.3532097995968359,-0.018795352237577202,1400.0,1342.0,1658.0,1600.0,1500.0,1500.0,1500.0,1500.0
158.02,0.20539107635659704,-0.16320709021425728,9.796934001933945,-0.0016584715606853088,3.209280921024539e-05,0.0002904874226181452,6.542798519183356,2.8833230696862358,-0.3996056012584321,0.8418608195376208,-0.3556350290687635,-0.018825920261107,1400.0,1342.0,1658.0,1600.0,1500.0,1500.0,1500.0,1500.0
158.04,0.20551772942935523,-0.1553540501933502,9.795311579854918,-0.0015713138153853157,-1.0102464682540987e-05,0.0002904853119140635,6.559658730455067,2.876210283468721,-0.39959820433484305,0.8418423769877876,-0.35789788708809733,-0.01888860959786996,1400.0,1342.0,1658.0,1600.0,1500.0,1500.0,1500.0,1500.0
158.06,0.20575366356689112,-0.14109103041492965,9.792721747359819,-0.0014129347108390547,-7.783299692152964e-05,0.00029048184015075597,6.57651880632549,2.869055366008498,-0.3995922212224689,0.8418261700271717,-0.360008430551805,-0.01897953587628475,1400.0,1342.0,1658.0,1600.0,1500.0,1500.0,1500.0,1500.0
158.08,0.20575366356689112,-0.14109103041492965,9.792721747359819,-0.0014129347108390547,-7.783299692152964e-05,0.00029048184015075597,6.5933788087741165,2.8618546495095285,-0.3995880756797735,0.8418120682592433,-0.36230228685729565,-0.019092847363538223,1400.0,1342.0,1658.0,1600.0,1500.0,1500.0,1500.0,1500.0
158.1,0.20599568725558134,-0.2283905246815242,9.791601369084308,-0.0026548662609055876,-0.00011012342013778246,0.00029048479573859636,6.610238865892224,2.8545793684168115,-0.39958592969317064,0.841800152598857,-0.3660341788214924,-0.01922483087391178,1404.0,1338.0,1662.0,1596.0,1500.0,1500.0,1500.0,1500.0
158.12,0.2060801364828541,-0.11104059113314312,9.791691252939476,-0.002396710051037705,-0.00011128894713181155,0.0002904876235602266,6.6270989784617,2.847242542531159,-0.3995859582837741,0.8417898648208159,-0.3691147951259171,-0.019367879661668815,1404.0,1338.0,1662.0,1596.0,1500.0,1500.0,1500.0,1500.0
158.14,0.20618275225321459,-0.10671188453935132,9.792226410392033,-0.0018690560340441458,-0.0001015053451997133,0.00029048760082538486,6.643959083115462,2.8398775628282724,-0.3995882508030866,0.8417809547157302,-0.3705259414047918,-0.019506417867158017,1400.0,1342.0,1658.0,1600.0,1500.0,1500.0,1500.0,1500.0
158.16,0.20627752727055126,-0.10260924061140053,9.793161260924343,-0.001434689584779185,-8.257697030163195e-05,0.00029048578699055757,6.660819198785734,2.832487643205101,-0.3995925894823939,0.8417736585344565,-0.3717766376726385,-0.019629482534356025,1400.0,1342.0,1658.0,1600.0,1500.0,1500.0,1500.0,1500.0
158.18,0.20636176693562241,-0.09873270082509436,9.794417303058774,-0.0010870543928678214,-5.6222743436120436e-05,0.000290482937767406,6.6776793432445904,2.825074542301041,-0.39959859451209484,0.841767890977664,-0.37293965134314566,-0.01972977041379908,1400.0,1342.0,1658.0,1600.0,1500.0,1500.0,1500.0,1500.0
158.2,0.20643293429963164,-0.09508040608876653,9.795891809229879,-0.0008167472560199857,-2.473168512067164e-05,0.00029047961000394374,6.6945395295105605,2.8176398993642655,-0.39960576208701143,0.8417635328103941,-0.37402094973358807,-0.019801587936092206,1400.0,1342.0,1658.0,1600.0,1500.0,1500.0,1500.0,1500.0
158.22,0.20643293429963164,-0.09508040608876653,9.795891809229879,-0.0008167472560199857,-2.473168512067164e-05,0.00029047961000394374,6.71139976618032,2.8101852412007915,-0.3996135059403646,0.8417604375326215,-0.3750261459863004,-0.019841296114158018,1400.0,1342.0,1658.0,1600.0,1500.0,1500.0,1500.0,1500.0
158.24,0.20652849220311553,-0.08843158598327241,9.799016415516618,-0.000464777363228715,4.283786744232297e-05,0.00029047294512742685,6.728260057883048,2.802711989053389,-0.3996212047705003,0.8417584310879919,-0.37596050177553814,-0.01984759906238982,1400.0,1342.0,1658.0,1600.0,1500.0,1500.0,1500.0,1500.0
158.26,0.20657127237745715,-0.19132925212456325,9.800417066597007,-0.0010086092975892644,7.366467595168131e-05,0.00029047155381153937,6.74512043270098,2.7952123594673735,-0.39962820991700865,0.8417574097377856,-0.3772842094399579,-0.01982212550845195,1400.0,1342.0,1658.0,1600.0,1500.0,1500.0,1500.0,1500.0
158.28,0.206573752443674,-0.18140351119779682,9.801541458321884,-0.0017526696123199225,9.803480227883491e-05,0.0002904735654841985,6.761980977891521,2.7876572954820675,-0.399633839751817,0.8417573365982923,-0.3800606936538497,-0.019773027890480008,1404.0,1338.0,1662.0,1596.0,1500.0,1500.0,1500.0,1500.0
158.3,0.20656145381034086,-0.17223319083900504,9.802302786536524,-0.002244097450682466,0.0001146577750896439,0.00029047715627166675,6.778841688767069,2.780048193306765,-0.3996376647971596,0.841757657446996,-0.38276718752324934,-0.01970733749679561,1404.0,1338.0,1662.0,1596.0,1500.0,1500.0,1500.0,1500.0
158.32,0.31439072473531404,-0.1637175158210961,9.802645604991751,-0.0025269155577175772,-0.00014024869793262954,0.0002909497758668218,6.7957038599230986,2.772388863296953,-0.39963938555585793,0.8418235247230041,-0.38528323502624884,-0.01963081675681102,1404.0,1338.0,1662.0,1596.0,1500.0,1500.0,1500.0,1500.0
158.34,0.2985023844783574,-0.15583457895612632,9.802470782991989,-0.002646024077109208,-0.0012266811726916386,0.0002929598874788486,6.812595817552113,2.7646829577302183,-0.39963830380009624,0.8433064385736069,-0.3876206629365545,-0.01955781044529085,1400.0,1334.0,1666.0,1600.0,1500.0,1500.0,1500.0,1500.0
158.36,0.2851528489110469,-0.1485031297662422,9.801765981513485,-0.002641215415278586,-0.0020045777030685288,0.0002945014046949093,6.829524112985215,2.7569338343876595,-0.3996343832587287,0.8451169415560255,-0.38979113190528064,-0.01950677081168752,1400.0,1334.0,1666.0,1600.0,1500.0,1500.0,1500.0,1500.0
158.38,0.27393600777490185,-0.14167502508327467,9.800606481130604,-0.002547861174650298,-0.0025109591870495496,0.0002956827985514,6.846483348878757,2.7491445974466817,-0.3996280445736476,0.8466573136662807,-0.39180560386186447,-0.019483270813945196,1400.0,1334.0,1666.0,1600.0,1500.0,1500.0,1500.0,1500.0
158.4,0.37057997786573116,0.08091354582752344,9.799098589240852,-0.0017125202318131715,-0.003177474985973369,0.0002972797130564833,6.863471510661277,2.741323394733561,-0.3996198376462079,0.8480973476321463,-0.39341236760321335,-0.01949098860882558,1400.0,1334.0,1666.0,1600.0,1500.0,1500.0,1500.0,1500.0
158.42,0.3469498243932798,0.07176715561066149,9.797328145387775,0.00028969754271255063,-0.004327193756761544,0.0002999081174185803,6.880514115887569,2.7335348570316955,-0.3996101389576777,0.8508215521489989,-0.3917915585676747,-0.019534094472662467,1388.0,1338.0,1662.0,1612.0,1500.0,1500.0,1500.0,1500.0
158.44,0.428166564011086,-0.042167528091656484,9.795416630295012,0.0010742018801220676,-0.005760858708860124,0.000303239696017099,6.897620115740448,2.7257851188248443,-0.3995994875768556,0.8539930758104342,-0.3898659247179696,-0.01961776271353094,1388.0,1338.0,1662.0,1612.0,1500.0,1500.0,1500.0,1500.0
158.46,0.3964458900891306,-0.04227084768499471,9.793425545922474,0.0012077296267514694,-0.0070386748483806045,0.00030656189503260213,6.9148095864391035,2.7180406699717796,-0.3995880436639713,0.858162581072429,-0.3896189169187552,-0.019758291406819513,1388.0,1330.0,1670.0,1612.0,1500.0,1500.0,1500.0,1500.0
158.48,0.4643927039529664,-0.042336829594288805,9.791463858131538,0.0012267122939025514,-0.008874009886120464,0.0003112130360924967,6.932095203465531,2.710298752268389,-0.3995762910921859,0.8629641450924834,-0.38951164414729633,-0.019963073725684084,1388.0,1330.0,1670.0,1612.0,1500.0,1500.0,1500.0,1500.0
158.5,0.42783519887215077,-0.042425186001841815,9.789651930993301,0.001165324261099445,-0.009900340454324176,0.000314770000290901,6.9494801739496355,2.7025592454933514,-0.39956490871648254,0.8679245532080839,-0.3894108113243401,-0.020234193649807494,1384.0,1326.0,1674.0,1616.0,1500.0,1500.0,1500.0,1500.0
158.52,0.3027249797939341,-0.5818831570316908,9.788150698783395,-0.004248657268792207,-0.00911701448333186,0.0003154298130199711,6.96692678704671,2.694697960127115,-0.399554804229021,0.8709803828297042,-0.3955134122604283,-0.020563188664519078,1409.0,1309.0,1691.0,1591.0,1500.0,1500.0,1500.0,1500.0
158.54,0.2911146078312101,-0.6512317854942734,9.787076926610007,-0.008492468478716944,-0.00816168987329045,0.0003160073388931416,6.984408196627847,2.686620331407567,-0.3995466589514098,0.8726797406337525,-0.4063384141119841,-0.020945943516170313,1413.0,1305.0,1695.0,1587.0,1500.0,1500.0,1500.0,1500.0
158.56,0.2812902209142244,-0.6079650078438428,9.786501612226353,-0.011820876638980996,-0.007128985563551006,0.0003164985766286502,7.001919213376946,2.6783104159109508,-0.3995408642735473,0.87411708527852,-0.4179579384554913,-0.0213673180957127,1413.0,1305.0,1695.0,1587.0,1500.0,1500.0,1500.0,1500.0
158.58,0.272980591564818,-0.5675111453144135,9.786462173167655,-0.013774804500653277,-0.006090958190507645,0.0003168948799237929,7.019455352095282,2.669779531112365,-0.3995377171261277,0.8753317513875162,-0.42900942448875223,-0.02180926136195462,1413.0,1305.0,1695.0,1587.0,1500.0,1500.0,1500.0,1500.0
158.6,0.2659405497062719,-0.5296927504534783,9.786958745174031,-0.014651193968532202,-0.00509804700194138,0.00031719694259098216,7.037012782920646,2.661044769843605,-0.3995373133626662,0.876357604144161,-0.43920476129405345,-0.022250775972352973,1413.0,1305.0,1695.0,1587.0,1500.0,1500.0,1500.0,1500.0
158.62,0.2599465000812551,-0.3891237837003419,9.787958778583459,-0.014071123176082395,-0.004183037340090195,0.00031741190418029723,7.054588225382693,2.652131364649166,-0.3995395784906075,0.8772235208715584,-0.44813756029947305,-0.022672682584462027,1413.0,1305.0,1695.0,1587.0,1500.0,1500.0,1500.0,1500.0
158.64,0.2548728462933627,-0.3645895583564418,9.78940223542966,-0.012744134727662317,-0.0033622990487199816,0.00031754913224295815,7.072178828565579,2.643084480629277,-0.39954436359563755,0.8779540211864122,-0.45481193023608857,-0.023053678779850796,1409.0,1309.0,1691.0,1591.0,1500.0,1500.0,1500.0,1500.0
158.66,0.2505541170157769,-0.34166676542838315,9.791186092462553,-0.011306125256318248,-0.0026449228490024548,0.00031762905842234275,7.089782253783883,2.63391757012946,-0.39955116696313087,0.8785704323144831,-0.46081400899029284,-0.023379986165352126,1409.0,1309.0,1691.0,1591.0,1500.0,1500.0,1500.0,1500.0
158.68,0.24687183063268042,-0.3202793510007947,9.79317803792734,-0.009860630295485142,-0.0020316637876985244,0.0003176692361790008,7.107396526021392,2.6246406665473776,-0.3995593387656902,0.8790905797596709,-0.46631493811427527,-0.023645514227214438,1409.0,1309.0,1691.0,1591.0,1500.0,1500.0,1500.0,1500.0
158.7,0.24687183063268042,-0.3202793510007947,9.79317803792734,-0.009860630295485142,-0.0020316637876985244,0.0003176692361790008,7.125019972288329,2.6152630805193398,-0.39956814984225636,0.8795295208269748,-0.47135097143443483,-0.023847850674072392,1409.0,1309.0,1691.0,1591.0,1500.0,1500.0,1500.0,1500.0
158.72,0.24372683985024046,-0.3003573587687081,9.79523292006571,-0.008479516704256377,-0.00151858033866722,0.0003176831544088145,7.142651175859461,2.605793430311679,-0.3995768493609717,0.87989995987613,-0.47595677759357613,-0.023988113170284646,1409.0,1309.0,1691.0,1591.0,1500.0,1500.0,1500.0,1500.0
158.74,0.23873069143081757,-0.26464565647966287,9.798953691923577,-0.006075635487403172,-0.0007638415629954517,0.00031766892242509866,7.160288937362616,2.5962396751697447,-0.39958472264131367,0.8802125929563049,-0.48016530155871334,-0.024070688764926372,1409.0,1309.0,1691.0,1591.0,1500.0,1500.0,1500.0,1500.0
158.76,0.2367525883617463,-0.2487273421371532,9.800364554008878,-0.005090249725347003,-0.0005043937877652036,0.0003176524564010509,7.177932241779076,2.5866091506194095,-0.39959114481557473,0.880476410087714,-0.48400767758629576,-0.024102813522630925,1409.0,1309.0,1691.0,1591.0,1500.0,1500.0,1500.0,1500.0
158.78,0.2367525883617463,-0.2487273421371532,9.800364554008878,-0.005090249725347003,-0.0005043937877652036,0.0003176524564010509,7.195580230518127,2.5769086048517442,-0.3995956263626136,0.8806989598019819,-0.48751318636084184,-0.024094003935112664,1409.0,1309.0,1691.0,1591.0,1500.0,1500.0,1500.0,1500.0
158.8,0.23505400574369587,-0.23401560163852542,9.801347074702479,-0.004252956570068775,-0.0003109671391794512,0.0003176343518875797,7.213232197697783,2.567137733275365,-0.39959779846400006,0.880886649465363,-0.491034349443884,-0.024055766971452917,1409.0,1309.0,1691.0,1591.0,1500.0,1500.0,1500.0,1500.0
158.82,0.2323596792254712,-0.3046501087300989,9.801797723242457,-0.00439652139485361,-8.508791213636356e-05,0.00031760576537704526,7.230887624412355,2.557271245345467,-0.3995973006073797,0.8810450181466859,-0.4958201163265873,-0.02400579204836072,1413.0,1305.0,1695.0,1587.0,1500.0,1500.0,1500.0,1500.0
158.84,0.2312836516713823,-0.284903823367186,9.80123595533635,-0.004523780586539882,-3.593048628011888e-05,0.00031759702504488335,7.248545995642965,2.5473135754502163,-0.3995942052183849,0.8811782112113296,-0.5003839577476942,-0.023959081826270948,1413.0,1305.0,1695.0,1587.0,1500.0,1500.0,1500.0,1500.0
158.86,0.23036544214294147,-0.2668635140577769,9.800219884926662,-0.004517443703503833,-1.7975185672216137e-05,0.00031759037354824054,7.2662068656285115,2.5372729044984914,-0.3995888162706666,0.8812899771075389,-0.5045385448949413,-0.023925055176707347,1413.0,1305.0,1695.0,1587.0,1500.0,1500.0,1500.0,1500.0
158.88,0.2295865954070294,-0.250391343950542,9.798847841970932,-0.004406373872218121,-2.3486050840407437e-05,0.0003175850347772306,7.283869859244041,2.5271567383640474,-0.39958160959140904,0.8813835395548091,-0.5083176302082059,-0.023911771843384198,1413.0,1305.0,1695.0,1587.0,1500.0,1500.0,1500.0,1500.0
158.9,0.22893137796680557,-0.23535917722952968,9.79724384184197,-0.0042174231005784775,-4.517289630717779e-05,0.00031758047440691694,7.301534661619361,2.5169719538582287,-0.39957319322143753,0.8814616588588828,-0.5117526647988461,-0.02392540859233986,1413.0,1305.0,1695.0,1587.0,1500.0,1500.0,1500.0,1500.0
158.92,0.22838601035313738,-0.22164845735477154,9.795547459488091,-0.0039743219886123485,-7.63092375262882e-05,0.0003175763247917536,7.319201009176684,2.5067248430971167,-0.3995642578111624,0.8815267138077013,-0.5148728854032651,-0.023969766620080414,1413.0,1305.0,1695.0,1587.0,1500.0,1500.0,1500.0,1500.0
158.94,0.22838601035313738,-0.22164845735477154,9.795547459488091,-0.0039743219886123485,-7.63092375262882e-05,0.0003175763247917536,7.336868681840163,2.4964211560774525,-0.3995555211704305,0.8815807664072522,-0.5177054095914435,-0.02404597117045365,1413.0,1305.0,1695.0,1587.0,1500.0,1500.0,1500.0,1500.0
158.96,0.2275758390349067,-0.1977622891745127,9.792446040815882,-0.003402176470677536,-0.00014365225454806413,0.00031756835702548893,7.354537496223936,2.486066141327812,-0.3995476714888547,0.8816256117278236,-0.520275335892395,-0.024152389903435094,1413.0,1305.0,1695.0,1587.0,1500.0,1500.0,1500.0,1500.0
158.98,0.2272882956589775,-0.1873930107543888,9.79129678804644,-0.0031021347053479665,-0.0001704441012204231,0.000317564293593955,7.372207299652553,2.4756645845429555,-0.3995413137764052,0.8816628152005863,-0.5226058463470776,-0.024284776810048484,1413.0,1305.0,1695.0,1587.0,1500.0,1500.0,1500.0,1500.0
159.0,0.22706458421300799,-0.1779561710778084,9.790546894981647,-0.0028065042041598904,-0.00018809370249047366,0.00031756011450065114,7.389877964907773,2.4652208451427176,-0.3995369237436983,0.8816937397442557,-0.5247183097118924,-0.0244366287656578,1413.0,1305.0,1695.0,1587.0,1500.0,1500.0,1500.0,1500.0
159.02,0.2268941145329501,-0.16937257089384766,9.79025466034719,-0.0025220310307708443,-0.00019459607095253771,0.00031755582744834494,7.407549385627997,2.454738890724481,-0.39953481267797797,0.8817195650790033,-0.5266323841015196,-0.024599723727037087,1413.0,1305.0,1695.0,1587.0,1500.0,1500.0,1500.0,1500.0
159.04,0.22676657695308167,-0.16156902706590986,9.790440602357576,-0.002253228270958796,-0.00018910629454881332,0.00031755146933169575,7.425221472310875,2.4442223294017764,-0.39953510593156827,0.8817413015017145,-0.5283661182917305,-0.024764794537477524,1413.0,1305.0,1695.0,1587.0,1500.0,1500.0,1500.0,1500.0
159.06,0.226672082238509,-0.15447789731906234,9.79108652968437,-0.0020028702781352435,-0.00017189799383272712,0.0003175470954753766,7.442894148885948,2.4336744400419303,-0.3995377365043367,0.8817598002350564,-0.529936051210866,-0.024922281485582353,1413.0,1305.0,1695.0,1587.0,1500.0,1500.0,1500.0,1500.0
159.08,0.226672082238509,-0.15447789731906234,9.79108652968437,-0.0020028702781352435,-0.00017189799383272712,0.0003175470954753766,7.460567349833023,2.423098200433802,-0.3995424539660252,0.8817757622264256,-0.5313573093457442,-0.025063100985645282,1413.0,1305.0,1695.0,1587.0,1500.0,1500.0,1500.0,1500.0
159.1,0.22654602481382266,-0.1421877206116454,9.793508007180263,-0.001562494030743446,-0.00010833915641762697,0.00031753855894065734,7.478241017824374,2.4124963134328534,-0.39954884773112426,0.8817897469692563,-0.5326437018965742,-0.02517936738508859,1413.0,1305.0,1695.0,1587.0,1500.0,1500.0,1500.0,1500.0
159.12,0.12231263544017988,-0.34994544470107436,9.795088398899514,-0.0022710264159381027,0.00044137077299843914,0.00031662303753244767,7.495910819565915,2.4018625278697474,-0.3995564074096634,0.8815867543561116,-0.5342422993907323,-0.02526504421246296,1413.0,1305.0,1695.0,1587.0,1500.0,1500.0,1500.0,1500.0
159.14,0.12231263544017988,-0.34994544470107436,9.795088398899514,-0.0022710264159381027,0.00044137077299843914,0.00031662303753244767,7.513546978945929,2.391136708753715,-0.3995646699662051,0.8798868232153403,-0.5388429038196894,-0.025317055883263984,1425.0,1301.0,1699.0,1575.0,1500.0,1500.0,1500.0,1500.0
159.16,-0.15633665399422986,-0.40870195840659496,9.798475387980442,-0.005533352290285981,0.004133784039966097,0.0003098879019117473,7.531129703739086,2.38030883087255,-0.3995733245965118,0.8771968837371069,-0.5439411298146816,-0.025332457972845546,1425.0,1301.0,1699.0,1575.0,1500.0,1500.0,1500.0,1500.0
159.18,-0.09913765008858924,-0.3787685927054192,9.800300676009325,-0.007033436284556914,0.007574565746384871,0.0003031980862240082,7.548576026775316,2.369356967014213,-0.39958338847916874,0.8703564864546178,-0.5501221062614122,-0.025283964177673597,1441.0,1309.0,1691.0,1559.0,1500.0,1500.0,1500.0,1500.0
159.2,0.04591305959668329,-0.04515471475464241,9.802132631131803,-0.005367050143113801,0.008897825093460586,0.00029978815144188377,7.565910365245892,2.3583353721268216,-0.3995940317268809,0.8647476492369208,-0.5535937115627179,-0.025157468379026143,1441.0,1309.0,1691.0,1559.0,1500.0,1500.0,1500.0,1500.0
159.22,0.07084133528859046,-0.04999616537053321,9.80379877187636,-0.0033758694330757078,0.009298203737634991,0.0002975707517319616,7.583174671661953,2.3473292611834835,-0.39960431964731896,0.861250946788099,-0.5528120011224413,-0.02495687834594995,1425.0,1317.0,1683.0,1575.0,1500.0,1500.0,1500.0,1500.0
159.24,0.09165696825006053,-0.05408962146168595,9.80516120698363,-0.0017692331467851034,0.009195514474830344,0.00029589043102932393,7.600379914011815,2.3363384163258343,-0.3996133527370596,0.8583036293653216,-0.5520441278729893,-0.02469713538831684,1425.0,1317.0,1683.0,1575.0,1500.0,1500.0,1500.0,1500.0
159.26,0.09165696825006053,-0.05408962146168595,9.80516120698363,-0.0017692331467851034,0.009195514474830344,0.00029589043102932393,7.617535008845085,2.325361439425838,-0.3996203972218464,0.8558025094069197,-0.5513485394198752,-0.024397208007850606,1425.0,1317.0,1683.0,1575.0,1500.0,1500.0,1500.0,1500.0
159.28,0.12373001173924288,-0.06051275557025654,9.806542545027968,0.00038891512950432695,0.008032401003862872,0.0002936549818272347,7.634647518511087,2.314397064661305,-0.3996249249201336,0.853679500226673,-0.55071814748838,-0.02407553770611187,1425.0,1317.0,1683.0,1575.0,1500.0,1500.0,1500.0,1500.0
159.3,0.02999898631518333,-0.27809024258450166,9.806438140880527,0.0003330885158503052,0.0075813060300493566,0.0002922299105999506,7.651721278353684,2.30343890457064,-0.3996266472221735,0.8517471174128481,-0.5504081882890459,-0.023749627609551703,1425.0,1317.0,1683.0,1575.0,1500.0,1500.0,1500.0,1500.0
159.32,0.05606219715252658,-0.25983541158432794,9.805807714168596,-0.0011277667715557029,0.007727157311548239,0.00028971432957736296,7.668732313923927,2.2924247843244645,-0.39962559306922735,0.8486062217256274,-0.5532030652667591,-0.023436815409550265,1425.0,1317.0,1683.0,1575.0,1500.0,1500.0,1500.0,1500.0
159.34,-0.048535867152004336,-0.24354983663980126,9.804713274456025,-0.002222124661058485,0.008472171878423734,0.0002861108899014686,7.685670722098422,2.2813430047643917,-0.39962214393615975,0.8449680206876247,-0.5565805240975527,-0.023150861816118494,1437.0,1313.0,1687.0,1563.0,1500.0,1500.0,1500.0,1500.0
159.36,-0.011797119057382538,-0.2289610080403869,9.803345072120715,-0.002982086556027578,0.009244248373840773,0.00028236985002224127,7.702510431282248,2.270200074568562,-0.39961736351332044,0.840026710655866,-0.5596276180848386,-0.022887850036935005,1442.0,1318.0,1682.0,1558.0,1500.0,1500.0,1500.0,1500.0
159.38,0.018984637213357747,-0.21590254881417223,9.8017943893144,-0.003455422002670115,0.009470542532878068,0.0002794995899764038,7.719263235230065,2.259002015156346,-0.3996116016462949,0.8356757994190719,-0.5623748188807979,-0.02265032647785071,1442.0,1318.0,1682.0,1558.0,1500.0,1500.0,1500.0,1500.0
159.4,0.04485174868083511,-0.20419990738348298,9.800155317033887,-0.0036921072500041854,0.009273243954752366,0.0002772995766164672,7.735941996986665,2.247754291131788,-0.39960525273900516,0.8319683700642067,-0.5648502595546595,-0.022447426981849296,1442.0,1318.0,1682.0,1558.0,1500.0,1500.0,1500.0,1500.0
159.42,-0.030005983247250956,-0.3956830739549938,9.798530639028062,-0.005613486943458023,0.009824205617621802,0.0002736828319887874,7.752538848271936,2.236423372262087,-0.3995988162160319,0.8278616959851839,-0.5690003936209133,-0.022285700323284096,1442.0,1318.0,1682.0,1558.0,1500.0,1500.0,1500.0,1500.0
159.44,0.0020663601822352162,-0.14939963892506136,9.797039559546176,-0.006566361388237181,0.009959371887292226,0.00027070571518885724,7.769044018789252,2.224974781335703,-0.399592803888188,0.8232607254245682,-0.5748717772398815,-0.022170407166294766,1454.0,1314.0,1686.0,1546.0,1500.0,1500.0,1500.0,1500.0
159.46,0.029135698554134337,-0.14486310949811518,9.795829634994526,-0.005461540304078061,0.009689563931733012,0.00026842837492529114,7.7854707336842965,2.21347861893338,-0.39958817522012097,0.8193310622496197,-0.5772394758605811,-0.02209144974153394,1454.0,1314.0,1686.0,1546.0,1500.0,1500.0,1500.0,1500.0
159.48,0.051995753217869256,-0.03659563705710582,9.795015759838705,-0.0037747527664808663,0.009126425904351455,0.0002667001611850274,7.801830324385831,2.201971599314119,-0.39958550964830364,0.8159729825109243,-0.5777733538989929,-0.02203027207312746,1446.0,1322.0,1678.0,1554.0,1500.0,1500.0,1500.0,1500.0
159.5,0.07139357160090536,-0.04297099399638508,9.794671620361258,-0.002003157431113341,0.00837699703823695,0.0002653980792197279,7.81813244941537,2.190485266021132,-0.39958522241649475,0.8131021085055654,-0.5767320658219944,-0.021975418393436946,1442.0,1326.0,1674.0,1558.0,1500.0,1500.0,1500.0,1500.0
159.52,0.08784168316971662,0.15548738486059382,9.794833400330747,0.0010714105846881547,0.007523668465015465,0.0002644188946929024,7.834385337438827,2.1790508412731677,-0.399587575364901,0.8106470136838301,-0.5741316839112697,-0.021916709224476905,1442.0,1326.0,1674.0,1558.0,1500.0,1500.0,1500.0,1500.0
159.54,0.08784168316971662,0.15548738486059382,9.794833400330747,0.0010714105846881547,0.007523668465015465,0.0002644188946929024,7.850595961400373,2.1677126806903404,-0.39959278091986966,0.808547054919895,-0.569315810538807,-0.02183518504183,1434.0,1334.0,1666.0,1566.0,1500.0,1500.0,1500.0,1500.0
159.56,0.10191567757606054,0.023587655125117332,9.795538037913765,0.003334216067154913,0.006640024793147764,0.0002636902497015015,7.866770528379798,2.156431333719114,-0.3996000377622437,0.8067515147534035,-0.5664745602629949,-0.021730507161004664,1438.0,1330.0,1670.0,1562.0,1500.0,1500.0,1500.0,1500.0
159.58,0.017871064205184112,0.00282505190131363,9.798071587632663,0.00461696679853439,0.0053355597180426845,0.0002620201548704951,7.882911678483549,2.1451926744870877,-0.3996087017009578,0.8050859727648556,-0.564340616815613,-0.0216079322114676,1442.0,1334.0,1666.0,1558.0,1500.0,1500.0,1500.0,1500.0
159.6,0.04154768615372409,-0.005813186197055842,9.799716792171806,0.004730831198471861,0.005628633749619904,0.0002597467361701005,7.898994126780927,2.133992420546896,-0.3996186546459737,0.8021557493807159,-0.5624171355104208,-0.021457988641583776,1442.0,1334.0,1666.0,1558.0,1500.0,1500.0,1500.0,1500.0
159.62,0.04154768615372409,-0.005813186197055842,9.799716792171806,0.004730831198471861,0.005628633749619904,0.0002597467361701005,7.9150137431528025,2.1228224315204165,-0.3996292413973173,0.7990185135735842,-0.5609002865617004,-0.021271340209021224,1450.0,1334.0,1666.0,1550.0,1500.0,1500.0,1500.0,1500.0
159.64,-0.04311016550876712,-0.11992472852845948,9.801470317076904,0.004159588333516864,0.006190585122793498,0.00025709645748069846,7.930948782121895,2.1116481624383567,-0.3996398585004335,0.7947895039368458,-0.5611071968307384,-0.021048195558212572,1450.0,1334.0,1666.0,1550.0,1500.0,1500.0,1500.0,1500.0
159.66,0.014982522659444691,-0.01061270964261804,9.804783911459706,0.0027275296257002163,0.007466914588645486,0.00025139574106317205,7.946805341484281,2.1004759701332665,-0.3996497643211916,0.7908673895689426,-0.5609970066071048,-0.020790904562068797,1450.0,1334.0,1666.0,1550.0,1500.0,1500.0,1500.0,1500.0
159.68,0.03752245182636832,-0.018052454792493164,9.806092098744044,0.002716773266170554,0.007502683134169229,0.0002495036314929781,7.962594384427662,2.0893343146563086,-0.39965839777674494,0.7874985927356386,-0.5594656118969575,-0.0205009081744982,1446.0,1338.0,1662.0,1554.0,1500.0,1500.0,1500.0,1500.0
159.7,0.05665846614142983,-0.02470724597413536,9.807008559964396,0.002617345607656269,0.007254479080250181,0.00024805482149150475,7.978325382833558,2.0782214069177165,-0.39966505975890276,0.7846036455579137,-0.5580253475007674,-0.02018688296928628,1446.0,1338.0,1662.0,1554.0,1500.0,1500.0,1500.0,1500.0
159.72,0.07294445284826226,-0.030672879502740003,9.807442144211445,0.0024550594858395503,0.006803803061030984,0.0002469436331673298,7.9940064624368645,2.067134432728724,-0.3996692295426354,0.7821147939274178,-0.5567271539867422,-0.01986200504319796,1446.0,1338.0,1662.0,1554.0,1500.0,1500.0,1500.0,1500.0
159.74,-0.10512089388489551,-0.23636615201898262,9.807389529072568,0.00020217597997284053,0.00852080058267725,0.0002418647765538096,8.009598620448749,2.056023880948312,-0.3996710273085019,0.7776679985551158,-0.5578980108088593,-0.01953650397895023,1446.0,1338.0,1662.0,1554.0,1500.0,1500.0,1500.0,1500.0
159.76,-0.31060463646523484,-0.3308309148438442,9.80689396458778,-0.001720340477328547,0.010074110127918787,0.0002369085847554082,8.025075448394075,2.0448535871973252,-0.3996706455966585,0.7718954304334402,-0.5608719863768321,-0.019215039779438864,1462.0,1338.0,1662.0,1538.0,1500.0,1500.0,1500.0,1500.0
159.78,-0.24624257082546375,-0.307693996048193,9.806093390321623,-0.003863639711100143,0.012823865990361154,0.000229386823523299,8.040388403288391,2.033600026618399,-0.39966894744537335,0.7636921719699451,-0.5650133591552998,-0.018899894680326473,1462.0,1338.0,1662.0,1538.0,1500.0,1500.0,1500.0,1500.0
159.8,-0.29692343203424976,-0.2870888082455568,9.80508094423909,-0.005305432203405017,0.014863003769072564,0.0002226821690701653,8.055530604611436,2.022259894113726,-0.3996663269907355,0.7551449247957736,-0.5693178194094681,-0.018588768967866164,1475.0,1343.0,1657.0,1525.0,1500.0,1500.0,1500.0,1500.0
159.82,-0.2372148708267799,-0.2686642887830042,9.803978080496039,-0.006155195932929323,0.016409981144314904,0.00021631813329731008,8.070494193945652,2.0108416972109593,-0.3996633678019551,0.7462063552024931,-0.5731947851984551,-0.018286588645176075,1479.0,1347.0,1653.0,1521.0,1500.0,1500.0,1500.0,1500.0
159.84,-0.3967244752974447,-0.3585075589847232,9.802844384662384,-0.006994807302486561,0.01790714626691971,0.00020960139569321635,8.085288515329603,1.9993488735482303,-0.3996603326997568,0.7377356897778483,-0.5769007713555742,-0.017997972019659476,1479.0,1347.0,1653.0,1521.0,1500.0,1500.0,1500.0,1500.0
159.86,-0.3967244752974447,-0.3585075589847232,9.802844384662384,-0.006994807302486561,0.01790714626691971,0.00020960139569321635,8.099874161461527,1.9877573113715379,-0.3996580551463043,0.7272908051882961,-0.5818053473694514,-0.01772298337955929,1491.0,1351.0,1649.0,1509.0,1500.0,1500.0,1500.0,1500.0
159.88,-0.26738158135244566,-0.31036798925350134,9.801037632040364,-0.008286667093825167,0.01999458219671954,0.00019619496704981995,8.114266600914572,1.9760709538046697,-0.39965663575950916,0.7176202371018653,-0.5865146861064936,-0.01746114947267919,1491.0,1351.0,1649.0,1509.0,1500.0,1500.0,1500.0,1500.0
159.9,-0.26738158135244566,-0.31036798925350134,9.801037632040364,-0.008286667093825167,0.01999458219671954,0.00019619496704981995,8.128490806879869,1.9642995300092112,-0.39965600889179587,0.7091998235162846,-0.5907412664483276,-0.017219261357351204,1491.0,1351.0,1649.0,1509.0,1500.0,1500.0,1500.0,1500.0
159.92,-0.21664388236008134,-0.289956574360083,9.800419147196607,-0.008254417983050492,0.019524778408417286,0.00019173185971050312,8.142568326549652,1.9524518406265443,-0.3996560992330935,0.7018578498841503,-0.5945311544130314,-0.017000758320710057,1491.0,1351.0,1649.0,1509.0,1500.0,1500.0,1500.0,1500.0
159.94,-0.1355711122254222,-0.25516063760643143,9.799737975952178,-0.007389673386796425,0.016924413533780797,0.00018574763792314906,8.156517804448269,1.9405358346959645,-0.3996568132192091,0.6954488864673237,-0.5979266058965467,-0.01680624646946813,1491.0,1351.0,1649.0,1509.0,1500.0,1500.0,1500.0,1500.0
159.96,-0.1030882193314055,-0.24035196850646787,9.799639004289567,-0.0067323530389617435,0.015207951330205197,0.00018379958428668501,8.170355411580546,1.9285586818148932,-0.3996580353826285,0.6898490521371891,-0.6009662979717894,-0.016634418402238862,1491.0,1351.0,1649.0,1509.0,1500.0,1500.0,1500.0,1500.0
159.98,-0.3210099624460966,-0.363849820262517,9.799654835662126,-0.006222030339835787,0.013784396020423764,0.00018181089122374245,8.184094218108346,1.9165262892607235,-0.3996596378490946,0.6849030777889796,-0.6037129165427134,-0.016482823443465675,1491.0,1351.0,1649.0,1509.0,1500.0,1500.0,1500.0,1500.0
160.0,-0.2671685862337648,-0.33794326365360666,9.799829642252217,-0.006710724162225478,0.01445638295225082,0.00017606599534912413,8.197687175605004,1.9044110168331696,-0.39966196663936887,0.6775998293489663,-0.6078340181255221,-0.016342941270286702,1491.0,1351.0,1649.0,1509.0,1500.0,1500.0,1500.0,1500.0
160.02,-0.22045751378746636,-0.314459483556483,9.800159626694535,-0.006873389204628328,0.01445751398151116,0.0001716610954410886,8.21111973466123,1.8922032210626325,-0.39966501330343024,0.6695677323657534,-0.6124347932977319,-0.016201895501834353,1505.0,1355.0,1645.0,1495.0,1500.0,1500.0,1500.0,1500.0
160.04,-0.18009939668590932,-0.29347686194818967,9.800582644908678,-0.006779431356196139,0.013956389567284804,0.0001682913450358691,8.224411443283971,1.8799127989892896,-0.3996684294115463,0.6625147496408106,-0.6165438397918667,-0.01605965563910252,1505.0,1355.0,1645.0,1495.0,1500.0,1500.0,1500.0,1500.0
160.06,-0.1450922033012364,-0.2747276853760652,9.801033727619696,-0.0064941160195781085,0.013104999291340829,0.0001657209341288882,8.237579322472902,1.8675486494155082,-0.3996718695005937,0.6563142118961215,-0.620210779997155,-0.01591748651791165,1505.0,1355.0,1645.0,1495.0,1500.0,1500.0,1500.0,1500.0
160.08,-0.11461641822142457,-0.2579718654995373,9.801449965056538,-0.006075735657302494,0.012032618496012917,0.0001637664951755952,8.250638228831013,1.8551187629889048,-0.3996750111477943,0.6508576329558184,-0.6234807496296442,-0.01577659363755457,1505.0,1355.0,1645.0,1495.0,1500.0,1500.0,1500.0,1500.0
160.1,-0.28433415124676875,-0.441078045465791,9.801772949756668,-0.0076423191510643015,0.013126371940160378,0.000158041500923114,8.2635548412344,1.8425835019704613,-0.3996776507155071,0.6437286194483536,-0.628727328455728,-0.01563784120836271,1521.0,1355.0,1645.0,1479.0,1500.0,1500.0,1500.0,1500.0
160.12,-0.23921369887322957,-0.4064823325371669,9.80198522297644,-0.008572076637541467,0.013446480752298855,0.00015363059864586452,8.27630952396543,1.8299175385632056,-0.3996795866161039,0.6356140965155674,-0.6352368118683713,-0.015502460676967159,1521.0,1355.0,1645.0,1479.0,1500.0,1500.0,1500.0,1500.0
160.14,-0.2996684159386324,-0.375729251961335,9.802065246484412,-0.008999001254174481,0.01424054316660353,0.00014831174134892497,8.288901998575101,1.8171352074709506,-0.3996808488795933,0.6274880847130919,-0.6410291979873609,-0.015371740409075713,1525.0,1359.0,1641.0,1475.0,1500.0,1500.0,1500.0,1500.0
160.16,-0.25471594994939983,-0.34836222256251276,9.802040267195775,-0.009020867137629208,0.014394152981072156,0.00014404416669576295,8.301328464492741,1.8042493646380682,-0.3996815480756427,0.6191742527480049,-0.6461779810378218,-0.015240326364361265,1525.0,1359.0,1641.0,1475.0,1500.0,1500.0,1500.0,1500.0
160.18,-0.21555801355353485,-0.32403127255064057,9.80188884322678,-0.008738810050581735,0.013978951615778806,0.0001407820612794466,8.313607774539916,1.791271608553734,-0.39968155003284417,0.611804959152204,-0.6507498380876844,-0.015111693257536534,1525.0,1359.0,1641.0,1475.0,1500.0,1500.0,1500.0,1500.0
160.2,-0.18129983681318534,-0.30240065620303924,9.801603875173424,-0.008240645823031231,0.013169113428013971,0.00013829880201020805,8.325756484371201,1.7782123144047277,-0.39968079876891444,0.6052649366150445,-0.6548056339956312,-0.014990904440271138,1525.0,1359.0,1641.0,1475.0,1500.0,1500.0,1500.0,1500.0
160.22,-0.15120983852517633,-0.28317061653762926,9.801191154303996,-0.007601754292352143,0.012110527054917988,0.00013641676434681248,8.337789168137261,1.7650807484783915,-0.3996793149555559,0.5994547803431007,-0.6584005287360184,-0.014881963695773298,1525.0,1359.0,1641.0,1475.0,1500.0,1500.0,1500.0,1500.0
160.24,-0.12468739711052905,-0.26607468733697104,9.800668836953742,-0.006884251714256603,0.010919999986147507,0.00013499649284298538,8.34971868241786,1.7518851745263302,-0.39967718929484924,0.5942883515892016,-0.6615843808486963,-0.014787893696380918,1525.0,1359.0,1641.0,1475.0,1500.0,1500.0,1500.0,1500.0
160.26,-0.10123701886643842,-0.2508766375742281,9.800065829352945,-0.006137266217366126,0.009687019022653062,0.00013392876335814927,8.361556388647317,1.738632952115309,-0.3996745713049551,0.5896906919978651,-0.6644021508002631,-0.014710766270063225,1525.0,1359.0,1641.0,1475.0,1500.0,1500.0,1500.0,1500.0
160.28,-0.08044764989418854,-0.23736731443529252,9.79941923523586,-0.005397927324558891,0.008476877780033802,0.0001331285008515367,8.37331234200231,1.72533062717838,-0.39967165432363627,0.5855963370356447,-0.666894293947019,-0.014651705169739532,1525.0,1359.0,1641.0,1475.0,1500.0,1500.0,1500.0,1500.0
160.3,-0.06195515179526777,-0.33373527620964716,9.798769096507137,-0.00492824801309605,0.007337229003898447,0.0001325305252195748,8.384995457399901,1.711982704437313,-0.39966864086022397,0.5819479582049967,-0.6691626739296157,-0.014610950398480519,1525.0,1359.0,1641.0,1475.0,1500.0,1500.0,1500.0,1500.0
160.32,-0.06195515179526777,-0.33373527620964716,9.798769096507137,-0.00492824801309605,0.007337229003898447,0.0001325305252195748,8.39661373547149,1.6985655375859663,-0.39966538660248274,0.5786954671752875,-0.6726146781624627,-0.01459303604828086,1525.0,1359.0,1641.0,1475.0,1500.0,1500.0,1500.0,1500.0
160.34,-0.04551614051586965,-0.31070058991680305,9.798109983720645,-0.005242943639059741,0.006289057491042999,0.00013207885602457733,8.408174220482204,1.6850759102297752,-0.3996620247637141,0.575794260967361,-0.6762284127606231,-0.014604134459715631,1529.0,1355.0,1645.0,1471.0,1500.0,1500.0,1500.0,1500.0
160.36,-0.03086247066071557,-0.2903902472451394,9.797461539137712,-0.005347952107023513,0.005351700113944163,0.00013173609797247014,8.419683135390246,1.6715222876675122,-0.39965884397705165,0.5732051372124556,-0.6794196549697633,-0.014640542253975986,1529.0,1355.0,1645.0,1471.0,1500.0,1500.0,1500.0,1500.0
160.38,-0.017785332713732685,-0.2724870285201356,9.796873569871071,-0.005280235609176602,0.0045301446943605455,0.00013147786080908145,8.431146014387162,1.6579121807846542,-0.3996561045245434,0.5708935575450405,-0.682236079967306,-0.014697147546731367,1529.0,1355.0,1645.0,1471.0,1500.0,1500.0,1500.0,1500.0
160.4,0.0043337767015256545,-0.24279675159878228,9.796050271252643,-0.00477646610560931,0.003221709020260588,0.00013114064186064547,8.442567782358468,1.6442522473647023,-0.39965402084652035,0.5688289787116022,-0.6847203119039571,-0.014768524338165301,1529.0,1355.0,1645.0,1471.0,1500.0,1500.0,1500.0,1500.0
160.42,0.0136670874282344,-0.2305329923380347,9.795877008728986,-0.004408877353289494,0.0027184340574232272,0.0001310339152006132,8.453952824561133,1.6305483837926054,-0.3996527474777808,0.5669843593266222,-0.6869104016027293,-0.014849133001193563,1529.0,1355.0,1645.0,1471.0,1500.0,1500.0,1500.0,1500.0
160.44,0.0136670874282344,-0.2305329923380347,9.795877008728986,-0.004408877353289494,0.0027184340574232272,0.0001310339152006132,8.465305112037056,1.6167867085413894,-0.3996521107789982,0.5653359498117877,-0.6897952720396129,-0.014936144075707869,1529.0,1355.0,1645.0,1471.0,1500.0,1500.0,1500.0,1500.0
160.46,0.02203292066752424,-0.3190091186210357,9.795851405762741,-0.004946693767747113,0.002302962331447632,0.00013095549152922415,8.476628193784267,1.6029517094811352,-0.39965186184273827,0.5638624385518713,-0.693456250046881,-0.015034197414372374,1533.0,1351.0,1649.0,1467.0,1500.0,1500.0,1500.0,1500.0
160.48,0.029495014921911367,-0.2979454226294823,9.795927059969918,-0.0053033465137952065,0.001959089467304061,0.0001308957523411552,8.487925159799897,1.589052129699884,-0.399652043411406,0.562544714749266,-0.6966804476319044,-0.015139191228956937,1533.0,1351.0,1649.0,1467.0,1500.0,1500.0,1500.0,1500.0
160.5,0.04213716409875117,-0.26325418360902664,9.796365817517858,-0.005325743283148618,0.0014492768766071486,0.00013081803239199552,8.499198766969341,1.5750957053886796,-0.3996526499961029,0.5613660027074157,-0.6995182589972808,-0.015245057177684646,1533.0,1351.0,1649.0,1467.0,1500.0,1500.0,1500.0,1500.0
160.52,0.04747453568668119,-0.24902251032382808,9.79670384436235,-0.005088901152602878,0.0012628966094686545,0.0001307939077979694,8.510451476003,1.56108927574819,-0.3996536330534769,0.5603113852839984,-0.7020145734836805,-0.015346705910994626,1533.0,1351.0,1649.0,1467.0,1500.0,1500.0,1500.0,1500.0
160.54,0.05224715238916282,-0.2365233884282168,9.79709385627929,-0.004746813761768808,0.0011105806295817543,0.00013077641248375178,8.521685484165712,1.547038882001818,-0.3996549087032391,0.5593675910290258,-0.7042093174713846,-0.015440148077765564,1533.0,1351.0,1649.0,1467.0,1500.0,1500.0,1500.0,1500.0
160.56,-0.05073306658131181,-0.33248581369102337,9.797507926137103,-0.0046847123498239135,0.0013727108771451086,0.0001300705702533401,8.532900152281089,1.5329472376128603,-0.3996563554379054,0.5583922932403287,-0.706268474191178,-0.015522562819803262,1533.0,1351.0,1649.0,1467.0,1500.0,1500.0,1500.0,1500.0
160.58,-0.03616634263532058,-0.3100340735198316,9.797900016242926,-0.005185114830906871,0.002276830659569527,0.00012810742511666683,8.54406694187579,1.5187888199751896,-0.3996577132930513,0.5559862063472872,-0.7095992824505998,-0.015593272290798677,1541.0,1351.0,1649.0,1459.0,1500.0,1500.0,1500.0,1500.0
160.6,-0.023322273320523446,-0.2904060273693826,9.798240291786577,-0.005410382058883712,0.002856468643466987,0.00012660106814151243,8.55518229196666,1.5045633449329012,-0.39965884623039344,0.5534023685495482,-0.7129436583639276,-0.015653457748471263,1541.0,1351.0,1649.0,1459.0,1500.0,1500.0,1500.0,1500.0
160.62,-0.023322273320523446,-0.2904060273693826,9.798240291786577,-0.005410382058883712,0.002856468643466987,0.00012660106814151243,8.566251465329138,1.490279006884206,-0.399659675136151,0.5510832216907261,-0.7158791442864116,-0.01570401142646724,1541.0,1351.0,1649.0,1459.0,1500.0,1500.0,1500.0,1500.0
160.64,-0.0018794497340465788,-0.2582332890414094,9.798703747172503,-0.005236742287569275,0.003277083086460448,0.00012456109280647052,8.57727917448004,1.4759430298453122,-0.39966014180177395,0.5490010013689115,-0.7184542292027707,-0.01574605578610213,1541.0,1351.0,1649.0,1459.0,1500.0,1500.0,1500.0,1500.0
160.66,0.007092857731698418,-0.24509667302313365,9.79880810958028,-0.004936104726138385,0.003229220203783382,0.00012388474210490188,8.588269643412582,1.461561777163039,-0.39966021470749874,0.5471310630331253,-0.7207119055198461,-0.01578097181962583,1541.0,1351.0,1649.0,1459.0,1500.0,1500.0,1500.0,1500.0
160.68,0.015099816540852767,-0.23359329451728117,9.798824935792338,-0.0045510833818133345,0.00307319942998244,0.00012336879813218974,8.59922666106024,1.4471408496232303,-0.39965989227099735,0.5454514666059261,-0.7226902505876499,-0.015810326382467224,1541.0,1351.0,1649.0,1459.0,1500.0,1500.0,1500.0,1500.0
160.7,0.02228927865334679,-0.3588493622556205,9.798757623734787,-0.004410750514516854,0.0028497592565696972,0.00012297665936118155,8.610153633544009,1.4326835352667304,-0.39965917889132796,0.5439426549300552,-0.7245048516076029,-0.01583585612739549,1546.0,1346.0,1654.0,1454.0,1500.0,1500.0,1500.0,1500.0
160.72,0.028706368207992133,-0.33342073361453384,9.798546885012101,-0.005175927303581235,0.0025837550219017054,0.00012267722088353693,8.621053734602398,1.4181582940417736,-0.3996575983295217,0.5425874732772006,-0.7278971001054663,-0.015866344428612938,1546.0,1346.0,1654.0,1454.0,1500.0,1500.0,1500.0,1500.0
160.74,0.034467784958299066,-0.3112778785197968,9.79818060186447,-0.005610505359019433,0.002302179245128774,0.00012244753433331043,8.631929737094735,1.4035595835385193,-0.39965512103453116,0.5413699337456678,-0.7315666765742816,-0.015913959596432277,1546.0,1346.0,1654.0,1454.0,1500.0,1500.0,1500.0,1500.0
160.76,0.039647914445417015,-0.29199859108358917,9.79770172503477,-0.005766463051900704,0.0020220564309845583,0.00012227240411174432,8.642784084174263,1.3888965855389597,-0.39965200028140674,0.5402758427694455,-0.7347772681348654,-0.015978300480464096,1546.0,1346.0,1654.0,1454.0,1500.0,1500.0,1500.0,1500.0
160.78,0.04431062784016618,-0.27520978294413,9.797160036993457,-0.005699203451844448,0.0017552441174891076,0.00012213967632941506,8.653618970751218,1.374177369091436,-0.39964851905416987,0.5392925956927264,-0.7375845272656991,-0.016057429741030062,1546.0,1346.0,1654.0,1454.0,1500.0,1500.0,1500.0,1500.0
160.8,0.04851112394078841,-0.26058423925555485,9.796608670321051,-0.005462633955656416,0.0015093846326110114,0.00012203962986394124,8.664436368857045,1.359409019293706,-0.3996449720060713,0.5384088885563181,-0.740037668537607,-0.016149069781872305,1546.0,1346.0,1654.0,1454.0,1500.0,1500.0,1500.0,1500.0
160.82,0.0522974238399301,-0.2478366228510459,9.796100197273406,-0.005106002826514812,0.0012888011241403792,0.00012196453769198538,8.675238050343406,1.3445977521902048,-0.3996416458721962,0.5376145819101097,-0.7421801648497532,-0.01625058244633345,1546.0,1346.0,1654.0,1454.0,1500.0,1500.0,1500.0,1500.0
160.84,0.0522974238399301,-0.2478366228510459,9.796100197273406,-0.005106002826514812,0.0012888011241403792,0.00012196453769198538,8.686025607227975,1.3297490170855635,-0.399638799979881,0.5369005800143901,-0.7440503781066012,-0.016358965594880835,1546.0,1346.0,1654.0,1454.0,1500.0,1500.0,1500.0,1500.0
160.86,0.05879061976693209,-0.22701728923882286,9.79539592224531,-0.004196561910112444,0.0009288348253034541,0.00012186626221241702,8.696800469950258,1.3148675875145421,-0.3996366484921815,0.5362587229515742,-0.7456821269556755,-0.01647088910724647,1546.0,1346.0,1654.0,1454.0,1500.0,1500.0,1500.0,1500.0
160.88,0.06156736912304265,-0.21854554183502597,9.795268613669583,-0.003707721099893852,0.0007881052974189813,0.00012183474413926873,8.707563923763171,1.2999576420223828,-0.3996353458688195,0.5356816897816713,-0.7471051956806947,-0.016582780980616076,1546.0,1346.0,1654.0,1454.0,1500.0,1500.0,1500.0,1500.0
160.9,0.0640710326266831,-0.21114367118078284,9.795316018948297,-0.0032271894816860466,0.0006709689147528961,0.00012181103626895963,8.71831712345696,1.285022835813324,-0.3996349767541474,0.5351629113446466,-0.748345789080564,-0.016690963441645133,1546.0,1346.0,1654.0,1454.0,1500.0,1500.0,1500.0,1500.0
160.92,0.0640710326266831,-0.21114367118078284,9.795316018948297,-0.0032271894816860466,0.0006709689147528961,0.00012181103626895963,8.72906110658878,1.27006636422747,-0.3996355511284191,0.5346964916550258,-0.7494269384114552,-0.016791830089715493,1546.0,1346.0,1654.0,1454.0,1500.0,1500.0,1500.0,1500.0
160.94,0.06632772740218087,-0.20467320828082794,9.795539001368365,-0.002770546691983095,0.0005748065562835895,0.00012179310053557282,8.73979680537226,1.2550910189125766,-0.39963700512004646,0.5342771370795323,-0.7503688633991203,-0.01688204851418291,1546.0,1346.0,1654.0,1454.0,1500.0,1500.0,1500.0,1500.0
160.96,-0.031778901898564915,-0.4933354558010751,9.796370151653022,-0.004529189048908785,0.0013715756899266532,0.00012003761973507976,8.750509806653275,1.2400532741895143,-0.3996386074706158,0.5331302870778649,-0.7534850708238999,-0.01696341133916634,1546.0,1346.0,1654.0,1454.0,1500.0,1500.0,1500.0,1500.0
160.98,-0.02043605813788721,-0.45125733293399745,9.796692721917875,-0.006640701810024939,0.0021457627963932815,0.00011832017117081208,8.761176557998228,1.2248842831235367,-0.3996392819168189,0.5307951992907193,-0.760039577895443,-0.01705821320114955,1562.0,1338.0,1662.0,1438.0,1500.0,1500.0,1500.0,1500.0
161.0,-0.01038666875992926,-0.41483503305134406,9.796886019680656,-0.008045137056153331,0.0026187896273376942,0.00011699839401080865,8.771801200607293,1.209599803921462,-0.39963910044702045,0.528670002183097,-0.7658061398500176,-0.017170394266460755,1562.0,1338.0,1662.0,1438.0,1500.0,1500.0,1500.0,1500.0
161.02,-0.0014505914938719167,-0.38333217114213036,9.79695785419062,-0.008836329178022339,0.002852173910671466,0.0001159809275721191,8.782387856384048,1.1942148250025706,-0.399638172272881,0.5267534888621338,-0.7708234425551149,-0.017295273032517926,1562.0,1338.0,1662.0,1438.0,1500.0,1500.0,1500.0,1500.0
161.04,-0.0014505914938719167,-0.38333217114213036,9.79695785419062,-0.008836329178022339,0.002852173910671466,0.0001159809275721191,8.792940238731909,1.1787424691106483,-0.3996366290199104,0.5250248375139698,-0.7751848791789872,-0.01742853437780777,1562.0,1338.0,1662.0,1438.0,1500.0,1500.0,1500.0,1500.0
161.06,0.013661953372223465,-0.3325353999699686,9.796797793992168,-0.009009828670981697,0.0028232892611955852,0.00011460088716846599,8.80346169554767,1.1631942104944466,-0.3996346236185557,0.523465430686185,-0.7789729589174519,-0.017566457887192855,1562.0,1338.0,1662.0,1438.0,1500.0,1500.0,1500.0,1500.0
161.08,0.020070964738160474,-0.3121565174746329,9.796610611312552,-0.008603376291958804,0.002654679510759565,0.00011414497192202083,8.813955246724275,1.1475800697522163,-0.3996323257062375,0.5220585765921906,-0.7822604248530725,-0.017705968235515117,1562.0,1338.0,1662.0,1438.0,1500.0,1500.0,1500.0,1500.0
161.1,0.025839196941366306,-0.294516399677625,9.796389198070424,-0.007993395572040877,0.0024323125835177643,0.00011379932254367323,8.824423617134912,1.1319087879345933,-0.39962991415597243,0.5207892786022096,-0.7851112943022123,-0.017844569926329053,1562.0,1338.0,1662.0,1438.0,1500.0,1500.0,1500.0,1500.0
161.12,0.031041269351054557,-0.27923626295342774,9.796164250715258,-0.00725737612777163,0.0021832152402523337,0.00011353850913915332,8.83486926585365,1.1161879816172853,-0.39962756756818735,0.5196440422780313,-0.787581814681988,-0.01798022204589622,1562.0,1338.0,1662.0,1438.0,1500.0,1500.0,1500.0,1500.0
161.14,0.035740257836450164,-0.2659904732880962,9.795965973339353,-0.006458466129779301,0.0019275181148389932,0.00011334248678359771,8.845294412200015,1.1004242806621902,-0.3996254537092659,0.5186107117050659,-0.789721333641026,-0.018111197390086983,1562.0,1338.0,1662.0,1438.0,1500.0,1500.0,1500.0,1500.0
161.16,0.035740257836450164,-0.2659904732880962,9.795965973339353,-0.006458466129779301,0.0019275181148389932,0.00011334248678359771,8.85570105906691,1.0846234503280598,-0.3996237189436422,0.5176783288289821,-0.7915730856617013,-0.018235958027885947,1562.0,1338.0,1662.0,1438.0,1500.0,1500.0,1500.0,1500.0
161.18,0.043836153322546215,-0.24452498188184146,9.795753706243874,-0.0048564370357996375,0.0014483639458063118,0.00011308558954791223,8.86609101389452,1.0687904992981982,-0.3996224786817534,0.5168370110408248,-0.7931748993820443,-0.01835306746687617,1562.0,1338.0,1662.0,1438.0,1500.0,1500.0,1500.0,1500.0
161.2,0.04731907230235388,-0.23586125026278093,9.795777412625641,-0.004115513973019569,0.0012397665235821004,0.00011300323829600026,8.876465907580453,1.0529297750808568,-0.3996218097569069,0.5160778434555497,-0.7945598310199167,-0.018461148929921935,1562.0,1338.0,1662.0,1438.0,1500.0,1500.0,1500.0,1500.0
161.22,0.05047352540617145,-0.22833301195333316,9.795900159525987,-0.0034394965255946314,0.0010561995183367332,0.00011294145262267089,8.886827211562203,1.037045048119157,-0.3996217454604674,0.5153927832398174,-0.795756729827011,-0.018558890329057463,1562.0,1338.0,1662.0,1438.0,1500.0,1500.0,1500.0,1500.0
161.24,0.053330328788581974,-0.22178955433117278,9.796120647756732,-0.0028372415490543986,0.0008980449895815944,0.00011289493860451515,8.897176253267732,1.0211395858285242,-0.3996222737233649,0.514774574030177,-0.796790741653848,-0.018645089585781045,1562.0,1338.0,1662.0,1438.0,1500.0,1500.0,1500.0,1500.0
161.26,0.0559169230253899,-0.21610123157965852,9.796429098407101,-0.002311830903502512,0.0007641854028474606,0.00011285976149935569,8.907514230099688,1.00521621766504,-0.39962333865409494,0.5142166689907273,-0.797683756597473,-0.01871872909014271,1562.0,1338.0,1662.0,1438.0,1500.0,1500.0,1500.0,1500.0
161.28,0.0559169230253899,-0.21610123157965852,9.796429098407101,-0.002311830903502512,0.0007641854028474606,0.00011285976149935569,8.917842222095913,0.9892773922204324,-0.39962484535305187,0.5137131614281769,-0.7984548064157405,-0.01877906528250268,1562.0,1338.0,1662.0,1438.0,1500.0,1500.0,1500.0,1500.0
161.3,0.05825793706270793,-0.2111562531329336,9.796808110195458,-0.0018620831724382428,0.0006525408917588474,0.0001128330159523634,8.928161203391236,0.9733252272398784,-0.39962666764463656,0.513258722136718,-0.7991204169970303,-0.018825718450172706,1562.0,1338.0,1662.0,1438.0,1500.0,1500.0,1500.0,1500.0
161.32,0.062290225829552126,-0.20312271217776026,9.797679448667928,-0.0011711008924543316,0.0004851917706426453,0.00011279683852829627,8.938472052591536,0.9573615533679489,-0.3996286581248997,0.5128485428223055,-0.7996949207179223,-0.01885874863392053,1562.0,1338.0,1662.0,1438.0,1500.0,1500.0,1500.0,1500.0
161.34,0.062290225829552126,-0.20312271217776026,9.797679448667928,-0.0011711008924543316,0.0004851917706426453,0.00011279683852829627,8.948775562159732,0.9413879523457325,-0.3996306597328591,0.5124782850670736,-0.8001907330436341,-0.01887870574133367,1562.0,1338.0,1662.0,1438.0,1500.0,1500.0,1500.0,1500.0
161.36,0.06558246381042836,-0.19705989187670148,9.798509980727227,-0.0007133303709438924,0.00037368935221134973,0.0001127752352684984,8.959072446903619,0.9254057903079773,-0.39963251793248017,0.5121440343588335,-0.8006185972549489,-0.018886645213640068,1562.0,1338.0,1662.0,1438.0,1500.0,1500.0,1500.0,1500.0
161.38,0.06699255513939781,-0.1946141419418968,9.798839883164971,-0.0005534417689482282,0.0003324355574582408,0.00011276786642328313,8.969363351647237,0.9094162467622636,-0.3996340925480597,0.5118422587540563,-0.8009878007405307,-0.018884104499982853,1562.0,1338.0,1662.0,1438.0,1500.0,1500.0,1500.0,1500.0
161.4,0.06826475014118585,-0.1924925855085732,9.799082878280458,-0.00043007455698973495,0.00029799311158314906,0.00011276209555157214,8.979648858159901,0.8934203397719543,-0.39963526833043456,0.511569771752572,-0.8013063658863869,-0.018873039762446052,1562.0,1338.0,1662.0,1438.0,1500.0,1500.0,1500.0,1500.0
161.42,0.06943301355912627,-0.2941855798711673,9.799212293210704,-0.0008940752690195559,0.00026961243757237066,0.00011275847324393127,8.989929513581208,0.877412492903643,-0.39963584587978657,0.511323771547459,-0.8019040037614111,-0.018856380520021924,1562.0,1338.0,1662.0,1438.0,1500.0,1500.0,1500.0,1500.0
161.44,0.0704646525139702,-0.2787766346467251,9.79914012626128,-0.0017299307499272886,0.00024318614345507754,0.00011275642146631164,9.000205893833932,0.861363571615103,-0.3996352470814959,0.5111018941325062,-0.8039585426998134,-0.018846223992045892,1566.0,1334.0,1666.0,1434.0,1500.0,1500.0,1500.0,1500.0
161.46,0.0704646525139702,-0.2787766346467251,9.79914012626128,-0.0017299307499272886,0.00024318614345507754,0.00011275642146631164,9.010478423325909,0.8452752500499818,-0.39963353251677475,0.5109014739042699,-0.8059290994011559,-0.01885100188217984,1566.0,1334.0,1666.0,1434.0,1500.0,1500.0,1500.0,1500.0
161.48,0.0722323680441458,-0.25436473655048686,9.79843664090128,-0.002716479906196714,0.00019696017842226382,0.00011275432308477868,9.020747472160807,0.8291528869195998,-0.3996309066483248,0.5107203580583806,-0.807631419953888,-0.018871000581932716,1566.0,1334.0,1666.0,1434.0,1500.0,1500.0,1500.0,1500.0
161.5,0.0722323680441458,-0.25436473655048686,9.79843664090128,-0.002716479906196714,0.00019696017842226382,0.00011275432308477868,9.03101337523137,0.8130011196225454,-0.39962762390306605,0.510556646690001,-0.8091015905258645,-0.018905955225351167,1566.0,1334.0,1666.0,1434.0,1500.0,1500.0,1500.0,1500.0
161.52,0.0736715841227337,-0.23652971564485037,9.797267457030989,-0.002968052965055935,0.00015600654985677788,0.00011275359224546927,9.041276435680603,0.7968239609969816,-0.3996239725203292,0.5104086354078285,-0.8103708639562243,-0.018955163922921854,1566.0,1334.0,1666.0,1434.0,1500.0,1500.0,1500.0,1500.0
161.54,0.07428919654965979,-0.2294902733488054,9.796640622422405,-0.002900374168028381,0.00013730175508009425,0.0001127533955664195,9.051536927999818,0.7806248829648567,-0.39962025519161076,0.5102747964289567,-0.811466317199935,-0.019017403816695398,1566.0,1334.0,1666.0,1434.0,1500.0,1500.0,1500.0,1500.0
161.56,0.07484835710296427,-0.22345636410532702,9.796060101592259,-0.0027461184131585157,0.00012002756559113855,0.00011275319818440401,9.061795100797626,0.7644068888670094,-0.3996167681062778,0.5101537609815229,-0.8124114186398079,-0.019090867766180304,1566.0,1334.0,1666.0,1434.0,1500.0,1500.0,1500.0,1500.0
161.58,0.07535518299001065,-0.21827775494896914,9.795576771442082,-0.00253289305335499,0.00010445714426264788,0.00011275295126702382,9.072051179272592,0.7481725760620422,-0.399613780151226,0.5100443028586039,-0.8132265159092334,-0.019173148011734108,1566.0,1334.0,1666.0,1434.0,1500.0,1500.0,1500.0,1500.0
161.6,0.0758150144705059,-0.21382728298003423,9.795232783030023,-0.0022840047500868195,9.085399480335199e-05,0.00011275262893722642,9.082305367420815,0.7319241901478498,-0.3996115139919832,0.5099453230293094,-0.8139292545304297,-0.019261281670062944,1566.0,1334.0,1666.0,1434.0,1500.0,1500.0,1500.0,1500.0
161.62,0.07623247551893017,-0.2099974081246886,9.795058371388583,-0.002018317457135484,7.9421223074599e-05,0.00011275222342880048,9.0925578500084,0.7156636719699913,-0.3996101305951562,0.509855835281206,-0.8145349369689517,-0.019351861869770823,1566.0,1334.0,1666.0,1434.0,1500.0,1500.0,1500.0,1500.0
161.64,0.07661154524610789,-0.2066971753987941,9.795069631307424,-0.0017504658273680756,7.026499347794157e-05,0.0001127517404220592,9.10280879433707,0.6993926984089542,-0.3996097184554647,0.5097749529072045,-0.8150568308072941,-0.019441208547393653,1566.0,1334.0,1666.0,1434.0,1500.0,1500.0,1500.0,1500.0
161.66,0.07661154524610789,-0.2066971753987941,9.795069631307424,-0.0017504658273680756,7.026499347794157e-05,0.0001127517404220592,9.11305835182957,0.6831127177894336,-0.3996102883925829,0.5097018764962431,-0.8155064337619582,-0.019525585010985995,1566.0,1334.0,1666.0,1434.0,1500.0,1500.0,1500.0,1500.0
161.68,0.07726769010861742,-0.20138937856419883,9.795637589289854,-0.0012483618797884469,5.8605655857921506e-05,0.0001127506060765981,9.123306659459276,0.6668249806281208,-0.39961177431876566,0.5096358828899653,-0.815893702278669,-0.01960144075269872,1566.0,1334.0,1666.0,1434.0,1500.0,1500.0,1500.0,1500.0
161.7,0.07755024740232207,-0.1992611263283778,9.796152152445504,-0.0010265949355915446,5.570514480098188e-05,0.00011274999632320391,9.133553841046137,0.6505305663302771,-0.3996140398874557,0.5095763153793321,-0.8162272494851838,-0.019665657868545388,1566.0,1334.0,1666.0,1434.0,1500.0,1500.0,1500.0,1500.0
161.72,0.07755024740232207,-0.1992611263283778,9.796152152445504,-0.0010265949355915446,5.570514480098188e-05,0.00011274999632320391,9.143770745279562,0.6342303014503478,-0.39961712854266257,0.5080595022784545,-0.8165147936236098,-0.019712312702303336,1571.0,1339.0,1661.0,1429.0,1500.0,1500.0,1500.0,1500.0
161.74,-0.04769071567960556,-0.197443457487722,9.796798305677198,-0.0008298524970185596,0.0014615015662189207,0.00011010926853750584,9.15393705465381,0.6179249160170378,-0.3996209565883042,0.5055274990454396,-0.8167626782138541,-0.019731002873983546,1571.0,1339.0,1661.0,1429.0,1500.0,1500.0,1500.0,1500.0
161.76,-0.025775896406924015,-0.1944556371232629,9.798376731351977,-0.0005075198591479571,0.0029757446049932562,0.00010654752131446863,9.16405751985007,0.6016151200189258,-0.39962519075708197,0.5032336673287785,-0.8169761905460333,-0.01972252240181731,1571.0,1339.0,1661.0,1429.0,1500.0,1500.0,1500.0,1500.0
161.78,-0.01660141799847628,-0.08357726567170586,9.799186895217952,-0.0002612245924861128,0.0032535709597098623,0.000105368069043375,9.174136435279529,0.5853019649692541,-0.3996294885956409,0.5011551023719314,-0.8171381902752033,-0.01969002333123985,1571.0,1339.0,1661.0,1429.0,1500.0,1500.0,1500.0,1500.0
161.8,-0.008344411621459671,-0.09744300087827369,9.799991439807014,0.0008543126952499135,0.003314366428517902,0.00010446757473190577,9.184177598685569,0.569012245938473,-0.39963400050064424,0.49927102588173133,-0.815961308156384,-0.019631829005832022,1571.0,1339.0,1661.0,1429.0,1500.0,1500.0,1500.0,1500.0
161.82,-0.10538179757862817,-0.21115648304613976,9.800759586924293,0.0010284618256099433,0.0039446725393517575,0.0001024488542488193,9.194175467994306,0.5527480467042288,-0.3996384893523631,0.4971103647453788,-0.8146799232771853,-0.01954164887166323,1567.0,1343.0,1657.0,1433.0,1500.0,1500.0,1500.0,1500.0
161.84,-0.10538179757862817,-0.21115648304613976,9.800759586924293,0.0010284618256099433,0.0039446725393517575,0.0001024488542488193,9.204103679390402,0.5364759968095199,-0.39964223649262626,0.49362644655384474,-0.8150631690920196,-0.019428563186125077,1575.0,1343.0,1657.0,1425.0,1500.0,1500.0,1500.0,1500.0
161.86,-0.08937514711226496,-0.20737184742105308,9.801371947415712,0.0007239527177035457,0.004634659333624757,0.00010012835926647634,9.2139542017504,0.5201947991606067,-0.39964504181211624,0.48974116073345353,-0.815509983696427,-0.019301554344194956,1575.0,1343.0,1657.0,1425.0,1500.0,1500.0,1500.0,1500.0
161.88,-0.15679971992825983,-0.2014300246000572,9.802003069012354,0.00020194637366429048,0.006627994610610754,9.370875995171231e-05,9.223705398897472,0.5039056054190718,-0.3996469328394099,0.4847747322688737,-0.8158955242859987,-0.01916134460863589,1579.0,1347.0,1653.0,1421.0,1500.0,1500.0,1500.0,1500.0
161.9,-0.13728148055610534,-0.1991014479316526,9.80201290872503,2.6120209450671407e-06,0.006966104015279146,9.133041570347819e-05,9.23336508622562,0.4876095016426615,-0.3996477836433166,0.4801996253537455,-0.8162280221980899,-0.019013963307456312,1579.0,1347.0,1653.0,1421.0,1500.0,1500.0,1500.0,1500.0
161.92,-0.11977328019371941,-0.197123538216564,9.801812308969636,-0.00015364426859831477,0.006918948581794887,8.950913824365078e-05,9.242941529409777,0.4713074283618967,-0.3996475463654921,0.4760380881084648,-0.816514779794257,-0.018867856342328446,1579.0,1347.0,1653.0,1421.0,1500.0,1500.0,1500.0,1500.0
161.94,-0.10400326417641724,-0.19544314222547315,9.801414636545019,-0.00026950580388210294,0.0066051443030480435,8.811351340803522e-05,9.252442208068109,0.45500019704981204,-0.39964626173412815,0.4722506142454247,-0.8167620626542783,-0.01873003399925459,1579.0,1347.0,1653.0,1421.0,1500.0,1500.0,1500.0,1500.0
161.96,-0.1954553773258208,-0.19403635781449338,9.80085020105616,-0.00035025921163884133,0.006735421818570093,8.591698154634563e-05,9.261867402721867,0.4386884849321053,-0.39964409869659934,0.4684771101135953,-0.8169753083936973,-0.018605659268534795,1579.0,1347.0,1653.0,1421.0,1500.0,1500.0,1500.0,1500.0
161.98,-0.17364043867589332,-0.19282014987384333,9.800192764666228,-0.0003996450977240195,0.007076636707667425,8.324967133732014e-05,9.271192301264984,0.42237278571038694,-0.3996414632303053,0.46346305418890366,-0.817159380744225,-0.018493141531450874,1583.0,1351.0,1649.0,1417.0,1500.0,1500.0,1500.0,1500.0
162.0,-0.15403556292260964,-0.19178642628686415,9.799493863046115,-0.0004238020915497365,0.007044814350106762,8.120847380339647e-05,9.2804216265083,0.40605361906205056,-0.399638586102082,0.45868526976956076,-0.817317970252884,-0.018392693522738347,1583.0,1351.0,1649.0,1417.0,1500.0,1500.0,1500.0,1500.0
162.02,-0.13634617800900145,-0.19090740794299335,9.798801814788654,-0.0004278774168108435,0.006751988905398948,7.96457745716119e-05,9.289563701692183,0.38973144825920614,-0.39963568783950376,0.4543236336814444,-0.8174545104256822,-0.018307828936423874,1583.0,1351.0,1649.0,1417.0,1500.0,1500.0,1500.0,1500.0
162.04,-0.13634617800900145,-0.19090740794299335,9.798801814788654,-0.0004278774168108435,0.006751988905398948,7.96457745716119e-05,9.298610562029406,0.373421881331056,-0.3996333786326004,0.4495661729458633,-0.8168089336070924,-0.018236634811494228,1583.0,1351.0,1649.0,1417.0,1500.0,1500.0,1500.0,1500.0
162.06,-0.3102915254903669,0.0057807148214651105,9.797846464365604,0.0014120841278039496,0.007603533507915901,7.386988725103408e-05,9.30754354775932,0.35714894895964533,-0.39963244946606025,0.443879741431559,-0.8149585014098134,-0.01816106971942579,1583.0,1359.0,1641.0,1417.0,1500.0,1500.0,1500.0,1500.0
162.08,-0.28093568501841154,-0.01980365663494868,9.7978220651242,0.0030356686954522757,0.008568393819456227,6.98312086529438e-05,9.31634494962588,0.3409342267252028,-0.39963353452630473,0.4373115754668584,-0.8120263601407796,-0.01806962355073106,1583.0,1359.0,1641.0,1417.0,1500.0,1500.0,1500.0,1500.0
162.1,-0.28093568501841154,-0.01980365663494868,9.7978220651242,0.0030356686954522757,0.008568393819456227,6.98312086529438e-05,9.325010780132947,0.324784008621127,-0.39963675513181895,0.4305454073307162,-0.8087792868895095,-0.017948618103913985,1583.0,1367.0,1633.0,1417.0,1500.0,1500.0,1500.0,1500.0
162.12,-0.23082594776360296,-0.05988203897895837,9.798842630902696,0.0049053110138173334,0.008819236927048908,6.442412078385367e-05,9.333552200791518,0.3086894890606825,-0.39964170785810654,0.42433607747278934,-0.8059749616690887,-0.017801226195896015,1583.0,1367.0,1633.0,1417.0,1500.0,1500.0,1500.0,1500.0
162.14,-0.20931923793111554,-0.07551999880005718,9.799747200312705,0.0052693664301397755,0.008411071007379402,6.263955901677525e-05,9.34197934604752,0.2926430886336344,-0.39964790026556063,0.41863228976391625,-0.8035518529774018,-0.017631819916017213,1583.0,1367.0,1633.0,1417.0,1500.0,1500.0,1500.0,1500.0
162.16,-0.18977243524042242,-0.08884566153645956,9.800789906444836,0.0053451549044591495,0.007807923131753825,6.127101573583411e-05,9.350301434375647,0.2766382740103015,-0.3996547799647226,0.41338831770134926,-0.8014574459843674,-0.01744396238053141,1583.0,1367.0,1633.0,1417.0,1500.0,1500.0,1500.0,1500.0
162.18,-0.17194821042531813,-0.10022890524357535,9.801864681975578,0.005200772738295879,0.007098674301822949,6.0216275769280106e-05,9.358526864062393,0.26066940710690734,-0.399661769957457,0.4085632325267383,-0.7996467741417495,-0.01724098697254048,1583.0,1367.0,1633.0,1417.0,1500.0,1500.0,1500.0,1500.0
162.2,-0.15565001901153158,-0.1099772147494298,9.80286542746153,0.0048981018121650975,0.006349794066212737,5.939923774274679e-05,9.366663296531987,0.24473161810387115,-0.39966830729955355,0.4041202746297777,-0.7980812219221239,-0.017026475645626298,1583.0,1367.0,1633.0,1417.0,1500.0,1500.0,1500.0,1500.0
162.22,-0.14071377211319405,-0.11834607699727241,9.803694422508958,0.004490628307965963,0.0056086397673115445,5.876334335619059e-05,9.37471772939758,0.22882069800316837,-0.39967388179878777,0.40002633519878594,-0.7967275449133167,-0.0168045806293613,1583.0,1367.0,1633.0,1417.0,1500.0,1500.0,1500.0,1500.0
162.24,-0.12700111740202236,-0.12554786529815698,9.804269984237553,0.004022615819385328,0.004906897619129766,5.826646076225499e-05,9.382696560923224,0.21293300728284034,-0.3996780714551464,0.3962515234668947,-0.7955570641401913,-0.016580164446465512,1583.0,1367.0,1633.0,1417.0,1500.0,1500.0,1500.0,1500.0
162.26,-0.11439408220320359,-0.13175935871926664,9.80453275125082,0.0035292089622537626,0.004263867796794104,5.787701874586204e-05,9.39060564721398,0.19706539789806687,-0.3996805716412749,0.3927688011446843,-0.7945450001427695,-0.016358758460278476,1583.0,1367.0,1633.0,1417.0,1500.0,1500.0,1500.0,1500.0
162.28,-0.10279085312967379,-0.13712804324389943,9.804450104744822,0.0030371306511401126,0.0036894249526522715,5.757115701293052e-05,9.398450353177305,0.1812151464242551,-0.3996812155680197,0.38955367022955906,-0.7936699193197329,-0.016146360258339595,1583.0,1367.0,1633.0,1417.0,1500.0,1500.0,1500.0,1500.0
162.3,-0.10279085312967379,-0.13712804324389943,9.804450104744822,0.0030371306511401126,0.0036894249526522715,5.757115701293052e-05,9.406235598093428,0.16537989656765675,-0.3996799843244808,0.3865839037400784,-0.7929132706294539,-0.015949105080595296,1583.0,1367.0,1633.0,1417.0,1500.0,1500.0,1500.0,1500.0
162.32,-0.08225040677018293,-0.1458108940740368,9.803262867743637,0.002128086590566766,0.002753563326776414,5.7141498967133576e-05,9.413965896477139,0.14955760960704634,-0.39967700565599706,0.3838393113847408,-0.7922589951838835,-0.015772856291589803,1583.0,1367.0,1633.0,1417.0,1500.0,1500.0,1500.0,1500.0
162.34,-0.08225040677018293,-0.1458108940740368,9.803262867743637,0.002128086590566766,0.002753563326776414,5.7141498967133576e-05,9.421645394795254,0.1337465215952545,-0.39967254157255333,0.3813015339870863,-0.7916931948048208,-0.015622764722701443,1583.0,1367.0,1633.0,1417.0,1500.0,1500.0,1500.0,1500.0
162.36,-0.19680245157123036,-0.2545382309342541,9.80099586099286,0.0007229112402761244,0.002976986273179467,5.5209093913439064e-05,9.429266571494816,0.1179360690599008,-0.3996668581689522,0.3783857494021191,-0.7916538475934247,-0.01550320581482197,1583.0,1367.0,1633.0,1417.0,1500.0,1500.0,1500.0,1500.0
162.38,-0.1799757609529212,-0.24376236973503018,9.799581059595745,-0.00045631961530480635,0.0038022861951040386,5.287010571279233e-05,9.436795299518884,0.1020961710493288,-0.3996600813929037,0.37375873932138737,-0.7931122277924028,-0.015420771687092502,1592.0,1368.0,1632.0,1408.0,1500.0,1500.0,1500.0,1500.0
162.4,-0.16467805097332977,-0.23461484989761028,9.79809906739057,-0.0013357210011359479,0.004251627120545306,5.1076767839928585e-05,9.444235195458166,0.08622838434041727,-0.3996527842414956,0.36931295833854644,-0.7944924887110923,-0.01537934117889792,1592.0,1368.0,1632.0,1408.0,1500.0,1500.0,1500.0,1500.0
